Dataset,Method,DiversityWeight,Epochs,LatentDim,Heads,Temperature,NumSelected,AccuracyMean,AccuracyStd,NMIMean,NMIStd
allaml,ICL,0.35,100,512,1,0.03,300,0.7333333333333332,0.005555555555555581,0.16304255826918537,0.0060754439001268765
allaml,ICL,0.3,100,512,1,0.03,100,0.73125,0.006624577787617708,0.1607642668066378,0.007244505127925608
allaml,ICL,0.3,100,512,1,0.03,300,0.73125,0.006624577787617708,0.1607642668066378,0.007244505127925607
allaml,ICL,0.25,100,512,1,0.03,300,0.7298611111111112,0.011176025652382703,0.15946394053962687,0.011801511300427375
allaml,ICL,0.35,100,512,1,0.03,250,0.7298611111111111,0.006909634979907113,0.15406822904627432,0.013279822234434979
allaml,ICL,0.45,100,512,1,0.03,200,0.7291666666666666,0.006944444444444475,0.1527335566937216,0.01334672352552724
allaml,ICL,0.95,100,512,1,0.05,300,0.7284722222222222,0.009291033444624775,0.1509727755192222,0.010907447468341684
allaml,ICL,0.3,100,512,1,0.05,300,0.7277777777777776,0.0068041381743977475,0.15006421198861616,0.013077064950216762
allaml,ICL,0.45,100,512,1,0.03,150,0.7263888888888889,0.011702985796078286,0.1557214217790528,0.012378569508391082
allaml,ICL,0.25,100,512,1,0.05,300,0.7263888888888888,0.006364688465216472,0.1473948672835107,0.01223247416707529
allaml,ICL,0.95,100,512,1,0.05,250,0.7256944444444444,0.010645631747747158,0.14747595310290793,0.01120779618348886
allaml,ICL,0.25,100,512,1,0.03,250,0.7236111111111111,0.02055367859298438,0.15349233501377396,0.020326862339022866
allaml,ICL,0.45,100,512,1,0.03,250,0.7236111111111109,0.004166666666666685,0.14608287092855787,0.00852898225577259
allaml,ICL,0.35,100,512,1,0.03,200,0.7229166666666667,0.021728455343280596,0.14718629454579019,0.01861562456159728
allaml,ICL,0.15,100,512,1,0.02,300,0.7229166666666667,0.016710013077105523,0.14142071272980003,0.02590781603960635
allaml,ICL,0.45,100,512,1,0.03,300,0.7229166666666664,0.003027013155236592,0.14417295671096828,0.007240746619072412
allaml,ICL,0.25,100,512,1,0.03,200,0.7222222222222222,0.02151657414559677,0.15212250489605744,0.021155545599596565
allaml,ICL,0.3,100,512,1,0.03,50,0.7222222222222221,1.1102230246251565e-16,0.15089167046893165,0.0
allaml,ICL,0.25,100,512,1,0.05,200,0.7222222222222221,1.1102230246251565e-16,0.1439887680884893,0.0056361961921090565
allaml,ICL,0.25,100,512,1,0.05,250,0.7222222222222221,1.1102230246251565e-16,0.14283828435841556,0.0052721787788780035
allaml,ICL,0.3,100,512,1,0.03,250,0.7208333333333333,0.007479395565464585,0.14326368368651524,0.008798919962958123
allaml,ICL,0.45,100,512,1,0.03,100,0.7194444444444443,0.010393492741038735,0.14022934621402722,0.01132405829119597
allaml,ICL,1.0,100,512,1,0.05,300,0.7180555555555556,0.006364688465216422,0.13516453516332702,0.006449666737988496
allaml,ICL,0.3,100,512,1,0.03,150,0.7180555555555553,0.009918650595198407,0.1468111207922352,0.009713651155080404
allaml,ICL,0.3,100,512,1,0.05,50,0.7180555555555553,0.006364688465216422,0.12985251377941603,0.005787369472429162
allaml,ICL,0.35,100,512,1,0.03,100,0.7173611111111111,0.016594171035206277,0.1413762397683384,0.01570190477188041
allaml,ICL,0.3,100,512,1,0.05,200,0.717361111111111,0.007948279959902483,0.13066002604053084,0.007213069011840971
allaml,ICL,0.95,100,512,1,0.05,100,0.7166666666666666,0.006804138174397692,0.13375710249503797,0.006894983769264243
allaml,ICL,1.0,100,512,1,0.05,100,0.7166666666666666,0.006804138174397692,0.13375710249503797,0.006894983769264243
allaml,ICL,1.0,100,512,1,0.05,150,0.7166666666666666,0.006804138174397692,0.13375710249503794,0.006894983769264243
allaml,ICL,0.3,100,512,1,0.05,150,0.7166666666666666,0.006804138174397692,0.1269885920871428,0.006754982115831875
allaml,ICL,0.35,100,512,1,0.03,50,0.7145833333333333,0.009291033444624749,0.14323772634422607,0.00921761746847378
allaml,ICL,0.35,100,512,1,0.03,150,0.7145833333333332,0.015512713822006016,0.1372920781606623,0.012563581073939751
allaml,ICL,0.3,100,512,1,0.05,250,0.713888888888889,0.006804138174397692,0.12511628106252334,0.011651857002231366
allaml,ICL,1.0,100,512,1,0.05,250,0.7138888888888889,0.009212846639876102,0.1262212895505933,0.009576754471623867
allaml,ICL,0.95,100,512,1,0.05,200,0.7125000000000001,0.006364688465216421,0.13298625568039177,0.011721845516866499
allaml,ICL,0.25,100,512,1,0.03,150,0.7124999999999998,0.015896559919804983,0.14155475863999165,0.01515759189817007
allaml,ICL,0.3,100,512,1,0.03,200,0.7118055555555555,0.018569086051556855,0.13477537624385177,0.015189720282845797
allaml,ICL,0.15,100,512,1,0.02,200,0.711111111111111,0.005555555555555536,0.13042833928202896,0.010231665593451332
allaml,ICL,0.15,100,512,1,0.02,100,0.7097222222222221,0.011536977587386218,0.13046085465834686,0.00827146000722054
allaml,ICL,0.25,100,512,1,0.05,100,0.7097222222222221,0.009722222222222222,0.12113926397192598,0.010020937904664061
allaml,ICL,0.25,100,512,1,0.05,150,0.7090277777777778,0.003027013155236568,0.12019026672351148,0.006343232676471294
allaml,ICL,0.25,100,512,1,0.03,100,0.7090277777777776,0.013519390509674857,0.1379452246283317,0.013241677546983197
allaml,ICL,0.25,100,512,1,0.03,50,0.7083333333333335,1.1102230246251565e-16,0.13679573425871847,0.0
allaml,ICL,0.15,100,512,1,0.02,250,0.7083333333333335,1.1102230246251565e-16,0.12703499065131557,0.004100332463624988
allaml,ICL,1.0,100,512,1,0.05,50,0.7083333333333335,1.1102230246251565e-16,0.1253125064853033,2.7755575615628914e-17
allaml,ICL,0.95,100,512,1,0.05,150,0.7083333333333335,1.1102230246251565e-16,0.1253125064853033,2.7755575615628914e-17
allaml,ICL,0.3,100,512,1,0.01,250,0.7083333333333335,1.1102230246251565e-16,0.1253125064853033,2.7755575615628914e-17
allaml,ICL,0.35,100,512,1,0.01,250,0.7083333333333335,1.1102230246251565e-16,0.1253125064853033,2.7755575615628914e-17
allaml,ICL,0.3,100,512,1,0.01,300,0.7083333333333335,1.1102230246251565e-16,0.1253125064853033,2.7755575615628914e-17
allaml,ICL,1.0,100,512,1,0.09,200,0.7083333333333335,1.1102230246251565e-16,0.11560257965874263,0.0
allaml,ICL,0.6,100,512,1,0.08,250,0.7083333333333335,1.1102230246251565e-16,0.1122984684398092,0.004046693269896145
allaml,ICL,0.6,100,512,1,0.08,200,0.7083333333333335,0.006211299937499418,0.11076460170311087,0.008698496391254423
allaml,ICL,0.3,100,512,1,0.05,100,0.7083333333333334,0.004392052305789418,0.1195436048623298,0.007356305118123486
allaml,ICL,0.25,100,512,1,0.05,50,0.7083333333333333,0.012422599874998837,0.11608176613900363,0.012105956981489016
allaml,ICL,1.0,100,512,1,0.09,300,0.7083333333333333,0.012422599874998837,0.11608176613900363,0.012105956981489016
allaml,ICL,0.45,100,512,1,0.03,50,0.7069444444444446,0.004166666666666686,0.13548496142860883,0.003932318490328902
allaml,ICL,1.0,100,512,1,0.05,200,0.7069444444444446,0.004166666666666686,0.11627231815944443,0.00990041515934338
allaml,ICL,0.6,100,512,1,0.08,150,0.7069444444444446,0.00605402631047317,0.10941057579706648,0.008356144109643063
allaml,ICL,0.15,100,512,1,0.02,150,0.7055555555555557,0.005555555555555581,0.12558563840120376,0.0081627879258145
allaml,ICL,1.0,100,512,1,0.09,250,0.7041666666666668,0.006364688465216472,0.11172260849165265,0.005926753855812
allaml,ICL,0.35,100,512,1,0.01,300,0.7027777777777778,0.0068041381743977475,0.11294469865710484,0.015147409207942811
allaml,ICL,0.2,100,512,1,0.01,300,0.701388888888889,0.012028130608117209,0.11906410815119328,0.01082254338060727
allaml,ICL,1.0,100,512,1,0.09,150,0.701388888888889,0.006944444444444475,0.10499778328677489,0.010604796371967727
allaml,ICL,0.6,100,512,1,0.08,300,0.7006944444444446,0.014877975892797633,0.10606765794263376,0.011855200604908928
allaml,ICL,0.6,100,512,1,0.08,100,0.7006944444444445,0.006909634979907114,0.09871631043075202,0.012360508137156171
allaml,ICL,0.95,100,512,1,0.05,50,0.6965277777777779,0.004959325297599223,0.10606581704263843,0.008085226773010733
allaml,ICL,0.35,100,512,1,0.01,200,0.6958333333333334,0.007479395565464599,0.1089087793710107,0.010277827223630713
allaml,ICL,0.3,100,512,1,0.01,150,0.6958333333333334,0.007479395565464599,0.10794330047971798,0.01036475650289404
allaml,ICL,1.0,100,512,1,0.09,100,0.695138888888889,0.003027013155236592,0.09835019098410971,0.005550423264628396
allaml,ICL,0.35,100,512,1,0.01,150,0.6944444444444444,0.009820927516479831,0.10774252612609632,0.010189315788899355
allaml,ICL,0.35,100,512,1,0.01,100,0.6944444444444444,0.0,0.10556577910898754,0.004424380101230996
allaml,ICL,0.15,100,512,1,0.02,50,0.69375,0.003027013155236568,0.11342845162951583,0.005035611863295177
allaml,ICL,0.2,100,512,1,0.01,250,0.6930555555555555,0.008673608331108884,0.10547820972107694,0.008390371014313456
allaml,ICL,0.3,100,512,1,0.01,200,0.6916666666666668,0.009419902754340646,0.10429257717306131,0.009471558243639561
allaml,ICL,0.2,100,512,1,0.01,200,0.6902777777777778,0.0146328524345177,0.10118342654439745,0.021393376134679818
allaml,ICL,0.3,100,512,1,0.01,100,0.6895833333333334,0.007948279959902483,0.09902603374578804,0.00854944229392384
allaml,ICL,1.0,100,512,1,0.09,50,0.6888888888888889,0.006804138174397693,0.08968705062845143,0.005763571331809771
allaml,ICL,0.15,100,512,1,0.01,300,0.6875,0.016137430609197582,0.09983751805544926,0.021679021097898963
allaml,ICL,0.35,100,512,1,0.01,50,0.6868055555555556,0.006909634979907058,0.09614836342102341,0.005898447451501284
allaml,ICL,0.6,100,512,1,0.08,50,0.6861111111111111,0.031180478223116186,0.08487819299540691,0.01759806296815822
allaml,ICL,0.15,100,512,1,0.01,250,0.6854166666666668,0.01825477698346517,0.09634138987126026,0.022779220432307325
allaml,ICL,0.2,100,512,1,0.01,150,0.6833333333333333,0.010393492741038726,0.09622329553569323,0.00896130110566969
allaml,ICL,0.2,100,512,1,0.01,50,0.6805555555555556,0.0,0.0908130169549531,1.3877787807814457e-17
allaml,ICL,0.3,100,512,1,0.01,50,0.6805555555555556,0.0,0.0908130169549531,1.3877787807814457e-17
allaml,ICL,0.15,100,512,1,0.01,200,0.6805555555555556,0.017010345435994296,0.09024473790841746,0.019947365169832695
allaml,ICL,0.2,100,512,1,0.01,100,0.675,0.0068041381743977475,0.08277764839044288,0.0035962350886802855
allaml,ICL,0.15,100,512,1,0.01,150,0.6680555555555555,0.019592688860647075,0.07470188043459493,0.0194188990919532
allaml,ICL,0.15,100,512,1,0.01,100,0.6618055555555555,0.006624577787617655,0.0764363542455395,0.004764545960088396
allaml,ICL,0.15,100,512,1,0.01,50,0.6611111111111111,0.006804138174397693,0.07593689411715697,0.004893689845608745
basehock,ICL,1.0,100,512,1,0.05,50,0.5513798294029101,0.04392556259767538,0.03635744287324222,0.02464200276448186
basehock,ICL,0.6,100,512,1,0.08,50,0.5427496236828901,0.04411264148048441,0.03051860259886689,0.023507426448466956
basehock,ICL,1.0,100,512,1,0.05,200,0.5386352232814853,0.026741531490431167,0.032658722261564875,0.017358423366854274
basehock,ICL,0.3,100,512,1,0.05,50,0.5361264425489212,0.02238276749777774,0.01988670007323995,0.0068233250781833425
basehock,ICL,0.95,100,512,1,0.05,50,0.5360010035122931,0.03520200224086091,0.030907226504713104,0.02704767477799948
basehock,ICL,0.25,100,512,1,0.05,150,0.5340190667335676,0.024103155769324813,0.01762621686860965,0.009159422480551625
basehock,ICL,0.25,100,512,1,0.05,100,0.531334671349724,0.025599141778521486,0.020040186668241408,0.009804205634419465
basehock,ICL,0.95,100,512,1,0.05,100,0.5308830908178624,0.0341840961153477,0.02635355799475387,0.020324192754404724
basehock,ICL,0.25,100,512,1,0.03,50,0.5304064224786755,0.03715093452663335,0.029839354211698792,0.03135522665684547
basehock,ICL,0.95,100,512,1,0.05,200,0.52980431510286,0.02677041852734809,0.020690659147453903,0.016702831659611245
basehock,ICL,1.0,100,512,1,0.05,150,0.529528349222278,0.027828824849691743,0.02641078124650422,0.01882599366855902
basehock,ICL,0.95,100,512,1,0.05,300,0.5293778223783241,0.02647041883205411,0.01843263545542713,0.013203841176639908
basehock,ICL,1.0,100,512,1,0.09,150,0.5293025589563471,0.03516659174246314,0.038136505427929845,0.04125010106993678
basehock,ICL,0.3,100,512,1,0.05,150,0.5289764174611138,0.013791336110045429,0.009892489925132955,0.00476507299072792
basehock,ICL,1.0,100,512,1,0.05,100,0.5265178123432012,0.028653428244610514,0.023745121067829392,0.01756172157826972
basehock,ICL,0.95,100,512,1,0.05,250,0.5256397390868038,0.024969313745803072,0.017982703277827326,0.0133688969513042
basehock,ICL,0.3,100,512,1,0.05,200,0.525213246362268,0.016760364031614114,0.010999898246520768,0.006574957480565077
basehock,ICL,1.0,100,512,1,0.09,200,0.5249623682890115,0.037165831719720724,0.027438818375107293,0.03203733757129173
basehock,ICL,0.35,100,512,1,0.03,100,0.5242097340692423,0.04237385615432665,0.026614748232892515,0.04067294436015419
basehock,ICL,0.25,100,512,1,0.05,200,0.5241344706472655,0.021936787906802736,0.012541164930102159,0.007902774245738951
basehock,ICL,0.35,100,512,1,0.03,150,0.5238334169593577,0.03203271914788259,0.0297714992586267,0.03750424419448921
basehock,ICL,0.3,100,512,1,0.03,300,0.5234069242348219,0.03207955664016679,0.016205128281819227,0.01753548337870584
basehock,ICL,0.25,100,512,1,0.05,250,0.5230556949322629,0.021927647778395534,0.01203063783501668,0.008383908732246943
basehock,ICL,0.6,100,512,1,0.08,150,0.5224535875564476,0.01727154785490154,0.013834292571857153,0.009164854571444645
basehock,ICL,1.0,100,512,1,0.05,250,0.521926743602609,0.02151393211436562,0.018103159781993568,0.015561222300541175
basehock,ICL,0.95,100,512,1,0.05,150,0.5216006021073758,0.0254704759256505,0.018234132087767564,0.01689793556568411
basehock,ICL,0.3,100,512,1,0.05,300,0.5215504264927245,0.014260360762950028,0.009695490488543132,0.006240383338379207
basehock,ICL,0.25,100,512,1,0.03,100,0.5213748118414451,0.03142167495389226,0.020247513164784542,0.021117279765773614
basehock,ICL,0.35,100,512,1,0.03,250,0.5210486703462117,0.036888624259498515,0.02203317870586253,0.031155689713737746
basehock,ICL,0.25,100,512,1,0.05,50,0.5209984947315605,0.018175263678996162,0.01398632270117369,0.0069115254904572355
basehock,ICL,0.6,100,512,1,0.08,100,0.519844455594581,0.027455954667727215,0.014409295969843966,0.012711267124179387
basehock,ICL,0.3,100,512,1,0.05,100,0.5197942799799298,0.011203300183396454,0.009014885962029361,0.007157936897377325
basehock,ICL,1.0,100,512,1,0.05,300,0.5191670847967886,0.01742336930118904,0.016999382221841282,0.011544157999766434
basehock,ICL,0.45,100,512,1,0.03,250,0.518941294530858,0.0226851911211742,0.013900648800833882,0.014774332837025764
basehock,ICL,0.3,100,512,1,0.03,200,0.5178123432012043,0.032121408042267645,0.01806498863795362,0.024139495204763238
basehock,ICL,1.0,100,512,1,0.09,250,0.5176618163572504,0.020554310555226503,0.014495468559055202,0.010335321013992772
basehock,ICL,0.3,100,512,1,0.05,250,0.5172102358253887,0.013578600446857136,0.007210839520720193,0.0032586764036657023
basehock,ICL,1.0,100,512,1,0.09,300,0.5171600602107376,0.01520172080148897,0.011846287083497966,0.006261178155964398
basehock,ICL,0.6,100,512,1,0.08,300,0.5150275965880582,0.012811471459895312,0.01168203040242056,0.00900419658536885
basehock,ICL,0.35,100,512,1,0.03,200,0.5147516307074762,0.025755246127654473,0.015721515813575115,0.022254988828947646
basehock,ICL,0.45,100,512,1,0.03,50,0.5142247867536378,0.029661502499124873,0.01193801388359259,0.015286231678491401
basehock,ICL,0.3,100,512,1,0.03,100,0.51392373306573,0.0262926325082441,0.020655598016839503,0.033478186534330205
basehock,ICL,1.0,100,512,1,0.09,100,0.5134721525338687,0.00811585720021108,0.020129587012352658,0.010927486449490252
basehock,ICL,0.6,100,512,1,0.08,200,0.5134721525338686,0.009612625083482497,0.009776378369623402,0.009229119067553856
basehock,ICL,0.3,100,512,1,0.03,50,0.5131209232313096,0.02768233496957263,0.010159446273799135,0.013263826724625455
basehock,ICL,0.25,100,512,1,0.05,300,0.5130958354239838,0.015511002259543967,0.009072644572140444,0.008045311376073809
basehock,ICL,0.45,100,512,1,0.03,100,0.5130205720020071,0.022488795008162362,0.014799364439772627,0.01705459998207588
basehock,ICL,0.3,100,512,1,0.03,250,0.5128951329653788,0.02559231806352132,0.01318190560065147,0.018908232718138802
basehock,ICL,0.6,100,512,1,0.08,250,0.5128198695434019,0.01295024254760165,0.012890968191146993,0.014414500323151037
basehock,ICL,1.0,100,512,1,0.09,50,0.5122679377822379,0.005884628515540739,0.01540384084798466,0.008998600980604565
basehock,ICL,0.35,100,512,1,0.03,50,0.512117410938284,0.027352510466938956,0.00939776359750158,0.013748639283215191
basehock,ICL,0.15,100,512,1,0.02,50,0.5120923231309583,0.02330893583853568,0.011506774301137486,0.011021226948391997
basehock,ICL,0.25,100,512,1,0.03,200,0.5119668840943301,0.00980580305385497,0.009656479123316571,0.008709731761387925
basehock,ICL,0.3,100,512,1,0.03,150,0.5114400401404917,0.020119795834330604,0.014265093665343068,0.01377139646628339
basehock,ICL,0.45,100,512,1,0.03,150,0.5110386352232816,0.019549503828913996,0.009594673842726295,0.010172810347650937
basehock,ICL,0.35,100,512,1,0.03,300,0.5109131961866533,0.020898535024995196,0.012815615098379024,0.021034165005293017
basehock,ICL,0.15,100,512,1,0.01,50,0.5108379327646764,0.015756980535283065,0.006723986458276207,0.0034958439785194983
basehock,ICL,0.15,100,512,1,0.02,100,0.5106121424987455,0.018059928199571702,0.012576540096190377,0.009773711956049615
basehock,ICL,0.45,100,512,1,0.03,200,0.5102107375815352,0.016380839762151385,0.010033131225304226,0.011664848199058976
basehock,ICL,0.45,100,512,1,0.03,300,0.5100351229302559,0.01356366682480007,0.010156247118667083,0.009630843900778566
basehock,ICL,0.25,100,512,1,0.03,150,0.509959859508279,0.009357819391758976,0.011708231048724486,0.008571465286222773
basehock,ICL,0.3,100,512,1,0.01,100,0.5097842448569996,0.014674115642887975,0.00758968585723659,0.006278128703308482
basehock,ICL,0.25,100,512,1,0.03,300,0.5095333667837433,0.009950091327171081,0.008493651677933145,0.006296367700899438
basehock,ICL,0.15,100,512,1,0.02,300,0.5092824887104868,0.013449498398073476,0.014175959469404692,0.018106025139035503
basehock,ICL,0.3,100,512,1,0.01,50,0.5089061716006023,0.013626975507175435,0.007808416802365786,0.004859402638165081
basehock,ICL,0.15,100,512,1,0.02,250,0.5083793276467636,0.00878947310654487,0.011516237761563472,0.007222174254894545
basehock,ICL,0.2,100,512,1,0.01,50,0.5080531861515304,0.008925725691152618,0.007994033744415506,0.005673715550376591
basehock,ICL,0.15,100,512,1,0.01,100,0.5073758153537382,0.007223546090845129,0.010791251479539804,0.0068303064382151685
basehock,ICL,0.35,100,512,1,0.01,300,0.5070998494731562,0.009683081164621065,0.01109176954473089,0.013050165827703264
basehock,ICL,0.25,100,512,1,0.03,250,0.506748620170597,0.011687229831918245,0.005716036338302119,0.0041829514381767
basehock,ICL,0.15,100,512,1,0.02,150,0.5062970396387356,0.005285078734790006,0.009179371581640363,0.005968874171898107
basehock,ICL,0.3,100,512,1,0.01,300,0.5060461615654792,0.006647984922314672,0.009422264875817524,0.007468497076533466
basehock,ICL,0.35,100,512,1,0.01,50,0.5057451078775714,0.0076613990372367885,0.006391177758959475,0.006005562943905171
basehock,ICL,0.15,100,512,1,0.01,300,0.5057200200702459,0.00916567169642743,0.008316404390249074,0.0071495367034123
basehock,ICL,0.15,100,512,1,0.01,200,0.5055444054189665,0.004369817872652724,0.00873300358593514,0.005887224544335596
basehock,ICL,0.15,100,512,1,0.02,200,0.5054691419969894,0.004917210235825394,0.010543457110791559,0.008371840936415154
basehock,ICL,0.2,100,512,1,0.01,150,0.5053938785750126,0.0045653605881972896,0.009910079521924638,0.007113399860410376
basehock,ICL,0.2,100,512,1,0.01,100,0.5053437029603615,0.007105255034606148,0.007063859884002106,0.004817793004505904
basehock,ICL,0.15,100,512,1,0.01,250,0.505218263923733,0.006103920750720237,0.008518213755238892,0.006699164023774968
basehock,ICL,0.2,100,512,1,0.01,200,0.5050928248871048,0.003556014166608693,0.008877737705517974,0.0070906412854110645
basehock,ICL,0.3,100,512,1,0.01,250,0.5049924736578022,0.0042024136666853696,0.00904395455473929,0.007196843937407616
basehock,ICL,0.35,100,512,1,0.01,250,0.504942298043151,0.004699596567711748,0.00824124568832022,0.006302353250449591
basehock,ICL,0.15,100,512,1,0.01,150,0.5049172102358254,0.0036255136777722376,0.008022721572520168,0.005244332869674994
basehock,ICL,0.3,100,512,1,0.01,150,0.5048419468138485,0.0033929810219903325,0.009358478516852894,0.006934678185920588
basehock,ICL,0.35,100,512,1,0.01,100,0.5045158053186152,0.004202488551325335,0.008973257165349368,0.0066129892550956144
basehock,ICL,0.35,100,512,1,0.01,200,0.5044154540893127,0.0038804277573477744,0.007053380655396116,0.0062470312697834466
basehock,ICL,0.3,100,512,1,0.01,200,0.5043652784746613,0.0030046773550586885,0.007125477522143911,0.00514974255446737
basehock,ICL,0.2,100,512,1,0.01,250,0.5035122930255896,0.003977821971997725,0.006831249334311347,0.006069172232384621
basehock,ICL,0.35,100,512,1,0.01,150,0.503487205218264,0.003131356356655529,0.007316049794358223,0.0057665105033821275
basehock,ICL,0.2,100,512,1,0.01,300,0.5029352734570999,0.002505140359314903,0.0057329201062264554,0.003792768784905337
coil20,ICL,0.25,100,512,1,0.05,300,0.6725694444444444,0.039556216345136064,0.7755414558441549,0.017269352307867
coil20,ICL,0.25,100,512,1,0.05,200,0.6646527777777779,0.028350774179992665,0.7607996631466323,0.014028142015172544
coil20,ICL,0.25,100,512,1,0.05,250,0.6636111111111112,0.03684706778457395,0.7702611796269359,0.01728344191745019
coil20,ICL,0.25,100,512,1,0.05,150,0.6576388888888889,0.03273405157807462,0.7567932758658913,0.017304125690607196
coil20,ICL,0.25,100,512,1,0.05,100,0.646423611111111,0.029800710068752578,0.747246038515967,0.010750300139780426
coil20,ICL,1.0,100,512,1,0.05,100,0.6383333333333334,0.029794499347329615,0.7320204330565546,0.012642388559716495
coil20,ICL,0.6,100,512,1,0.08,250,0.6365277777777778,0.024667347025151668,0.7495293594627258,0.011723525493286063
coil20,ICL,0.2,100,512,1,0.01,300,0.6362152777777779,0.04092056241825793,0.7355022931926588,0.01794561074315357
coil20,ICL,0.6,100,512,1,0.08,200,0.6324652777777777,0.03636852364284087,0.7456982023026909,0.014007843008361779
coil20,ICL,0.3,100,512,1,0.01,200,0.6310416666666666,0.023634690024006342,0.7291643047659482,0.009785351273174387
coil20,ICL,0.3,100,512,1,0.03,250,0.6308333333333332,0.03290772850986545,0.7406227722503164,0.019496634272681015
coil20,ICL,0.6,100,512,1,0.08,300,0.6263541666666665,0.039891269925647455,0.7467009662069971,0.017770886122822977
coil20,ICL,1.0,100,512,1,0.09,300,0.6239236111111113,0.03313851852615056,0.7404924318473092,0.014840193726018008
coil20,ICL,0.95,100,512,1,0.05,300,0.6234375,0.03076935538966779,0.7407144453182586,0.01395286670050135
coil20,ICL,0.2,100,512,1,0.01,200,0.6224305555555556,0.035929095232962095,0.7154260779581143,0.01505012286208488
coil20,ICL,1.0,100,512,1,0.09,250,0.6219097222222223,0.03444575700344126,0.7409970428470928,0.01716718125155729
coil20,ICL,0.35,100,512,1,0.03,200,0.6188541666666667,0.027755438065481707,0.7350932737867295,0.011133342268048069
coil20,ICL,1.0,100,512,1,0.09,200,0.6177083333333333,0.03976778418457102,0.738138172161576,0.017540212293903675
coil20,ICL,1.0,100,512,1,0.05,150,0.6171527777777778,0.036089804077236734,0.7250170497795653,0.015335678702561532
coil20,ICL,0.3,100,512,1,0.01,250,0.6168402777777777,0.027718578410884823,0.7238613603241333,0.014824035873572762
coil20,ICL,0.3,100,512,1,0.05,300,0.6161111111111112,0.03510181399413728,0.7376293383129495,0.016690212186600845
coil20,ICL,1.0,100,512,1,0.09,100,0.6160069444444445,0.03511409080513103,0.7369161612061625,0.018850264415998453
coil20,ICL,0.2,100,512,1,0.01,250,0.615173611111111,0.028907808808486753,0.720448234929164,0.012536170449753144
coil20,ICL,0.3,100,512,1,0.03,300,0.6148958333333334,0.030117980298627556,0.7419709066420106,0.01653382441266987
coil20,ICL,0.25,100,512,1,0.03,200,0.6145833333333334,0.027041456228137407,0.7486133283592087,0.012488033326395379
coil20,ICL,0.3,100,512,1,0.03,200,0.6145486111111111,0.030040221076587433,0.7323859971387577,0.013692557883438207
coil20,ICL,0.45,100,512,1,0.03,300,0.6139583333333334,0.03918285471217049,0.7441180985081284,0.01389883898304566
coil20,ICL,0.3,100,512,1,0.01,150,0.6138888888888889,0.02728822073241017,0.7179260334437545,0.012406074634603564
coil20,ICL,0.95,100,512,1,0.05,250,0.6135069444444444,0.030233047840285014,0.7331682367979833,0.01339406762686538
coil20,ICL,0.15,100,512,1,0.01,250,0.6122222222222221,0.03192587020382693,0.722366034663988,0.011374331129268559
coil20,ICL,1.0,100,512,1,0.05,300,0.6109375000000001,0.043612479521171095,0.7326812670604201,0.01741521423556204
coil20,ICL,0.95,100,512,1,0.05,200,0.6109375,0.034395599187125064,0.7287905767007776,0.015453169885174567
coil20,ICL,0.35,100,512,1,0.03,250,0.610763888888889,0.035032984347382556,0.7496124846934887,0.015474886833978898
coil20,ICL,0.15,100,512,1,0.01,300,0.6106597222222223,0.027301714823985825,0.7243808456650506,0.013125050974429472
coil20,ICL,0.95,100,512,1,0.05,150,0.6068749999999999,0.03105176321011079,0.726203687643616,0.015323972047851431
coil20,ICL,0.15,100,512,1,0.02,300,0.6067361111111111,0.04312444086236201,0.7343886276354552,0.020283025656678378
coil20,ICL,0.3,100,512,1,0.01,300,0.6064583333333332,0.02626992556513115,0.7212023708338523,0.01188798802285431
coil20,ICL,0.15,100,512,1,0.01,200,0.6062847222222223,0.03871518435464563,0.7146906269947398,0.01333779954436827
coil20,ICL,1.0,100,512,1,0.05,50,0.6062847222222221,0.030061083486044533,0.7041448340469738,0.011567744912469815
coil20,ICL,1.0,100,512,1,0.05,200,0.60625,0.03607303013452599,0.7303378694844891,0.013489100410438269
coil20,ICL,1.0,100,512,1,0.09,150,0.6056597222222223,0.029628677918019784,0.7302903379877488,0.014944190991494992
coil20,ICL,0.25,100,512,1,0.03,250,0.6044791666666666,0.03813029651025385,0.7491364105347365,0.015636377992849396
coil20,ICL,0.45,100,512,1,0.03,250,0.6043402777777778,0.03343941092958878,0.7324000768117636,0.009858695391211408
coil20,ICL,0.15,100,512,1,0.01,150,0.6042708333333333,0.02781791804627033,0.7069739948482503,0.013875780846801732
coil20,ICL,0.6,100,512,1,0.08,150,0.6038888888888889,0.03235798148910687,0.7141522155994522,0.014611580309627527
coil20,ICL,0.35,100,512,1,0.03,150,0.6031944444444444,0.04357515768513009,0.7276621658725178,0.01530892394144823
coil20,ICL,0.3,100,512,1,0.03,150,0.602638888888889,0.029899523097893746,0.7158372495319468,0.011589190157465849
coil20,ICL,1.0,100,512,1,0.05,250,0.6022916666666667,0.037489774840516084,0.7217871889487357,0.015934941200683405
coil20,ICL,0.25,100,512,1,0.03,300,0.6016666666666667,0.037795517689369035,0.741545907565377,0.013566620055706614
coil20,ICL,0.25,100,512,1,0.05,50,0.6003472222222223,0.030533056742035276,0.7258066877897151,0.010556275161867723
coil20,ICL,0.2,100,512,1,0.01,150,0.6002777777777779,0.027060531712130315,0.7026541420788482,0.014217084927095601
coil20,ICL,0.35,100,512,1,0.03,300,0.599826388888889,0.03370157920590995,0.7485001093046003,0.013433327146847958
coil20,ICL,0.3,100,512,1,0.01,100,0.5982638888888889,0.033567249273144674,0.6979843123696938,0.018162248696051292
coil20,ICL,0.15,100,512,1,0.02,250,0.5946875,0.038265889617989726,0.7257429405962089,0.01940791423517557
coil20,ICL,0.35,100,512,1,0.03,100,0.5932638888888888,0.03574406138623194,0.7139411364940237,0.015033879247312263
coil20,ICL,0.45,100,512,1,0.03,200,0.5915972222222222,0.03164632936119192,0.7142290069350341,0.01712676786958222
coil20,ICL,0.45,100,512,1,0.03,100,0.5909027777777778,0.04140653753103056,0.6992576408148524,0.020075663468118673
coil20,ICL,0.3,100,512,1,0.05,250,0.5901041666666668,0.030395631837475963,0.7218235368495194,0.015793163748321213
coil20,ICL,1.0,100,512,1,0.09,50,0.5888888888888889,0.03674917064655849,0.7123985753170998,0.017666531557387607
coil20,ICL,0.2,100,512,1,0.01,100,0.5869791666666668,0.027021720337250327,0.6927250241221061,0.012526841167557132
coil20,ICL,0.6,100,512,1,0.08,100,0.5848958333333334,0.02700476048996492,0.6881973953278575,0.013311172593997455
coil20,ICL,0.3,100,512,1,0.01,50,0.5848263888888888,0.02805613568569624,0.6693677072651113,0.01298260616654848
coil20,ICL,0.45,100,512,1,0.03,150,0.5827083333333334,0.031242977606037458,0.7005708396748929,0.01643642785573629
coil20,ICL,0.15,100,512,1,0.01,100,0.5811111111111111,0.02918369212081414,0.6868671509291241,0.012733087670010742
coil20,ICL,0.15,100,512,1,0.02,150,0.5801736111111111,0.027277151038002486,0.7056598074639726,0.01407406524881503
coil20,ICL,0.95,100,512,1,0.05,50,0.5793055555555554,0.025467844649893545,0.6923966638309992,0.012798915747099624
coil20,ICL,0.35,100,512,1,0.01,300,0.5786458333333333,0.031977545501192924,0.7135943257878221,0.015584071782644201
coil20,ICL,0.15,100,512,1,0.02,200,0.5784027777777778,0.03347114163769835,0.7153607889271816,0.018542761215646634
coil20,ICL,0.3,100,512,1,0.05,200,0.5766666666666665,0.03288427262085127,0.7163102850465457,0.013945690609213534
coil20,ICL,0.35,100,512,1,0.03,50,0.5749305555555555,0.02573373497455704,0.6862637102839848,0.012082076463538602
coil20,ICL,0.35,100,512,1,0.01,100,0.5741319444444445,0.01989298505887112,0.6777665056500161,0.00726319200873623
coil20,ICL,0.35,100,512,1,0.01,150,0.5741319444444444,0.01949382989397376,0.6889605491503322,0.009487342179572618
coil20,ICL,0.45,100,512,1,0.03,50,0.5726736111111111,0.025280329350768616,0.6727577869889827,0.014191947078738167
coil20,ICL,0.95,100,512,1,0.05,100,0.5722916666666668,0.022284959184710153,0.701374319149495,0.014465916669457289
coil20,ICL,0.3,100,512,1,0.03,100,0.5722916666666666,0.027676813037961424,0.6987471856659295,0.01240408371922302
coil20,ICL,0.35,100,512,1,0.01,250,0.5700694444444444,0.028061828919084205,0.7004896625535527,0.012258770419518061
coil20,ICL,0.3,100,512,1,0.03,50,0.5699305555555556,0.03431082674302856,0.683733477545701,0.014153170278458452
coil20,ICL,0.3,100,512,1,0.05,150,0.5687847222222222,0.04051443584649645,0.7023618262229301,0.015379058476727886
coil20,ICL,0.3,100,512,1,0.05,50,0.5678125,0.030709268510560512,0.6836136144943559,0.01398338502180339
coil20,ICL,0.35,100,512,1,0.01,200,0.5639930555555555,0.027600366614748413,0.6935923534285011,0.011686726188102146
coil20,ICL,0.6,100,512,1,0.08,50,0.5624652777777778,0.02572958839060586,0.6494453554955538,0.012487854612947803
coil20,ICL,0.25,100,512,1,0.03,150,0.560625,0.02715632969095696,0.7172496159143952,0.016939056242719817
coil20,ICL,0.2,100,512,1,0.01,50,0.5562152777777778,0.025080382924486812,0.6544884921693206,0.010432731580761533
coil20,ICL,0.15,100,512,1,0.02,100,0.5490972222222222,0.02759234984668266,0.6770076646217584,0.0123464483096851
coil20,ICL,0.15,100,512,1,0.02,50,0.5464236111111112,0.03258955713387494,0.6603200431921702,0.009589928989980394
coil20,ICL,0.25,100,512,1,0.03,100,0.5364930555555556,0.04577304273229192,0.6951381913120768,0.019721829376754617
coil20,ICL,0.3,100,512,1,0.05,100,0.5351388888888889,0.02645313816012229,0.6880073266619403,0.00995832540801133
coil20,ICL,0.15,100,512,1,0.01,50,0.5290972222222221,0.02005478126390837,0.6464367007364086,0.012916932019960236
coil20,ICL,0.35,100,512,1,0.01,50,0.5210763888888889,0.021492214128207364,0.6353839554377152,0.011530351489186078
coil20,ICL,0.25,100,512,1,0.03,50,0.5055208333333333,0.035485686423855765,0.6671778368358785,0.019192059174525235
warppie10p,ICL,0.35,100,512,1,0.03,50,0.5076190476190476,0.04417035666782944,0.5343109041837487,0.037611239389117854
warppie10p,ICL,0.25,100,512,1,0.05,50,0.46785714285714286,0.02337096091432607,0.48898786558323276,0.034053840959646337
warppie10p,ICL,0.35,100,512,1,0.03,100,0.45690476190476187,0.02894497869032244,0.487981486305401,0.02985134724821569
warppie10p,ICL,0.25,100,512,1,0.05,300,0.45095238095238105,0.02677274818451543,0.4714336990190281,0.025324486263614845
warppie10p,ICL,0.35,100,512,1,0.03,150,0.4504761904761906,0.04328883115186099,0.47324580443626496,0.03397796753845823
warppie10p,ICL,0.3,100,512,1,0.05,250,0.44023809523809526,0.02425651839830391,0.4481029752949882,0.02087441159550756
warppie10p,ICL,0.25,100,512,1,0.05,200,0.4373809523809524,0.024106481472408865,0.46450920912230587,0.023455093281151324
warppie10p,ICL,0.3,100,512,1,0.05,150,0.4373809523809524,0.021522281867405357,0.43753614853881223,0.02047855311309422
warppie10p,ICL,0.3,100,512,1,0.05,100,0.43619047619047624,0.020995626366712955,0.43721215301069927,0.020283881270724943
warppie10p,ICL,0.3,100,512,1,0.05,50,0.43619047619047624,0.026186146828319084,0.4327988917283216,0.03061763878519982
warppie10p,ICL,0.25,100,512,1,0.05,150,0.4352380952380953,0.03348265872618465,0.4616459182158974,0.027347442505937344
warppie10p,ICL,0.3,100,512,1,0.05,300,0.43309523809523814,0.017331959652527047,0.4446941659064906,0.02389410316156904
warppie10p,ICL,0.3,100,512,1,0.05,200,0.43190476190476196,0.020487261680284714,0.44227433455081344,0.02002606349489643
warppie10p,ICL,0.35,100,512,1,0.03,200,0.43095238095238103,0.05320776033284232,0.45098983694436906,0.05034171158728694
warppie10p,ICL,0.25,100,512,1,0.05,100,0.43071428571428577,0.027826601084055456,0.4616384793169008,0.024588667208083552
warppie10p,ICL,0.25,100,512,1,0.05,250,0.426904761904762,0.03090747658485787,0.4565113565018149,0.030828041481972664
warppie10p,ICL,1.0,100,512,1,0.05,250,0.42547619047619056,0.02862197909081113,0.44160780648731707,0.040083216715827964
warppie10p,ICL,1.0,100,512,1,0.05,150,0.4223809523809524,0.018139044718800866,0.4270962991534482,0.03657746723626217
warppie10p,ICL,1.0,100,512,1,0.05,50,0.41880952380952385,0.024627612031547383,0.43683931169395124,0.04287867053750048
warppie10p,ICL,0.35,100,512,1,0.03,250,0.4173809523809524,0.0423856337703399,0.46270296925757026,0.03564239480753156
warppie10p,ICL,0.3,100,512,1,0.03,200,0.4142857142857143,0.02731358171371426,0.467154525413689,0.02217909333292159
warppie10p,ICL,0.95,100,512,1,0.05,200,0.4135714285714286,0.018944662223364384,0.4422046542756587,0.022703131224309277
warppie10p,ICL,0.95,100,512,1,0.05,250,0.4133333333333333,0.025802318445988702,0.43409684508560586,0.027541352987038813
warppie10p,ICL,0.3,100,512,1,0.03,250,0.4114285714285715,0.03160125718673726,0.4717969404621221,0.03420879624085832
warppie10p,ICL,1.0,100,512,1,0.05,200,0.410952380952381,0.02437890616413372,0.4216028612868385,0.030287612666869242
warppie10p,ICL,1.0,100,512,1,0.05,300,0.41047619047619044,0.03025215271289256,0.42635907794132455,0.030408243305668006
warppie10p,ICL,0.3,100,512,1,0.03,300,0.4102380952380953,0.029862686505930335,0.46490016327693323,0.03516162866881347
warppie10p,ICL,0.95,100,512,1,0.05,100,0.4083333333333334,0.02150119967121806,0.43383659677755093,0.03340720465740021
warppie10p,ICL,0.3,100,512,1,0.03,150,0.4083333333333333,0.03326097588776978,0.46386890859919444,0.03291455740921073
warppie10p,ICL,0.45,100,512,1,0.03,150,0.4078571428571429,0.03381539184489192,0.4352525226998468,0.04514952653242815
warppie10p,ICL,0.3,100,512,1,0.03,50,0.40214285714285714,0.028271240484788646,0.42894035388719376,0.02891244275681062
warppie10p,ICL,0.15,100,512,1,0.01,300,0.40095238095238095,0.02504417865200897,0.374842236286233,0.023533417917539705
warppie10p,ICL,0.3,100,512,1,0.03,100,0.4007142857142858,0.021939671974512437,0.432838504316427,0.026902485956413442
warppie10p,ICL,0.45,100,512,1,0.03,200,0.3971428571428572,0.04262902250920965,0.44207586534163,0.043122490258542576
warppie10p,ICL,0.95,100,512,1,0.05,150,0.3954761904761905,0.02276145646101667,0.43295443080872714,0.028868475752652226
warppie10p,ICL,0.35,100,512,1,0.03,300,0.3954761904761904,0.042390983296599856,0.43855447928844205,0.048766369783210736
warppie10p,ICL,1.0,100,512,1,0.05,100,0.3930952380952381,0.023058389848461407,0.40287086422988494,0.025013884509185787
warppie10p,ICL,0.95,100,512,1,0.05,300,0.3928571428571429,0.031819359756739274,0.4167684516464827,0.02822674894229298
warppie10p,ICL,0.15,100,512,1,0.01,250,0.3923809523809524,0.03213491965486284,0.36633971505228446,0.031240657351452657
warppie10p,ICL,0.45,100,512,1,0.03,300,0.391904761904762,0.02744196101756935,0.4424991180468078,0.028684282365522545
warppie10p,ICL,0.45,100,512,1,0.03,250,0.39119047619047626,0.019707325663500273,0.4518472119292145,0.03456684406417135
warppie10p,ICL,0.25,100,512,1,0.03,100,0.39,0.02946614953219997,0.4406211029269967,0.03363771526384925
warppie10p,ICL,0.95,100,512,1,0.05,50,0.3895238095238096,0.021486693662244725,0.40300285764198884,0.019169674768354083
warppie10p,ICL,0.6,100,512,1,0.08,300,0.3885714285714286,0.015750319436705927,0.38377924134959357,0.028695120083247174
warppie10p,ICL,0.25,100,512,1,0.03,200,0.3869047619047619,0.022480780403009687,0.42913150543434525,0.02794068316519754
warppie10p,ICL,0.15,100,512,1,0.01,200,0.38523809523809527,0.028248171333264557,0.3536620351604689,0.02083161729533685
warppie10p,ICL,0.25,100,512,1,0.03,150,0.3840476190476191,0.024012232332444677,0.4196735987570821,0.027792843669120527
warppie10p,ICL,0.15,100,512,1,0.02,50,0.3816666666666667,0.02457230526306075,0.43017941711938185,0.021521527389133804
warppie10p,ICL,0.45,100,512,1,0.03,100,0.3792857142857142,0.037077934713659354,0.4282745637768491,0.03103150804409441
warppie10p,ICL,0.15,100,512,1,0.02,200,0.379047619047619,0.026401745286912595,0.430588343578927,0.02435556559784757
warppie10p,ICL,0.6,100,512,1,0.08,200,0.3780952380952381,0.027205441632544188,0.364613377808999,0.024800964884178753
warppie10p,ICL,0.35,100,512,1,0.01,300,0.37738095238095243,0.033124344857252984,0.34455619990041886,0.025753707933535926
warppie10p,ICL,0.25,100,512,1,0.03,50,0.3771428571428571,0.03678089812824289,0.40845269388279515,0.044022819899126556
warppie10p,ICL,0.25,100,512,1,0.03,250,0.3769047619047619,0.029519008826282906,0.4179707458222067,0.03290112392959676
warppie10p,ICL,0.6,100,512,1,0.08,250,0.37642857142857145,0.021267916283419702,0.3610150858160875,0.024347456031285495
warppie10p,ICL,0.35,100,512,1,0.01,150,0.37547619047619046,0.02319565797197473,0.3400714094460415,0.02121557820776801
warppie10p,ICL,0.15,100,512,1,0.01,150,0.375,0.0232249670176412,0.3409890608253699,0.0210573132733527
warppie10p,ICL,0.15,100,512,1,0.02,150,0.3733333333333333,0.026186146828319087,0.42317856808909166,0.03117468262459089
warppie10p,ICL,0.25,100,512,1,0.03,300,0.37309523809523804,0.03244653722321964,0.4240850800825192,0.029549939504954725
warppie10p,ICL,0.15,100,512,1,0.01,100,0.37214285714285716,0.01821234038786965,0.3442309024311921,0.02399545521799359
warppie10p,ICL,0.45,100,512,1,0.03,50,0.37023809523809526,0.022124928737858773,0.3944143264562458,0.02831501358741334
warppie10p,ICL,0.2,100,512,1,0.01,150,0.36738095238095236,0.01964971020425266,0.33914379667645855,0.02145732693743892
warppie10p,ICL,0.2,100,512,1,0.01,300,0.3671428571428571,0.020531486797438186,0.3345802128143991,0.02077311618436754
warppie10p,ICL,0.35,100,512,1,0.01,200,0.3666666666666667,0.024880667576405967,0.3318795242009955,0.026822751320865663
warppie10p,ICL,1.0,100,512,1,0.09,200,0.36666666666666664,0.017625481450782618,0.3813143402357506,0.021770520658911836
warppie10p,ICL,1.0,100,512,1,0.09,250,0.3650000000000001,0.01894466222336438,0.375012194646394,0.024678107183358448
warppie10p,ICL,0.15,100,512,1,0.02,100,0.36499999999999994,0.02781845094810146,0.4109857474758778,0.02307878521899685
warppie10p,ICL,0.15,100,512,1,0.02,300,0.36476190476190473,0.025125535158615087,0.4154486840422236,0.025607584953484242
warppie10p,ICL,0.2,100,512,1,0.01,250,0.36476190476190473,0.03677473252630062,0.3324071658729263,0.026472722470629238
warppie10p,ICL,1.0,100,512,1,0.09,150,0.36404761904761906,0.021742410774885448,0.3726527819847964,0.0252694112680445
warppie10p,ICL,0.15,100,512,1,0.02,250,0.364047619047619,0.033552848624128044,0.4251654751795826,0.03569485197983565
warppie10p,ICL,1.0,100,512,1,0.09,300,0.36357142857142855,0.027116737641491095,0.3812821170878851,0.01908566073722958
warppie10p,ICL,0.2,100,512,1,0.01,200,0.3626190476190477,0.025788033576388904,0.32577157179563654,0.02094725972237119
warppie10p,ICL,0.2,100,512,1,0.01,50,0.36071428571428565,0.016827455699128205,0.3243263320663068,0.014245190948578424
warppie10p,ICL,0.6,100,512,1,0.08,150,0.36047619047619045,0.02943535135338208,0.3531892910959304,0.0284799497001604
warppie10p,ICL,0.35,100,512,1,0.01,250,0.36,0.02508036968050227,0.3303895921972059,0.025750126060493303
warppie10p,ICL,0.3,100,512,1,0.01,200,0.3585714285714286,0.021407396945703837,0.3622360749595213,0.021879873159693572
warppie10p,ICL,0.3,100,512,1,0.01,300,0.3585714285714285,0.027524468603082716,0.3523184173225989,0.04014305144067255
warppie10p,ICL,0.6,100,512,1,0.08,100,0.3576190476190476,0.016419942523396822,0.3472725442712873,0.01890329418716788
warppie10p,ICL,0.2,100,512,1,0.01,100,0.3576190476190476,0.029156703837793587,0.322178116806404,0.023229592297269078
warppie10p,ICL,0.3,100,512,1,0.01,250,0.35619047619047617,0.019840634910475875,0.35097115367775256,0.028788676624596832
warppie10p,ICL,0.3,100,512,1,0.01,100,0.3519047619047619,0.023323613135730396,0.3432713515420486,0.028936789945702906
warppie10p,ICL,0.35,100,512,1,0.01,100,0.35119047619047616,0.024783644303114718,0.30846186737811326,0.018030168167040325
warppie10p,ICL,0.15,100,512,1,0.01,50,0.35047619047619044,0.021633936555429608,0.3229240668257317,0.019506405522975508
warppie10p,ICL,0.3,100,512,1,0.01,150,0.3488095238095238,0.0284471503460679,0.3321169943351334,0.0353598263324593
warppie10p,ICL,1.0,100,512,1,0.09,100,0.3428571428571428,0.017689691067625433,0.35332867539672475,0.022462839183181964
warppie10p,ICL,0.6,100,512,1,0.08,50,0.33738095238095234,0.015228791802807026,0.3368822920432644,0.02417348853575087
warppie10p,ICL,1.0,100,512,1,0.09,50,0.3369047619047619,0.039032372168464294,0.35025601274275203,0.04448714629335168
warppie10p,ICL,0.3,100,512,1,0.01,50,0.334047619047619,0.018944662223364387,0.31526153251097344,0.01628018918548642
warppie10p,ICL,0.35,100,512,1,0.01,50,0.32214285714285706,0.027200231758383056,0.2689730944665278,0.02290631494483238
arcene,ICL,0.3,100,512,1,0.05,50,0.67,0.0,0.09534650702614166,0.0
arcene,ICL,0.3,100,512,1,0.03,100,0.6649999999999998,2.220446049250313e-16,0.09523933485506257,1.3877787807814457e-17
arcene,ICL,0.35,100,512,1,0.03,100,0.66325,0.0023848480035423667,0.09369306892329882,0.0021072052687499294
arcene,ICL,0.15,100,512,1,0.01,50,0.66,0.0,0.09082143219288039,0.0
arcene,ICL,0.2,100,512,1,0.01,50,0.66,0.0,0.09082143219288039,0.0
arcene,ICL,0.3,100,512,1,0.01,50,0.66,0.0,0.09082143219288039,0.0
arcene,ICL,0.35,100,512,1,0.01,50,0.66,0.0,0.09082143219288039,0.0
arcene,ICL,0.15,100,512,1,0.02,50,0.66,0.0,0.09082143219288039,0.0
arcene,ICL,0.25,100,512,1,0.03,50,0.66,0.0,0.09082143219288039,0.0
arcene,ICL,0.35,100,512,1,0.03,50,0.66,0.0,0.09082143219288039,0.0
arcene,ICL,0.45,100,512,1,0.03,50,0.66,0.0,0.09082143219288039,0.0
arcene,ICL,0.25,100,512,1,0.05,50,0.66,0.0,0.09082143219288039,0.0
arcene,ICL,0.15,100,512,1,0.01,100,0.66,0.0,0.09082143219288039,0.0
arcene,ICL,0.2,100,512,1,0.01,100,0.66,0.0,0.09082143219288039,0.0
arcene,ICL,0.3,100,512,1,0.01,100,0.66,0.0,0.09082143219288039,0.0
arcene,ICL,0.35,100,512,1,0.01,100,0.66,0.0,0.09082143219288039,0.0
arcene,ICL,0.15,100,512,1,0.02,100,0.66,0.0,0.09082143219288039,0.0
arcene,ICL,0.25,100,512,1,0.03,100,0.66,0.0,0.09082143219288039,0.0
arcene,ICL,0.45,100,512,1,0.03,100,0.66,0.0,0.09082143219288039,0.0
arcene,ICL,0.3,100,512,1,0.05,100,0.66,0.0,0.09082143219288039,0.0
arcene,ICL,0.15,100,512,1,0.01,150,0.66,0.0,0.09082143219288039,0.0
arcene,ICL,0.2,100,512,1,0.01,150,0.66,0.0,0.09082143219288039,0.0
arcene,ICL,0.3,100,512,1,0.01,150,0.66,0.0,0.09082143219288039,0.0
arcene,ICL,0.35,100,512,1,0.01,150,0.66,0.0,0.09082143219288039,0.0
arcene,ICL,0.15,100,512,1,0.02,150,0.66,0.0,0.09082143219288039,0.0
arcene,ICL,0.25,100,512,1,0.03,150,0.66,0.0,0.09082143219288039,0.0
arcene,ICL,0.15,100,512,1,0.01,200,0.66,0.0,0.09082143219288039,0.0
arcene,ICL,0.2,100,512,1,0.01,200,0.66,0.0,0.09082143219288039,0.0
arcene,ICL,0.3,100,512,1,0.01,200,0.66,0.0,0.09082143219288039,0.0
arcene,ICL,0.35,100,512,1,0.01,200,0.66,0.0,0.09082143219288039,0.0
arcene,ICL,0.3,100,512,1,0.03,200,0.66,0.0,0.09082143219288039,0.0
arcene,ICL,0.15,100,512,1,0.01,250,0.66,0.0,0.09082143219288039,0.0
arcene,ICL,0.3,100,512,1,0.01,250,0.66,0.0,0.09082143219288039,0.0
arcene,ICL,0.35,100,512,1,0.01,250,0.66,0.0,0.09082143219288039,0.0
arcene,ICL,0.3,100,512,1,0.01,300,0.66,0.0,0.09082143219288039,0.0
arcene,ICL,0.35,100,512,1,0.01,300,0.66,0.0,0.09082143219288039,0.0
arcene,ICL,0.35,100,512,1,0.03,150,0.6585,0.002291287847477922,0.08953000802426855,0.001972683002319718
arcene,ICL,0.35,100,512,1,0.03,200,0.6585,0.002291287847477922,0.08953000802426855,0.001972683002319718
arcene,ICL,0.25,100,512,1,0.03,200,0.65825,0.0023848480035423667,0.08931477066283325,0.0020532335668268635
arcene,ICL,0.35,100,512,1,0.03,250,0.6579999999999999,0.00244948974278318,0.08909953330139794,0.002108886836397991
arcene,ICL,0.3,100,512,1,0.03,50,0.65675,0.0023848480035423662,0.08371101602972868,0.002029039123809993
arcene,ICL,0.45,100,512,1,0.03,150,0.6559999999999999,0.0020000000000000018,0.0873776344099155,0.0017218988914824483
arcene,ICL,0.2,100,512,1,0.01,250,0.6559999999999999,0.0020000000000000018,0.0873776344099155,0.0017218988914824483
arcene,ICL,0.15,100,512,1,0.01,300,0.6557499999999999,0.001785357107135714,0.0871623970484802,0.0015371022118386474
arcene,ICL,0.25,100,512,1,0.05,150,0.6549999999999999,1.1102230246251565e-16,0.08891840102509942,0.0
arcene,ICL,0.25,100,512,1,0.05,300,0.6549999999999999,1.1102230246251565e-16,0.08891840102509942,0.0
arcene,ICL,0.3,100,512,1,0.05,150,0.6549999999999999,1.1102230246251565e-16,0.08651668496417428,1.3877787807814457e-17
arcene,ICL,0.15,100,512,1,0.02,200,0.6549999999999999,1.1102230246251565e-16,0.08651668496417428,1.3877787807814457e-17
arcene,ICL,0.45,100,512,1,0.03,200,0.6549999999999999,1.1102230246251565e-16,0.08651668496417428,1.3877787807814457e-17
arcene,ICL,0.15,100,512,1,0.02,250,0.6549999999999999,1.1102230246251565e-16,0.08651668496417428,1.3877787807814457e-17
arcene,ICL,0.3,100,512,1,0.03,250,0.6549999999999999,1.1102230246251565e-16,0.08651668496417428,1.3877787807814457e-17
arcene,ICL,0.2,100,512,1,0.01,300,0.6549999999999999,1.1102230246251565e-16,0.08651668496417428,1.3877787807814457e-17
arcene,ICL,0.15,100,512,1,0.02,300,0.6549999999999999,1.1102230246251565e-16,0.08651668496417428,1.3877787807814457e-17
arcene,ICL,0.3,100,512,1,0.03,150,0.65375,0.004710360920354198,0.08285311633497905,0.005997127982342593
arcene,ICL,0.3,100,512,1,0.05,200,0.6524999999999999,0.007500000000000006,0.08225376894924767,0.012788748044779821
arcene,ICL,0.35,100,512,1,0.03,300,0.6524999999999999,0.007500000000000006,0.08222606430859992,0.01287216011248718
arcene,ICL,0.25,100,512,1,0.03,250,0.6522500000000001,0.0024874685927665525,0.08421001756945587,0.002086459163025689
arcene,ICL,0.45,100,512,1,0.03,250,0.6522500000000001,0.002487468592766552,0.08421001756945587,0.002086459163025689
arcene,ICL,0.45,100,512,1,0.03,300,0.6515000000000002,0.002291287847477922,0.0835809264618054,0.0019219050798879303
arcene,ICL,0.25,100,512,1,0.05,100,0.6500000000000001,1.1102230246251565e-16,0.08232274424650446,0.0
arcene,ICL,0.25,100,512,1,0.03,300,0.6500000000000001,1.1102230246251565e-16,0.08232274424650446,0.0
arcene,ICL,0.25,100,512,1,0.05,250,0.649,0.004358898943540678,0.0826502066324398,0.00889276909596009
arcene,ICL,0.3,100,512,1,0.05,250,0.649,0.016477257053284098,0.07867010608128597,0.0194167072481906
arcene,ICL,0.3,100,512,1,0.03,300,0.648,0.01461163919620247,0.07999726359384371,0.015055309134672585
arcene,ICL,0.3,100,512,1,0.05,300,0.6467500000000002,0.015594470173750707,0.07559979873874588,0.019979563290988968
arcene,ICL,0.25,100,512,1,0.05,200,0.6467499999999999,0.015022899187573628,0.08000347127252397,0.01757218274561919
arcene,ICL,0.6,100,512,1,0.08,200,0.6375,0.03176082492631452,0.06633915051364378,0.03382363184532569
arcene,ICL,0.6,100,512,1,0.08,300,0.6305,0.03368605052540298,0.0589606217435311,0.03567542309565585
arcene,ICL,0.6,100,512,1,0.08,150,0.62975,0.038745160988180226,0.06106360690166155,0.0370351056973074
arcene,ICL,0.6,100,512,1,0.08,250,0.6285000000000001,0.03482456029873173,0.05761805272737337,0.036707717152959334
arcene,ICL,1.0,100,512,1,0.09,300,0.6255000000000002,0.020548722588034536,0.04554560921355416,0.020404588601036108
arcene,ICL,1.0,100,512,1,0.09,200,0.62075,0.028821649848681487,0.04362884745697129,0.026484648604476524
arcene,ICL,1.0,100,512,1,0.09,150,0.6185,0.030376800358168105,0.04240231544174252,0.02785798448920422
arcene,ICL,1.0,100,512,1,0.05,200,0.6120000000000001,0.019899748742132416,0.03180440366948867,0.013358393045255317
arcene,ICL,1.0,100,512,1,0.05,250,0.6120000000000001,0.019899748742132416,0.03180440366948867,0.013358393045255317
arcene,ICL,1.0,100,512,1,0.05,300,0.6120000000000001,0.019899748742132416,0.03180440366948867,0.013358393045255317
arcene,ICL,1.0,100,512,1,0.05,150,0.6115000000000002,0.022422087324778683,0.032808530022229554,0.018651910628709002
arcene,ICL,1.0,100,512,1,0.09,250,0.61125,0.023177305710543685,0.03284886079709357,0.017639547271685197
arcene,ICL,1.0,100,512,1,0.09,100,0.6097500000000001,0.03487387991032834,0.03871287288652514,0.03231528146914622
arcene,ICL,1.0,100,512,1,0.05,100,0.60425,0.029465021635831215,0.029869727018105606,0.021198783631799323
arcene,ICL,1.0,100,512,1,0.09,50,0.5977500000000001,0.023742103950576923,0.027028556138127102,0.019166928332860184
arcene,ICL,0.95,100,512,1,0.05,150,0.5975000000000001,0.023848480035423662,0.023696684667210838,0.014816026097255096
arcene,ICL,0.95,100,512,1,0.05,200,0.5947500000000001,0.022554101622543073,0.021583204618197006,0.011707999781173902
arcene,ICL,0.95,100,512,1,0.05,250,0.59325,0.01951121472384536,0.02029811165571885,0.01045161305371296
arcene,ICL,0.95,100,512,1,0.05,300,0.59325,0.01951121472384536,0.02029811165571885,0.01045161305371296
arcene,ICL,0.6,100,512,1,0.08,100,0.5777499999999998,0.011986972094736863,0.012619115848053955,0.007173464990095718
arcene,ICL,1.0,100,512,1,0.05,50,0.5634999999999999,0.046370788218446306,0.01759221995078939,0.02279085323138789
arcene,ICL,0.95,100,512,1,0.05,100,0.5622500000000001,0.04032601517631018,0.012882710479892572,0.0179718015669171
arcene,ICL,0.6,100,512,1,0.08,50,0.5575000000000002,0.004031128874149279,0.006976215414724875,0.0012211328274782602
arcene,ICL,0.95,100,512,1,0.05,50,0.5345000000000001,0.028499999999999987,0.0040315406974464315,0.010083394832398469
lung,ICL,0.3,100,512,1,0.03,150,0.6401477832512315,0.03727195945200532,0.549132684393314,0.03611304662629268
lung,ICL,0.35,100,512,1,0.03,300,0.6381773399014777,0.05137047754085143,0.5488020619724908,0.05208430966251399
lung,ICL,0.25,100,512,1,0.03,150,0.632512315270936,0.06453766004004854,0.5554069272367383,0.03792571103562941
lung,ICL,0.45,100,512,1,0.03,200,0.6275862068965518,0.03201591489511708,0.5534106741781322,0.043766427379955404
lung,ICL,0.3,100,512,1,0.03,100,0.6236453201970444,0.08602232175901481,0.5093959913527374,0.059604905867205175
lung,ICL,0.25,100,512,1,0.03,200,0.6209359605911331,0.06416197062973045,0.5467350219622371,0.05163402067472877
lung,ICL,0.45,100,512,1,0.03,300,0.6197044334975369,0.03933490596586626,0.5332143327652751,0.047565846410346536
lung,ICL,0.25,100,512,1,0.03,100,0.6184729064039409,0.09329059565383924,0.5020821565512384,0.07289028534705119
lung,ICL,0.25,100,512,1,0.05,300,0.6172413793103447,0.04370377164388001,0.5296852026184441,0.04898732046453107
lung,ICL,0.15,100,512,1,0.02,300,0.6140394088669952,0.06539443655803485,0.5476236781164215,0.049003896095462414
lung,ICL,0.45,100,512,1,0.03,250,0.6130541871921183,0.050561049377362756,0.535748491107446,0.05464823075456219
lung,ICL,0.3,100,512,1,0.05,300,0.6110837438423646,0.06194911801110925,0.541177471810423,0.051562443147708116
lung,ICL,0.3,100,512,1,0.05,200,0.6083743842364533,0.06962213805469246,0.5378278480870342,0.05255634522728651
lung,ICL,0.3,100,512,1,0.03,250,0.6064039408866995,0.05293905112279078,0.5337778021579592,0.03895592599112927
lung,ICL,0.3,100,512,1,0.03,300,0.6036945812807882,0.05585162064215734,0.5323114390534059,0.04117669394653758
lung,ICL,0.25,100,512,1,0.05,250,0.6022167487684729,0.05648669902623998,0.5135801073095605,0.06266722957048755
lung,ICL,0.35,100,512,1,0.03,200,0.6012315270935961,0.05070482857055944,0.5232399577441483,0.04476806667158493
lung,ICL,0.35,100,512,1,0.03,150,0.6002463054187193,0.07513365023965836,0.5092565074134633,0.05544411742274718
lung,ICL,0.35,100,512,1,0.03,100,0.5999999999999999,0.05856892196138658,0.489429029934138,0.04147487281134121
lung,ICL,0.35,100,512,1,0.03,250,0.5997536945812809,0.05898744813181482,0.5129006696026397,0.053483727512164944
lung,ICL,0.3,100,512,1,0.05,250,0.5982758620689655,0.05619813162642812,0.5254057584495089,0.04712542717547838
lung,ICL,0.3,100,512,1,0.03,200,0.5972906403940887,0.050257774215117505,0.5041228324400222,0.05004770741031554
lung,ICL,0.25,100,512,1,0.03,300,0.5940886699507388,0.06708194888886385,0.5269816434628981,0.056924044997093234
lung,ICL,0.25,100,512,1,0.03,250,0.5926108374384237,0.06205919072300806,0.526550858730024,0.0502220614635459
lung,ICL,0.15,100,512,1,0.02,200,0.5921182266009853,0.06897607238016644,0.5442346814471652,0.0484821817480262
lung,ICL,0.45,100,512,1,0.03,150,0.5894088669950739,0.05322192200240637,0.5151018612324069,0.06265305405412167
lung,ICL,0.25,100,512,1,0.05,150,0.5859605911330049,0.06322857274113593,0.49888232026924834,0.06856257631758896
lung,ICL,0.95,100,512,1,0.05,150,0.583743842364532,0.06374506055589006,0.5671869688547637,0.05887719566181339
lung,ICL,0.95,100,512,1,0.05,200,0.5832512315270937,0.04817522434836512,0.53600228542513,0.045853977686479676
lung,ICL,0.95,100,512,1,0.05,300,0.5830049261083745,0.04571670092991362,0.5097886727051739,0.037519799307690026
lung,ICL,1.0,100,512,1,0.05,200,0.5830049261083744,0.0626076204636067,0.5248229454077291,0.05130541480570327
lung,ICL,0.3,100,512,1,0.05,150,0.5827586206896553,0.07498533752991794,0.5215468718825327,0.06930655407587626
lung,ICL,1.0,100,512,1,0.09,250,0.5820197044334975,0.08634436611361643,0.5094559442239308,0.05702063802599944
lung,ICL,1.0,100,512,1,0.05,150,0.58128078817734,0.05568899610270969,0.5279738522972267,0.06124984261584525
lung,ICL,0.25,100,512,1,0.05,200,0.5805418719211823,0.07188194827024792,0.5165905797262562,0.06934336225467332
lung,ICL,0.6,100,512,1,0.08,300,0.5785714285714285,0.05219060131653731,0.505346787268249,0.050556130728822486
lung,ICL,0.15,100,512,1,0.01,300,0.5783251231527092,0.028229652772205727,0.5185132971768337,0.019006511600296542
lung,ICL,0.2,100,512,1,0.01,250,0.576847290640394,0.03585922686729734,0.5001079565366409,0.020712680314225233
lung,ICL,0.15,100,512,1,0.02,250,0.5761083743842365,0.05785766188922202,0.5324951252477892,0.05173518587576865
lung,ICL,0.2,100,512,1,0.01,300,0.5753694581280788,0.03750318484861928,0.5158449410798602,0.014250116599694437
lung,ICL,0.95,100,512,1,0.05,250,0.5743842364532019,0.03739951309576809,0.5228306235721584,0.05644620378908755
lung,ICL,0.35,100,512,1,0.01,250,0.5741379310344826,0.0599585505594703,0.5038834995566488,0.03666203619795601
lung,ICL,1.0,100,512,1,0.05,300,0.5738916256157636,0.04326850872982766,0.5064192406194212,0.03810839920146949
lung,ICL,0.3,100,512,1,0.01,300,0.5738916256157636,0.06278614518102858,0.5061984146867973,0.047068252347717235
lung,ICL,0.15,100,512,1,0.01,250,0.5731527093596058,0.03736299765319236,0.5088234465321361,0.024421700430129742
lung,ICL,1.0,100,512,1,0.05,250,0.5724137931034483,0.03939654979927529,0.51448546177696,0.02977705941353633
lung,ICL,1.0,100,512,1,0.09,200,0.5724137931034482,0.08389728047031522,0.4973976444878943,0.05829675539499297
lung,ICL,0.6,100,512,1,0.08,250,0.5716748768472906,0.056991369610241885,0.48668405912812923,0.06069013125296545
lung,ICL,1.0,100,512,1,0.09,300,0.570935960591133,0.07776233039611483,0.503202909058536,0.06046145037057092
lung,ICL,0.15,100,512,1,0.02,150,0.5709359605911329,0.06725355814571086,0.5226141445154378,0.05688042895278469
lung,ICL,0.2,100,512,1,0.01,200,0.5701970443349753,0.043863807232119086,0.49507448786431524,0.02636007759169882
lung,ICL,0.3,100,512,1,0.01,200,0.5684729064039409,0.0628035350567757,0.49665207543967077,0.03961275739019926
lung,ICL,0.3,100,512,1,0.05,100,0.5684729064039409,0.07082983303582427,0.48685129714589664,0.08314383957173876
lung,ICL,0.6,100,512,1,0.08,200,0.565024630541872,0.06023363637541608,0.4772672185900972,0.06760069742591104
lung,ICL,0.45,100,512,1,0.03,100,0.562807881773399,0.08993183912722924,0.4622326034188958,0.06837891729111244
lung,ICL,0.15,100,512,1,0.01,200,0.5628078817733989,0.02006293333219523,0.49256644904522406,0.022368715666763257
lung,ICL,1.0,100,512,1,0.09,150,0.5623152709359607,0.051530837490789176,0.4925483786637036,0.051348137554600035
lung,ICL,0.35,100,512,1,0.01,200,0.5615763546798028,0.05429903370701627,0.49973618595189484,0.045874857865636304
lung,ICL,0.15,100,512,1,0.02,100,0.560344827586207,0.06945419756198926,0.5285963800288499,0.07126028485437
lung,ICL,0.25,100,512,1,0.05,100,0.5596059113300493,0.06753261601640047,0.4652955421120173,0.08480557274503268
lung,ICL,0.35,100,512,1,0.01,300,0.558128078817734,0.035113858891028055,0.504084652510893,0.035080524289573714
lung,ICL,0.3,100,512,1,0.01,250,0.5573891625615764,0.04658429282685907,0.49893845545245574,0.044813397967114026
lung,ICL,0.15,100,512,1,0.01,150,0.5556650246305419,0.05937135791113498,0.4803945554135514,0.04498361458414016
lung,ICL,1.0,100,512,1,0.09,100,0.5536945812807883,0.061317683284552574,0.4730184834709864,0.05571269731788956
lung,ICL,0.95,100,512,1,0.05,100,0.5495073891625616,0.06347754656342786,0.5074646025054748,0.054373231135641
lung,ICL,0.2,100,512,1,0.01,150,0.5411330049261083,0.051271181129503206,0.4529842806128431,0.053133976749189966
lung,ICL,0.15,100,512,1,0.01,100,0.5384236453201972,0.04289110256362609,0.4335553780969613,0.035484014041327124
lung,ICL,0.3,100,512,1,0.01,150,0.5359605911330049,0.039886270896546124,0.4706427270688013,0.03791313031954771
lung,ICL,0.3,100,512,1,0.03,50,0.5322660098522167,0.07416165766022607,0.43195641797441403,0.0647242429705556
lung,ICL,1.0,100,512,1,0.05,100,0.5315270935960592,0.06354297922615008,0.4694237207971229,0.07048075662002594
lung,ICL,0.6,100,512,1,0.08,100,0.5300492610837437,0.06038050619130862,0.4326133901984135,0.045374252668393324
lung,ICL,0.6,100,512,1,0.08,150,0.5295566502463055,0.06058312254309775,0.458934191306526,0.0631210356420995
lung,ICL,0.3,100,512,1,0.05,50,0.528817733990148,0.05390150844622775,0.4141050248953383,0.05442929946053522
lung,ICL,0.35,100,512,1,0.01,150,0.5266009852216749,0.04052903088093918,0.45382728639611913,0.040066476069336644
lung,ICL,0.25,100,512,1,0.03,50,0.5214285714285715,0.093961885538222,0.4452493129756168,0.07526410505910726
lung,ICL,0.2,100,512,1,0.01,100,0.5194581280788177,0.048976394109662195,0.41829414466595904,0.04727460651479698
lung,ICL,0.45,100,512,1,0.03,50,0.5182266009852217,0.04111456475835534,0.41363268218845234,0.054139766804466194
lung,ICL,0.35,100,512,1,0.03,50,0.5133004926108374,0.08171402675761168,0.3815417402768515,0.0523862548276166
lung,ICL,0.15,100,512,1,0.01,50,0.5133004926108373,0.05673799158754423,0.38992650610449553,0.038296998425967614
lung,ICL,0.25,100,512,1,0.05,50,0.5014778325123153,0.05386379086832175,0.39008860196591677,0.07121238522669174
lung,ICL,0.95,100,512,1,0.05,50,0.49901477832512314,0.05993071946365719,0.41519413629346175,0.0504399805124974
lung,ICL,0.35,100,512,1,0.01,100,0.49507389162561577,0.06472726452275131,0.4067298642369968,0.06263628223280639
lung,ICL,0.15,100,512,1,0.02,50,0.4943349753694582,0.06320554109914078,0.44372988211485104,0.07730328439347015
lung,ICL,1.0,100,512,1,0.05,50,0.49384236453201974,0.07099195586863223,0.46124974057817936,0.04317956142890918
lung,ICL,0.3,100,512,1,0.01,100,0.4886699507389163,0.05622241532048772,0.4024126452013911,0.048560709833181365
lung,ICL,1.0,100,512,1,0.09,50,0.48719211822660097,0.045280020744031486,0.3893388859437947,0.039991871884887946
lung,ICL,0.2,100,512,1,0.01,50,0.4842364532019704,0.06345125899421679,0.33818299736972385,0.049773976579074806
lung,ICL,0.3,100,512,1,0.01,50,0.47807881773399014,0.06214466804216206,0.3363380900625497,0.047154112735284186
lung,ICL,0.35,100,512,1,0.01,50,0.4721674876847291,0.06774563267607404,0.3053221446013136,0.04456693198133976
lung,ICL,0.6,100,512,1,0.08,50,0.44827586206896547,0.048441457217495654,0.32495009319821594,0.04810416429389698
nci9,ICL,1.0,100,512,1,0.09,300,0.5175,0.04757304325397362,0.5220464175579231,0.03468932086176962
nci9,ICL,0.6,100,512,1,0.08,150,0.5158333333333334,0.03781350434846143,0.5172792174725737,0.031020274753848033
nci9,ICL,1.0,100,512,1,0.09,250,0.5125,0.03410563654946854,0.5159369799350643,0.02950674354414742
nci9,ICL,1.0,100,512,1,0.09,50,0.5091666666666667,0.039255219044379584,0.5008955754012299,0.03200506602922392
nci9,ICL,0.6,100,512,1,0.08,50,0.5066666666666667,0.028087165910587863,0.49063937323017537,0.03077421948827871
nci9,ICL,0.6,100,512,1,0.08,300,0.5041666666666668,0.04680782223327872,0.5132857297768119,0.03177136638664721
nci9,ICL,1.0,100,512,1,0.09,100,0.49833333333333335,0.03531603350069516,0.5028632179713257,0.02865686679799271
nci9,ICL,1.0,100,512,1,0.09,200,0.49750000000000005,0.02994207370536947,0.5045781588861866,0.01473160367679746
nci9,ICL,1.0,100,512,1,0.09,150,0.4958333333333333,0.04940619619260545,0.5082101161441986,0.028406350834213594
nci9,ICL,0.6,100,512,1,0.08,100,0.49416666666666664,0.04449563024737498,0.49528627166597516,0.0331756402798887
nci9,ICL,0.6,100,512,1,0.08,200,0.4916666666666668,0.04232808366400098,0.5078505425273642,0.026612543301636267
nci9,ICL,1.0,100,512,1,0.05,300,0.48666666666666664,0.04102844541697056,0.478686106447094,0.032235390523422995
nci9,ICL,0.95,100,512,1,0.05,200,0.4841666666666666,0.03707162736589205,0.4980097686459318,0.025167982713594238
nci9,ICL,0.6,100,512,1,0.08,250,0.47833333333333333,0.037305048809332324,0.49865055645576184,0.029649614608856036
nci9,ICL,0.95,100,512,1,0.05,300,0.4741666666666666,0.04199040895781374,0.47993573706676573,0.030948117013980005
nci9,ICL,1.0,100,512,1,0.05,150,0.47333333333333344,0.047842333648024406,0.4828806259634302,0.03394731634484859
nci9,ICL,1.0,100,512,1,0.05,200,0.4725,0.03661928757119971,0.49360367558636764,0.02884396148237286
nci9,ICL,1.0,100,512,1,0.05,250,0.4708333333333333,0.040440285195169755,0.485509745749985,0.022070374381450063
nci9,ICL,0.25,100,512,1,0.05,100,0.46916666666666673,0.04258162097013739,0.4644025294188416,0.03236978159506727
nci9,ICL,0.95,100,512,1,0.05,150,0.4691666666666666,0.02994207370536946,0.48321168625290467,0.019085193473897574
nci9,ICL,0.25,100,512,1,0.05,150,0.4683333333333334,0.036094013046179534,0.46522749194976754,0.025683172010438994
nci9,ICL,0.3,100,512,1,0.05,150,0.4675000000000001,0.03744440323110162,0.4689578412609001,0.030935687501277738
nci9,ICL,0.95,100,512,1,0.05,250,0.4658333333333333,0.043293250692868455,0.48071727192885294,0.030111171475382965
nci9,ICL,0.95,100,512,1,0.05,100,0.4633333333333334,0.025603819159562027,0.4736903277036054,0.023253862058509735
nci9,ICL,1.0,100,512,1,0.05,100,0.4624999999999999,0.026809513236909013,0.4848125998011191,0.02710025330833246
nci9,ICL,0.95,100,512,1,0.05,50,0.4616666666666667,0.03378855822118882,0.47399008693575634,0.02916730108703135
nci9,ICL,0.25,100,512,1,0.05,200,0.45916666666666667,0.04199040895781374,0.4599514780100417,0.025030580793799176
nci9,ICL,1.0,100,512,1,0.05,50,0.4549999999999999,0.0253311402559511,0.4728810123753638,0.027224101005499626
nci9,ICL,0.25,100,512,1,0.03,100,0.44416666666666665,0.040577429413132846,0.46531816554609656,0.03655374092206267
nci9,ICL,0.25,100,512,1,0.03,150,0.44333333333333347,0.051478150704935,0.4651837399926749,0.04033420962180285
nci9,ICL,0.3,100,512,1,0.05,200,0.44333333333333336,0.030459444804161764,0.4447204154104328,0.020245259973723288
nci9,ICL,0.25,100,512,1,0.05,300,0.4416666666666667,0.029107081994288297,0.4457171395311537,0.023694616717363642
nci9,ICL,0.25,100,512,1,0.05,250,0.4408333333333333,0.03889980005661268,0.44336509875900426,0.03262800710108632
nci9,ICL,0.25,100,512,1,0.03,50,0.4375,0.0372211857235455,0.4735890913608582,0.038488790175355926
nci9,ICL,0.3,100,512,1,0.03,150,0.43666666666666665,0.04428443418528808,0.45791358087343603,0.027271772860104182
nci9,ICL,0.3,100,512,1,0.05,250,0.4358333333333334,0.04354914210151306,0.4389643556659638,0.03866491833661945
nci9,ICL,0.45,100,512,1,0.03,300,0.43583333333333335,0.04979820389442887,0.4597524295305292,0.04201644949047148
nci9,ICL,0.35,100,512,1,0.03,50,0.4349999999999999,0.03685557397915997,0.4702099296715273,0.027365449399400985
nci9,ICL,0.3,100,512,1,0.05,300,0.4325000000000001,0.03781350434846143,0.4300747996516593,0.031898600129461795
nci9,ICL,0.3,100,512,1,0.05,100,0.43166666666666675,0.035707142142714254,0.44930186733798905,0.030234719131240546
nci9,ICL,0.25,100,512,1,0.03,250,0.4291666666666667,0.046210568776705915,0.464577969816527,0.027812777693858544
nci9,ICL,0.45,100,512,1,0.03,250,0.4291666666666667,0.03530620027385809,0.4517287119076224,0.03373625443670834
nci9,ICL,0.3,100,512,1,0.03,300,0.42833333333333334,0.03947573094109005,0.44853875772886626,0.034200932797489265
nci9,ICL,0.45,100,512,1,0.03,100,0.42666666666666664,0.024944382578492935,0.4504732068940669,0.029998653930830656
nci9,ICL,0.3,100,512,1,0.03,100,0.4258333333333333,0.04064582799419067,0.4418905373900689,0.03964663952954935
nci9,ICL,0.3,100,512,1,0.03,50,0.4250000000000001,0.030956959368344514,0.4502285306163972,0.02817831008262429
nci9,ICL,0.35,100,512,1,0.03,100,0.4250000000000001,0.03708099243547831,0.44833558844076904,0.029080203059603453
nci9,ICL,0.45,100,512,1,0.03,50,0.425,0.032702361450580975,0.46047855865831033,0.03495503703055127
nci9,ICL,0.25,100,512,1,0.03,200,0.42416666666666664,0.04199040895781375,0.45519388752625345,0.03713386287123024
nci9,ICL,0.35,100,512,1,0.03,300,0.42333333333333334,0.043906466241064965,0.4540449983147291,0.035534665963165395
nci9,ICL,0.45,100,512,1,0.03,200,0.4216666666666667,0.048333333333333346,0.4464286396753094,0.03905752238294212
nci9,ICL,0.3,100,512,1,0.03,200,0.4208333333333333,0.03939648884524271,0.44887234490551675,0.021320005056576424
nci9,ICL,0.3,100,512,1,0.03,250,0.42000000000000004,0.04521553322083513,0.43863392242985116,0.038168392206931724
nci9,ICL,0.35,100,512,1,0.03,250,0.4175,0.043612880360431754,0.4425425285738803,0.028154774736248136
nci9,ICL,0.25,100,512,1,0.03,300,0.4166666666666667,0.035355339059327376,0.44640325852011,0.031949559570817174
nci9,ICL,0.35,100,512,1,0.03,150,0.4166666666666667,0.03535533905932738,0.44629173360296326,0.02998926142947086
nci9,ICL,0.35,100,512,1,0.03,200,0.41583333333333333,0.04165833249983329,0.44753863560910584,0.03759860811773397
nci9,ICL,0.3,100,512,1,0.05,50,0.41500000000000004,0.035707142142714254,0.4230779708275253,0.031305308403385156
nci9,ICL,0.15,100,512,1,0.02,250,0.4141666666666667,0.03585270794049826,0.4414965735534328,0.040063103690387715
nci9,ICL,0.45,100,512,1,0.03,150,0.41000000000000003,0.02380476142847617,0.43057981826231606,0.025270632706107417
nci9,ICL,0.2,100,512,1,0.01,300,0.4083333333333333,0.03184162195757135,0.4196766797409402,0.02903384360068081
nci9,ICL,0.3,100,512,1,0.01,300,0.40750000000000003,0.05309190145398827,0.428287521562073,0.05076388380874116
nci9,ICL,0.25,100,512,1,0.05,50,0.40666666666666673,0.03431876713662334,0.4283022797162192,0.03196420251801414
nci9,ICL,0.15,100,512,1,0.01,300,0.4033333333333333,0.03274480450731417,0.4243128562317365,0.03238527300192675
nci9,ICL,0.15,100,512,1,0.02,50,0.40249999999999997,0.036996621467371864,0.4161062533730913,0.034706170943961466
nci9,ICL,0.3,100,512,1,0.01,250,0.3991666666666667,0.043293250692868476,0.4202669406797108,0.032930416444565416
nci9,ICL,0.15,100,512,1,0.01,100,0.39583333333333337,0.05133630943753814,0.4157137606678229,0.046337271532264926
nci9,ICL,0.35,100,512,1,0.01,250,0.3941666666666667,0.034671073437857886,0.4104478785939989,0.032898220478579446
nci9,ICL,0.15,100,512,1,0.02,200,0.39416666666666667,0.030855847635956044,0.4137258165403194,0.03793286383604923
nci9,ICL,0.35,100,512,1,0.01,300,0.3933333333333334,0.03590109871423004,0.41677061873364823,0.03778183365295579
nci9,ICL,0.2,100,512,1,0.01,250,0.39333333333333337,0.04096068575814837,0.4170446984091652,0.04600202614701732
nci9,ICL,0.35,100,512,1,0.01,200,0.39249999999999996,0.039255219044379605,0.402408404764098,0.033227741431838306
nci9,ICL,0.15,100,512,1,0.02,300,0.3908333333333334,0.029568658332016967,0.4250941606077553,0.028179924478105682
nci9,ICL,0.15,100,512,1,0.02,100,0.3908333333333333,0.03003470215156685,0.41101652660104177,0.032682188978728335
nci9,ICL,0.15,100,512,1,0.02,150,0.3891666666666667,0.037739972914080856,0.4036746714755755,0.04393076230608577
nci9,ICL,0.15,100,512,1,0.01,50,0.38833333333333336,0.039475730941090054,0.39295994132016276,0.03379910562523668
nci9,ICL,0.3,100,512,1,0.01,100,0.3841666666666667,0.039255219044379605,0.3961616998873022,0.03662803498954633
nci9,ICL,0.3,100,512,1,0.01,200,0.38416666666666666,0.0409861087578598,0.4018536398419753,0.03534795310901505
nci9,ICL,0.2,100,512,1,0.01,200,0.3825,0.03226410113767658,0.4017683506651939,0.031543917232322645
nci9,ICL,0.35,100,512,1,0.01,150,0.3816666666666667,0.030686587732536633,0.4021233132596217,0.029229954428436303
nci9,ICL,0.15,100,512,1,0.01,150,0.37750000000000006,0.03546320471825537,0.4101788140125192,0.03377314545973429
nci9,ICL,0.15,100,512,1,0.01,250,0.3775,0.03302986863767737,0.3967035718138077,0.029512267930198347
nci9,ICL,0.15,100,512,1,0.01,200,0.37666666666666665,0.039228674319799414,0.39981928982398524,0.03592242077054232
nci9,ICL,0.3,100,512,1,0.01,150,0.37583333333333335,0.03394235309069385,0.3977690796874419,0.03341204177193683
nci9,ICL,0.2,100,512,1,0.01,100,0.37416666666666665,0.030945741046045246,0.40763858798430874,0.02974104449017084
nci9,ICL,0.2,100,512,1,0.01,150,0.37416666666666665,0.03554144685356022,0.3980855576988788,0.02540382092272071
nci9,ICL,0.35,100,512,1,0.01,100,0.37250000000000005,0.03623802484193152,0.38680378958192874,0.032924017190528995
nci9,ICL,0.2,100,512,1,0.01,50,0.3725,0.029474565306379007,0.36737513918261505,0.027794791030210514
nci9,ICL,0.3,100,512,1,0.01,50,0.35666666666666663,0.031797973380564865,0.360112287003841,0.03201831369268753
nci9,ICL,0.35,100,512,1,0.01,50,0.3458333333333333,0.0372211857235455,0.3472291434081963,0.02561240323727198
pcmac,ICL,0.25,100,512,1,0.03,50,0.520380854348945,0.01599856175207483,0.01814237657016558,0.016143362824124312
pcmac,ICL,0.3,100,512,1,0.03,50,0.5178589809572826,0.008122303086102114,0.002052319260075072,0.0009568359547440666
pcmac,ICL,0.95,100,512,1,0.05,50,0.5178075141533711,0.008335239170691913,0.0210042636878632,0.011848512589044291
pcmac,ICL,1.0,100,512,1,0.05,50,0.5177560473494596,0.00827959960975409,0.019953083549091335,0.011499385443732685
pcmac,ICL,0.35,100,512,1,0.03,50,0.5165208440555842,0.00855866797446109,0.014655586311453023,0.009910607602446624
pcmac,ICL,1.0,100,512,1,0.05,100,0.51515697375193,0.010243671885761899,0.012761285012467285,0.010529233128125476
pcmac,ICL,0.35,100,512,1,0.03,100,0.512789500772002,0.00936678156982335,0.004290699754872124,0.0060488186595281865
pcmac,ICL,0.45,100,512,1,0.03,50,0.5124292331446217,0.007362226909110022,0.004160061015154558,0.0016343387101937841
pcmac,ICL,0.6,100,512,1,0.08,150,0.5123777663407103,0.009582332480877509,0.009395594083662619,0.009596752902409961
pcmac,ICL,1.0,100,512,1,0.09,150,0.5123262995367988,0.006476387187739813,0.012158880153806595,0.008859566659277644
pcmac,ICL,1.0,100,512,1,0.09,50,0.5119145651055069,0.006532990607300166,0.015665116427371176,0.012710271707788325
pcmac,ICL,0.6,100,512,1,0.08,50,0.5118888317035512,0.00518615842044698,0.005937025531573527,0.0073675199141422275
pcmac,ICL,0.3,100,512,1,0.05,50,0.5108852290272774,0.0035406580176201158,0.020345629397742634,0.00886517053972533
pcmac,ICL,0.95,100,512,1,0.05,250,0.5108080288214103,0.006350469726841495,0.014348734757991255,0.009789916392519074
pcmac,ICL,0.25,100,512,1,0.03,100,0.5108080288214101,0.009960522024302853,0.006018320126272435,0.007590094279687174
pcmac,ICL,1.0,100,512,1,0.09,100,0.5107050952135872,0.007447764021484854,0.013742129904552078,0.012104218910405279
pcmac,ICL,1.0,100,512,1,0.05,200,0.5102676273803398,0.007739681603301755,0.01440631665108725,0.009458111244721176
pcmac,ICL,0.95,100,512,1,0.05,300,0.510061760164694,0.005496295631330215,0.013118209487820798,0.009230826488150419
pcmac,ICL,0.95,100,512,1,0.05,200,0.5100360267627381,0.004833497429490015,0.012636857710765396,0.008866331468261483
pcmac,ICL,1.0,100,512,1,0.09,300,0.5099073597529593,0.007597021532618654,0.013948018224903177,0.014264365181533206
pcmac,ICL,0.6,100,512,1,0.08,100,0.5098301595470921,0.005498524107621957,0.017206509418426053,0.009665131768637189
pcmac,ICL,1.0,100,512,1,0.05,150,0.5097014925373136,0.005366571260459784,0.014140178294998052,0.008922040001829529
pcmac,ICL,0.45,100,512,1,0.03,150,0.509444158517756,0.005895757701901725,0.005290808466363166,0.00482883285541573
pcmac,ICL,0.6,100,512,1,0.08,200,0.5094184251158003,0.007641737248466297,0.00696055747872251,0.009528223306082126
pcmac,ICL,1.0,100,512,1,0.09,200,0.5093926917138446,0.005125729358477129,0.01021022874973736,0.009392406246753969
pcmac,ICL,1.0,100,512,1,0.05,250,0.5093154915079774,0.006174729665223386,0.011761868644447627,0.00943871408593059
pcmac,ICL,0.25,100,512,1,0.05,150,0.5092897581060216,0.004008054801897605,0.016005986996810682,0.00800282732546039
pcmac,ICL,0.15,100,512,1,0.02,100,0.5092382913021102,0.006863586032097365,0.0025189370216960986,0.004100875207209862
pcmac,ICL,0.45,100,512,1,0.03,100,0.5092382913021101,0.00687900572556756,0.0035789201551264848,0.0030743775847437782
pcmac,ICL,0.35,100,512,1,0.01,100,0.5092125579001544,0.006707291634645365,0.009295741658564227,0.008817103921303448
pcmac,ICL,0.3,100,512,1,0.01,50,0.5091868244981987,0.00797864117262976,0.005052591707555216,0.006630853626005721
pcmac,ICL,0.35,100,512,1,0.01,50,0.5091868244981985,0.005832519691023091,0.007529865352397766,0.009012079822989287
pcmac,ICL,0.25,100,512,1,0.05,200,0.5091610910962429,0.004006815465599965,0.014195094426807827,0.009936341109731081
pcmac,ICL,0.95,100,512,1,0.05,150,0.5091096242923315,0.004788349294745444,0.009542057724748348,0.0093548578138331
pcmac,ICL,0.25,100,512,1,0.05,100,0.5088522902727741,0.005980123706709403,0.013168360858731742,0.008621737381969913
pcmac,ICL,1.0,100,512,1,0.09,250,0.5087236232629954,0.005603680935257455,0.010847379959403729,0.009780525466588414
pcmac,ICL,0.3,100,512,1,0.05,200,0.5086978898610396,0.00402100359951098,0.011831130552716252,0.010578522192881024
pcmac,ICL,0.6,100,512,1,0.08,250,0.5086464230571283,0.006089851845486796,0.00944878907126262,0.010608932820516592
pcmac,ICL,0.3,100,512,1,0.05,100,0.5085949562532166,0.004132114526334334,0.014592208315363139,0.008598575202651344
pcmac,ICL,0.25,100,512,1,0.05,300,0.5084662892434378,0.0025654795020827862,0.013474553412103105,0.0076919234282538315
pcmac,ICL,0.6,100,512,1,0.08,300,0.5084405558414823,0.005751631217300617,0.005683050427562845,0.00831785022141046
pcmac,ICL,0.15,100,512,1,0.01,250,0.5084405558414822,0.007680288906635046,0.008307199774775427,0.00709147639699378
pcmac,ICL,0.95,100,512,1,0.05,100,0.5083633556356151,0.004284051127241077,0.00828091762727973,0.006987730002520557
pcmac,ICL,0.2,100,512,1,0.01,250,0.5083118888317035,0.009597248023251518,0.011247402052278406,0.011219693044391025
pcmac,ICL,0.25,100,512,1,0.05,50,0.5082861554297479,0.005544100055376318,0.006805110902533688,0.006730633898847803
pcmac,ICL,0.25,100,512,1,0.05,250,0.5081574884199691,0.003618357900727757,0.012166733995887063,0.011491504251855434
pcmac,ICL,0.3,100,512,1,0.05,150,0.5079773546062789,0.0029250174448549418,0.015490700421228626,0.008630505955293029
pcmac,ICL,0.2,100,512,1,0.01,200,0.5078744209984559,0.009002425282176523,0.008894220663077034,0.006318836338397231
pcmac,ICL,0.3,100,512,1,0.05,250,0.5077972207925889,0.002354430497785136,0.010609155001914755,0.009426181236128633
pcmac,ICL,0.35,100,512,1,0.01,200,0.5077972207925888,0.006714938816437343,0.008145479294381194,0.00856526940209779
pcmac,ICL,0.2,100,512,1,0.01,50,0.5076428203808544,0.006092406689877248,0.002925582393218092,0.006434375122380708
pcmac,ICL,1.0,100,512,1,0.05,300,0.5074112197632528,0.004733547198796188,0.0054965868639262295,0.00689883838045264
pcmac,ICL,0.3,100,512,1,0.01,300,0.5074112197632527,0.007994602243540686,0.012593526278637407,0.011808334990097941
pcmac,ICL,0.25,100,512,1,0.03,200,0.5073597529593413,0.007741606466323205,0.0016682374100398945,0.0020987847659728383
pcmac,ICL,0.15,100,512,1,0.01,100,0.5073082861554297,0.0047285082329360205,0.0078981653489133,0.008287710783089994
pcmac,ICL,0.3,100,512,1,0.05,300,0.5072053525476068,0.0023217176672444616,0.01080810104557021,0.007823370239075358
pcmac,ICL,0.15,100,512,1,0.02,250,0.5071024189397838,0.006853206439697832,0.0054115419554464665,0.006961330017958225
pcmac,ICL,0.15,100,512,1,0.01,50,0.5070766855378281,0.006466973383113361,0.005537704976841002,0.0071613593348878735
pcmac,ICL,0.35,100,512,1,0.01,250,0.5070509521358724,0.003111933393274506,0.00823792872901923,0.007810817681760839
pcmac,ICL,0.35,100,512,1,0.03,250,0.5069222851260936,0.006323247219263375,0.002880073810222543,0.00465548796296193
pcmac,ICL,0.15,100,512,1,0.01,200,0.5067678847143593,0.004934576931553923,0.006060689896781506,0.005006809621814907
pcmac,ICL,0.2,100,512,1,0.01,150,0.5067421513124035,0.00802189019475635,0.006635960972142714,0.007393351741152369
pcmac,ICL,0.15,100,512,1,0.02,300,0.5067164179104477,0.004779698000027012,0.004324688043273583,0.006012124746760763
pcmac,ICL,0.2,100,512,1,0.01,100,0.5066649511065362,0.004292081510216458,0.00990897478549069,0.009292418681112833
pcmac,ICL,0.2,100,512,1,0.01,300,0.5065877509006691,0.005380927573574204,0.008672602672313127,0.008896247995006285
pcmac,ICL,0.3,100,512,1,0.01,250,0.5065877509006691,0.004430631247004804,0.0070275385327353765,0.007213559677066114
pcmac,ICL,0.3,100,512,1,0.03,150,0.5065877509006691,0.00536613936063531,0.0018623270773865087,0.0017363954528606636
pcmac,ICL,0.35,100,512,1,0.03,200,0.5065362840967575,0.006009947741428708,0.0024245532521993077,0.005408111936922507
pcmac,ICL,0.35,100,512,1,0.01,150,0.5063561502830674,0.005361633189196718,0.009422565945819408,0.009388332288481481
pcmac,ICL,0.15,100,512,1,0.01,150,0.5063561502830674,0.003937378687805323,0.006315026910728015,0.004402493743425975
pcmac,ICL,0.15,100,512,1,0.02,200,0.5061502830674216,0.0046276499157603245,0.0030867815140866004,0.005175928794814054
pcmac,ICL,0.3,100,512,1,0.01,200,0.5059701492537314,0.0038476384336728125,0.009052726319223804,0.008407501912690457
pcmac,ICL,0.35,100,512,1,0.03,150,0.5056870818322183,0.006031670084256046,0.00176515461417345,0.0017780126268797855
pcmac,ICL,0.25,100,512,1,0.03,250,0.505609881626351,0.004894490346049933,0.0024168886392230515,0.0034256443803213454
pcmac,ICL,0.3,100,512,1,0.03,300,0.505506948018528,0.0023841965665260885,0.007013377941323758,0.005874558094654193
pcmac,ICL,0.3,100,512,1,0.01,150,0.505404014410705,0.00629496030938576,0.006155827755298999,0.005582773642597363
pcmac,ICL,0.15,100,512,1,0.01,300,0.5053782810087493,0.002825874375336593,0.00444678528940925,0.003994288193433166
pcmac,ICL,0.45,100,512,1,0.03,300,0.5051981471950592,0.005887046512744751,0.0052641131981418995,0.006113782384527468
pcmac,ICL,0.25,100,512,1,0.03,150,0.5051466803911479,0.006559746511450737,0.002361953189148316,0.0018928465050852986
pcmac,ICL,0.35,100,512,1,0.03,300,0.5050952135872363,0.0032526042839577723,0.0030481126027177654,0.003310142995588337
pcmac,ICL,0.3,100,512,1,0.03,100,0.5050952135872362,0.00312806410684977,0.0016009458976034522,0.0019331612870977727
pcmac,ICL,0.3,100,512,1,0.03,200,0.5049408131755018,0.002933607822954208,0.0027722672401973712,0.002260687312752558
pcmac,ICL,0.45,100,512,1,0.03,250,0.5049150797735462,0.001687255786699484,0.0027703164094358976,0.0031876490901164025
pcmac,ICL,0.3,100,512,1,0.03,250,0.504915079773546,0.002394589498442482,0.005055774906286435,0.007111437748047129
pcmac,ICL,0.3,100,512,1,0.01,100,0.5048636129696347,0.0046504892533179186,0.006082449914754011,0.005167579238233928
pcmac,ICL,0.35,100,512,1,0.01,300,0.5048378795676789,0.004938936425170715,0.007179877966766372,0.00699540084414257
pcmac,ICL,0.15,100,512,1,0.02,50,0.5044518785383427,0.00515510119139368,0.0015863598003383768,0.002196723850467397
pcmac,ICL,0.45,100,512,1,0.03,200,0.504246011322697,0.0027947706667029323,0.0036968263003327876,0.004301626038325625
pcmac,ICL,0.15,100,512,1,0.02,150,0.5041173443129182,0.0023836410039957605,0.0024897337048016754,0.0034187357022222647
pcmac,ICL,0.25,100,512,1,0.03,300,0.5039114770972725,0.001862074371088571,0.002411831649979183,0.002752040181902155
relathe,ICL,0.25,100,512,1,0.03,50,0.5571128241065171,1.1102230246251565e-16,0.02379423492168775,0.0
relathe,ICL,0.35,100,512,1,0.03,50,0.5571128241065171,1.1102230246251565e-16,0.02379423492168775,0.0
relathe,ICL,0.3,100,512,1,0.03,50,0.5567624386825508,0.0039796134168186914,0.023257567247652076,0.0071288513100503815
relathe,ICL,0.15,100,512,1,0.02,50,0.5566923615977575,0.00707535673354927,0.02000774809934292,0.007407625894989489
relathe,ICL,0.45,100,512,1,0.03,50,0.5562368605466012,0.0038182366358975877,0.022939997829736793,0.0037235331576382794
relathe,ICL,0.25,100,512,1,0.03,150,0.5555010511562717,0.0049158962599286865,0.02091188341408735,0.006980002232971179
relathe,ICL,0.3,100,512,1,0.05,250,0.5553959355290818,0.007861371558367306,0.021179530769528967,0.005921908717604732
relathe,ICL,0.35,100,512,1,0.03,150,0.5549754730203222,0.005246312423322124,0.020778834878239207,0.007304444598259837
relathe,ICL,0.15,100,512,1,0.02,100,0.5546601261387526,0.012983186624841563,0.01837674477724549,0.00689485693319667
relathe,ICL,0.25,100,512,1,0.03,100,0.5540995094604064,0.007340051962198763,0.01975957883566968,0.0072804999642134185
relathe,ICL,0.95,100,512,1,0.05,150,0.5540294323756132,0.009313663756600511,0.01954154124656845,0.006933575057421791
relathe,ICL,0.3,100,512,1,0.03,100,0.5539243167484231,0.011509454518332043,0.0192144351922524,0.0075482887748467365
relathe,ICL,0.35,100,512,1,0.03,200,0.5536790469516466,0.006100732466324291,0.018376346690532876,0.009526086373497668
relathe,ICL,1.0,100,512,1,0.05,50,0.5536440084092501,0.008809876942214589,0.02221092421926306,0.005003632328447032
relathe,ICL,0.35,100,512,1,0.03,100,0.5533637000700768,0.009705802735976835,0.018385821882760632,0.0091637120731085
relathe,ICL,0.15,100,512,1,0.02,250,0.5531885073580939,0.01087301920135965,0.012027208146505285,0.01007424650063831
relathe,ICL,0.3,100,512,1,0.03,300,0.5531885073580938,0.007732014781217488,0.00930946095881936,0.008091915158692302
relathe,ICL,0.3,100,512,1,0.03,250,0.5529782761037139,0.00826464075339849,0.010604871248389882,0.007916934144965287
relathe,ICL,0.35,100,512,1,0.03,300,0.5526979677645409,0.008300807437589198,0.007449643723905694,0.00654449482552695
relathe,ICL,0.95,100,512,1,0.05,250,0.5525227750525576,0.0169065596445108,0.021850445743173567,0.010164576190558898
relathe,ICL,0.35,100,512,1,0.03,250,0.5524176594253678,0.010632566785866764,0.021009177690335484,0.007057769840102734
relathe,ICL,0.45,100,512,1,0.03,300,0.5523475823405747,0.006843198663340569,0.007107631159231864,0.006954401488901849
relathe,ICL,0.95,100,512,1,0.05,200,0.5521723896285914,0.018040562556785978,0.022142836940537848,0.015126945118847206
relathe,ICL,0.3,100,512,1,0.03,150,0.5520672740014014,0.009502101272460164,0.018524326922814367,0.008051569302498122
relathe,ICL,0.2,100,512,1,0.01,50,0.551927119831815,0.019554394925976347,0.022495196040718125,0.00681033970870276
relathe,ICL,0.6,100,512,1,0.08,250,0.5515767344078485,0.016866463960072745,0.018910209282106995,0.012628626932190452
relathe,ICL,0.3,100,512,1,0.03,200,0.5514365802382619,0.012873791803315209,0.019051677432805187,0.010733578177159708
relathe,ICL,0.45,100,512,1,0.03,250,0.5513665031534688,0.008893441942137347,0.013184037676074834,0.006740695579334491
relathe,ICL,0.15,100,512,1,0.01,50,0.5512263489838822,0.017925767601526133,0.02132343981759833,0.008250065056671675
relathe,ICL,1.0,100,512,1,0.05,200,0.551156271899089,0.015056791857591956,0.02077630787012555,0.007378144766887412
relathe,ICL,0.6,100,512,1,0.08,300,0.5511212333566922,0.012830949652520383,0.02074719226638825,0.009470697240543764
relathe,ICL,0.95,100,512,1,0.05,50,0.5508058864751225,0.01097774923807478,0.020266421087486546,0.005642500215296489
relathe,ICL,0.15,100,512,1,0.02,200,0.5508058864751224,0.014607332575806478,0.01580120262177142,0.01196751461072349
relathe,ICL,0.25,100,512,1,0.05,250,0.5507358093903292,0.011075505341699418,0.02209132672108053,0.014949364776894694
relathe,ICL,0.15,100,512,1,0.02,300,0.5506657323055361,0.013777946155508912,0.017032265762869477,0.011358728452799683
relathe,ICL,0.3,100,512,1,0.05,100,0.5506306937631393,0.00937010813178707,0.018257909260261135,0.008363345058632772
relathe,ICL,1.0,100,512,1,0.05,250,0.5504905395935528,0.018032394447119907,0.02098947563968943,0.01078728419527174
relathe,ICL,0.6,100,512,1,0.08,150,0.5504555010511563,0.018084097444024144,0.024702409265167286,0.007964110681029105
relathe,ICL,0.25,100,512,1,0.03,200,0.5504204625087595,0.012996371150553163,0.02382790648487485,0.01161040498935989
relathe,ICL,0.25,100,512,1,0.03,250,0.5503153468815698,0.0072254198183438435,0.0098887931001922,0.007429655872925157
relathe,ICL,0.25,100,512,1,0.05,100,0.5502102312543796,0.01758261149630826,0.02349759488511611,0.013941239591354225
relathe,ICL,0.25,100,512,1,0.03,300,0.5497897687456201,0.00851796982792535,0.0073146676954469,0.007860563032504077
relathe,ICL,1.0,100,512,1,0.05,100,0.5495795374912402,0.016238956372484868,0.024728452594323245,0.006549352441784806
relathe,ICL,0.95,100,512,1,0.05,100,0.5495444989488436,0.015358876383095264,0.0197809570916371,0.008590015820282439
relathe,ICL,0.25,100,512,1,0.05,300,0.5494393833216538,0.013864773806134273,0.017718102347155103,0.01056351560727093
relathe,ICL,0.6,100,512,1,0.08,100,0.5493693062368604,0.013066088101409148,0.02403951417321358,0.012774214639820178
relathe,ICL,0.25,100,512,1,0.05,200,0.5493342676944638,0.01072408382965835,0.018958208355460117,0.008467168155245794
relathe,ICL,0.15,100,512,1,0.02,150,0.5492992291520672,0.017449440366603293,0.018358722983862336,0.008642789157357058
relathe,ICL,1.0,100,512,1,0.05,300,0.5491590749824806,0.01718428867300312,0.01536989751862472,0.012654226154207086
relathe,ICL,0.6,100,512,1,0.08,200,0.5489838822704974,0.01627147053270668,0.02171224456199092,0.011296816610386184
relathe,ICL,0.15,100,512,1,0.01,150,0.5487736510161179,0.015442261201244615,0.02267754378659358,0.00848655805621957
relathe,ICL,0.95,100,512,1,0.05,300,0.5487736510161176,0.013100666882676403,0.018634649870209227,0.008831253933319082
relathe,ICL,0.3,100,512,1,0.05,200,0.5486334968465311,0.013281225344432039,0.024883980707475748,0.01821513817487374
relathe,ICL,0.3,100,512,1,0.05,150,0.5484933426769445,0.01184302733006308,0.021332956393396347,0.013969215145184781
relathe,ICL,0.35,100,512,1,0.01,50,0.548353188507358,0.019346225867781265,0.02388077379419689,0.004780595139865682
relathe,ICL,0.45,100,512,1,0.03,200,0.5480728801681849,0.01607333699486872,0.02153935107618087,0.007823047301814365
relathe,ICL,0.15,100,512,1,0.01,200,0.5477925718290119,0.01734050347871613,0.02087123719336499,0.012234035387985986
relathe,ICL,1.0,100,512,1,0.09,250,0.5471969166082691,0.015220244332435108,0.02189649185132041,0.01012692107958933
relathe,ICL,0.45,100,512,1,0.03,100,0.5464260686755431,0.01680225067600187,0.020533985982254973,0.009255888981026182
relathe,ICL,0.15,100,512,1,0.01,300,0.5463910301331464,0.016146800509591396,0.018279089632876576,0.011716830587004859
relathe,ICL,0.6,100,512,1,0.08,50,0.5461107217939732,0.017746390465484083,0.026120787721113224,0.013207293385074126
relathe,ICL,0.3,100,512,1,0.05,50,0.5459705676243867,0.015127401207535394,0.021308650047327734,0.0074633030971828366
relathe,ICL,0.3,100,512,1,0.01,50,0.5458304134548003,0.020300473927460722,0.024221414723691527,0.013304904852993299
relathe,ICL,0.2,100,512,1,0.01,200,0.5457953749124036,0.02013088523222313,0.02324049760548794,0.009793416409568101
relathe,ICL,0.15,100,512,1,0.01,100,0.5456902592852138,0.01934444892360145,0.021456177249460456,0.015766247463972625
relathe,ICL,1.0,100,512,1,0.09,300,0.5456902592852138,0.014286275508726085,0.020495002157466382,0.010647798225186444
relathe,ICL,1.0,100,512,1,0.05,150,0.5453398738612474,0.01877176624291096,0.024142154394458083,0.009703038576778827
relathe,ICL,0.25,100,512,1,0.05,150,0.5446391030133146,0.015089534499224464,0.02410380486214294,0.01837650460427477
relathe,ICL,0.2,100,512,1,0.01,250,0.5444639103013315,0.016484470549269607,0.020178400800424608,0.010019144698627028
relathe,ICL,0.25,100,512,1,0.05,50,0.5441485634197616,0.014723694151276643,0.019512298910898337,0.00840541925509746
relathe,ICL,1.0,100,512,1,0.09,200,0.5432725998598457,0.02352114672224187,0.025015435045413214,0.011808753615033004
relathe,ICL,1.0,100,512,1,0.09,50,0.5420812894183602,0.020045568172525795,0.03638418372265891,0.021925992090556363
relathe,ICL,0.45,100,512,1,0.03,150,0.541800981079187,0.020587968912563415,0.023312311929205742,0.010477005767917795
relathe,ICL,0.15,100,512,1,0.01,250,0.5416257883672039,0.015357757263562585,0.019308653861815565,0.015064864130242819
relathe,ICL,0.2,100,512,1,0.01,300,0.5415557112824105,0.017401990057004265,0.021548033594856072,0.012862807659181361
relathe,ICL,0.2,100,512,1,0.01,150,0.5414155571128241,0.021531348233450518,0.025422539648264707,0.011599437249535707
relathe,ICL,0.35,100,512,1,0.01,300,0.5410651716888577,0.019727539529607475,0.023328158444620543,0.00942506211295859
relathe,ICL,0.3,100,512,1,0.05,300,0.5407848633496847,0.02038400141694938,0.02338900342599046,0.017163669623939108
relathe,ICL,0.35,100,512,1,0.01,200,0.5401191310441484,0.019068018554280856,0.02404475383913863,0.008408066900976393
relathe,ICL,0.3,100,512,1,0.01,300,0.538822704975473,0.018845264313542526,0.020978794592756037,0.012344834131026378
relathe,ICL,0.2,100,512,1,0.01,100,0.5385774351786965,0.02033138407045175,0.024528095356176713,0.013931524699821958
relathe,ICL,0.3,100,512,1,0.01,100,0.5382971268395236,0.018971712532552486,0.02431445655312021,0.019730167714126754
relathe,ICL,1.0,100,512,1,0.09,150,0.5380168185003502,0.021569488782028565,0.028622657467215325,0.012713454496165984
relathe,ICL,0.35,100,512,1,0.01,150,0.5378065872459705,0.016878942722484365,0.022064804604358192,0.013851638816455236
relathe,ICL,0.35,100,512,1,0.01,250,0.5369306236860547,0.01893326694384159,0.02388176845612921,0.011370963631234804
relathe,ICL,0.35,100,512,1,0.01,100,0.5363700070077084,0.014716855192261685,0.027188247941768856,0.021407350457937766
relathe,ICL,1.0,100,512,1,0.09,100,0.536124737210932,0.01861661429910765,0.024434351168324674,0.014659385955902712
relathe,ICL,0.3,100,512,1,0.01,200,0.5358794674141556,0.017103833971527593,0.027600625812239515,0.022345708917844192
relathe,ICL,0.3,100,512,1,0.01,250,0.5352838121934128,0.01565446631376649,0.025028736109307854,0.018171945849618183
relathe,ICL,0.3,100,512,1,0.01,150,0.5347582340574633,0.019258962797290155,0.02921323328207278,0.014772362223992497
orl,ICL,1.0,100,512,1,0.09,300,0.5511250000000001,0.026070517351982094,0.7575839607131802,0.012361019865693502
orl,ICL,0.25,100,512,1,0.03,300,0.5458749999999999,0.031037024261355982,0.7467950231946985,0.014761975663933882
orl,ICL,0.6,100,512,1,0.08,300,0.5433749999999999,0.021261394004156914,0.7452759814597463,0.008537808543373642
orl,ICL,1.0,100,512,1,0.09,250,0.5431250000000001,0.030361107934329414,0.7503324347283687,0.012207107065904832
orl,ICL,0.45,100,512,1,0.03,250,0.542375,0.020424785800590425,0.7435952997737152,0.00914746803357557
orl,ICL,1.0,100,512,1,0.05,150,0.5405,0.023777615523849313,0.7413253727023137,0.011239863832142568
orl,ICL,0.95,100,512,1,0.05,300,0.53975,0.023196174253527234,0.739541327112126,0.01298514711088993
orl,ICL,0.3,100,512,1,0.03,300,0.5373749999999999,0.019897785680823888,0.7411522018987257,0.011055468517550777
orl,ICL,0.45,100,512,1,0.03,300,0.53725,0.025895221566922335,0.7442020685086671,0.014450857150557302
orl,ICL,1.0,100,512,1,0.05,300,0.5370000000000001,0.019630970429400582,0.7417101416826128,0.01132552713716024
orl,ICL,0.6,100,512,1,0.08,250,0.53525,0.01883978503062071,0.7405657371312967,0.007826666250081939
orl,ICL,0.3,100,512,1,0.01,300,0.535,0.019088609168821078,0.7382759783713952,0.011367537753679057
orl,ICL,0.15,100,512,1,0.02,250,0.534625,0.02812111084221246,0.7460249511431342,0.015161870859799842
orl,ICL,0.35,100,512,1,0.03,250,0.533375,0.026401645308578782,0.7422295640704573,0.01188100023867563
orl,ICL,1.0,100,512,1,0.09,200,0.5329999999999998,0.02790161285660741,0.7454474306336916,0.014506849941347273
orl,ICL,0.2,100,512,1,0.01,300,0.532375,0.027956159875776928,0.7365412177701027,0.013569039653662998
orl,ICL,0.15,100,512,1,0.02,200,0.531625,0.02208329402512226,0.7468949922008339,0.012238166020214221
orl,ICL,0.3,100,512,1,0.05,200,0.5312499999999999,0.02254855871225476,0.736107146974379,0.010911960020447403
orl,ICL,1.0,100,512,1,0.05,250,0.530625,0.019330594274362085,0.7375448537369744,0.008056916415453821
orl,ICL,0.95,100,512,1,0.05,250,0.5305,0.031618823507524756,0.7360559659057373,0.013842495606969506
orl,ICL,0.35,100,512,1,0.03,300,0.5299999999999999,0.019493588689617942,0.7395176710891574,0.010543148557274869
orl,ICL,0.3,100,512,1,0.05,300,0.5298750000000001,0.018413225545786394,0.735756647247985,0.010638017660582887
orl,ICL,0.15,100,512,1,0.02,300,0.529625,0.01622642520705039,0.7412026334174059,0.010660874435021178
orl,ICL,0.25,100,512,1,0.05,300,0.5286250000000001,0.017774191261489238,0.7336881687936546,0.009157106383546196
orl,ICL,0.2,100,512,1,0.01,200,0.528,0.019805302320338364,0.7321866276347111,0.010626038603418073
orl,ICL,0.25,100,512,1,0.03,250,0.527625,0.021042739246590524,0.7393907178038048,0.012542162291068273
orl,ICL,0.3,100,512,1,0.05,250,0.527375,0.024742107327388276,0.7353747591468291,0.011949603289994282
orl,ICL,1.0,100,512,1,0.09,150,0.5272499999999999,0.017834306827011814,0.7413982043404024,0.00985511849715481
orl,ICL,1.0,100,512,1,0.05,200,0.5271250000000001,0.020845787943850908,0.7395511535399861,0.011162539784576118
orl,ICL,0.3,100,512,1,0.01,250,0.5269999999999999,0.02531797780234433,0.7306288478107092,0.010055394396458065
orl,ICL,1.0,100,512,1,0.05,100,0.526875,0.01878954163890115,0.7278063036259146,0.0103743138876221
orl,ICL,0.3,100,512,1,0.03,250,0.526375,0.023458407341505522,0.7351973913071012,0.01259033394949791
orl,ICL,0.45,100,512,1,0.03,200,0.5245,0.02613187708527652,0.7347636426062356,0.010732641068447436
orl,ICL,0.6,100,512,1,0.08,200,0.5237499999999999,0.014042346669983625,0.7352902500817842,0.011412032363345691
orl,ICL,0.25,100,512,1,0.03,200,0.5237499999999999,0.021787324296480292,0.7325530330135294,0.010650337009066436
orl,ICL,0.35,100,512,1,0.03,200,0.5226250000000001,0.01815686853507511,0.731678672180267,0.009059901572808697
orl,ICL,0.15,100,512,1,0.01,250,0.522375,0.023405060884347215,0.7300070034991638,0.01326467050541401
orl,ICL,0.3,100,512,1,0.01,200,0.5221249999999998,0.020950462405398128,0.7253726903223512,0.011663564806936711
orl,ICL,0.15,100,512,1,0.01,300,0.5217500000000002,0.01606821396422141,0.7291064189225782,0.010298727579303606
orl,ICL,0.3,100,512,1,0.03,200,0.521625,0.02257314499576877,0.7332861428336492,0.010508676397482472
orl,ICL,0.95,100,512,1,0.05,200,0.52125,0.018915932438026955,0.7286856936108965,0.01165711684403491
orl,ICL,0.25,100,512,1,0.05,250,0.520875,0.023093221408023605,0.7283990581565101,0.011103269529179458
orl,ICL,0.35,100,512,1,0.01,300,0.5202500000000001,0.02423710997623273,0.7356458295049506,0.011776114528753677
orl,ICL,0.15,100,512,1,0.02,150,0.5198750000000001,0.01956519550119549,0.7323725994556416,0.013251963687233692
orl,ICL,0.2,100,512,1,0.01,150,0.51875,0.01916213714594488,0.7239565470375342,0.010670472106498161
orl,ICL,0.2,100,512,1,0.01,250,0.5185,0.023430749027719976,0.727615662462901,0.012255381353971573
orl,ICL,0.15,100,512,1,0.01,200,0.5167499999999999,0.019171919570037856,0.7224312390029954,0.008111162145388602
orl,ICL,0.35,100,512,1,0.01,200,0.516375,0.021087244367152383,0.725051163383543,0.012912407057657697
orl,ICL,0.3,100,512,1,0.05,150,0.516,0.025216562017848512,0.724270152270163,0.013811661696674969
orl,ICL,0.45,100,512,1,0.03,150,0.5157499999999999,0.02420098138505958,0.727384054342091,0.01371498128460813
orl,ICL,0.6,100,512,1,0.08,150,0.5155000000000001,0.01333697866834915,0.7289882614773254,0.007568049744586675
orl,ICL,0.35,100,512,1,0.03,150,0.514375,0.023583296525295182,0.7250010620131183,0.012413072589229423
orl,ICL,1.0,100,512,1,0.09,100,0.513875,0.018548500613257135,0.7354759503387426,0.009342153313409075
orl,ICL,0.95,100,512,1,0.05,150,0.513875,0.025143028357777424,0.7192969668955352,0.010758919520850079
orl,ICL,0.25,100,512,1,0.03,150,0.51175,0.02311790431678443,0.7184264190269428,0.012706440179185641
orl,ICL,0.35,100,512,1,0.01,250,0.509625,0.02213982554131808,0.7257483517252024,0.009421619789946762
orl,ICL,0.15,100,512,1,0.02,100,0.5085,0.021145330453790506,0.7157198892855645,0.010039397799186752
orl,ICL,0.6,100,512,1,0.08,100,0.508125,0.016486263221239677,0.7246353444979198,0.010156513175112243
orl,ICL,0.3,100,512,1,0.01,150,0.5081249999999999,0.028183272964650504,0.7161746761002461,0.012147952899920239
orl,ICL,0.3,100,512,1,0.03,150,0.5079999999999998,0.018768324379123454,0.7211015667848393,0.009375550332529155
orl,ICL,0.35,100,512,1,0.01,150,0.5065,0.02541407090570104,0.7217206974241211,0.009779460098428018
orl,ICL,0.25,100,512,1,0.05,200,0.5041249999999999,0.02582725062797044,0.7170234378789584,0.013656759604212044
orl,ICL,0.15,100,512,1,0.01,150,0.5039999999999999,0.025401771591761078,0.7212029434429003,0.012130357577131252
orl,ICL,0.25,100,512,1,0.03,100,0.50325,0.020001562438969618,0.7111942026023195,0.00919300703229157
orl,ICL,0.45,100,512,1,0.03,100,0.5013749999999999,0.018548500613257128,0.7160539250503051,0.010117318238373169
orl,ICL,1.0,100,512,1,0.05,50,0.5007499999999999,0.0142981642178288,0.7083035788012767,0.007855755138729275
orl,ICL,0.95,100,512,1,0.05,100,0.495625,0.02388612306340232,0.7083025512768641,0.013068649813240575
orl,ICL,0.3,100,512,1,0.05,100,0.49549999999999994,0.02352658071203718,0.710257764112298,0.012823612510901151
orl,ICL,0.25,100,512,1,0.05,150,0.4937500000000001,0.025143339078173364,0.7015065583750688,0.011316575332354388
orl,ICL,0.3,100,512,1,0.03,100,0.4925,0.018405162319305956,0.7071287773514547,0.00935047429381448
orl,ICL,0.35,100,512,1,0.01,100,0.489,0.020223748416156682,0.7091631926580864,0.011430409002340896
orl,ICL,0.35,100,512,1,0.03,100,0.48725000000000007,0.018756665481902687,0.70380888506171,0.010409132379044237
orl,ICL,0.15,100,512,1,0.01,100,0.4854999999999999,0.02053350919838106,0.7010931553509765,0.010508917633075978
orl,ICL,0.2,100,512,1,0.01,100,0.4833750000000001,0.020528562419224582,0.6992232397736704,0.012350013119558426
orl,ICL,0.3,100,512,1,0.01,100,0.4821250000000001,0.018662713495094966,0.7020591677607604,0.01063078404382712
orl,ICL,0.6,100,512,1,0.08,50,0.48050000000000004,0.02348669836311608,0.6994441711837623,0.012248592855438039
orl,ICL,0.25,100,512,1,0.05,100,0.47574999999999995,0.012427288521636555,0.6876350451541229,0.0073129789180998205
orl,ICL,1.0,100,512,1,0.09,50,0.47175,0.017249999999999995,0.6957183571849112,0.012150992202198002
orl,ICL,0.15,100,512,1,0.02,50,0.461,0.02046948949045872,0.6801703544849528,0.012563024454065331
orl,ICL,0.35,100,512,1,0.03,50,0.453,0.015504031733713657,0.6732640584470047,0.008995015195754163
orl,ICL,0.45,100,512,1,0.03,50,0.4517500000000001,0.02365243116468157,0.6711257073267232,0.013657687740900959
orl,ICL,0.25,100,512,1,0.05,50,0.44925,0.016184483309639508,0.6650322239756725,0.008786888883433016
orl,ICL,0.95,100,512,1,0.05,50,0.4451249999999999,0.020577217377478422,0.6711678674165877,0.009148437149477223
orl,ICL,0.25,100,512,1,0.03,50,0.44387499999999996,0.019533224900154106,0.660042653708911,0.01203051822516081
orl,ICL,0.3,100,512,1,0.05,50,0.44362499999999994,0.0181568685350751,0.6641312558621912,0.009965722368815072
orl,ICL,0.35,100,512,1,0.01,50,0.42925,0.019670726981990273,0.6543467109988775,0.009606962186919133
orl,ICL,0.15,100,512,1,0.01,50,0.428625,0.019960507884319984,0.6559591499071107,0.009805087553569914
orl,ICL,0.3,100,512,1,0.01,50,0.4210000000000001,0.01747140520965615,0.6523858139256428,0.011260928748147343
orl,ICL,0.3,100,512,1,0.03,50,0.415125,0.01718420422946608,0.6426236730101358,0.008901579694974555
orl,ICL,0.2,100,512,1,0.01,50,0.41362499999999996,0.02198685686950274,0.6466748648587652,0.014297909329378434
