Dataset,Method,DiversityWeight,Epochs,LatentDim,Heads,Temperature,NumSelected,AccuracyMean,AccuracyStd,NMIMean,NMIStd
coil20,ICL,0.55,100,512,1,0.05,200,0.691875,0.027157217596664663,0.7775088177636713,0.011630149671563596
coil20,ICL,0.15,100,512,1,0.05,200,0.6871180555555555,0.029889743217602224,0.7905325965759801,0.012996919902463523
coil20,ICL,0.15,100,512,1,0.05,300,0.6825694444444446,0.02829288029906613,0.7912901508033487,0.0102085410960202
coil20,ICL,0.15,100,512,1,0.07,200,0.6793402777777778,0.03940803961165728,0.7855427356189463,0.017161614071294035
coil20,ICL,0.35,100,512,1,0.04,200,0.6786805555555555,0.034322069237276404,0.779466377237347,0.01114689062011283
coil20,ICL,0.55,100,512,1,0.05,250,0.6765972222222222,0.030515361821527937,0.7735414802833047,0.014073853311438827
coil20,ICL,0.55,100,512,1,0.05,300,0.6757986111111112,0.032508809199048236,0.7684754847474207,0.01526495542431124
coil20,ICL,0.15,100,512,1,0.05,250,0.6754166666666668,0.0335657407279697,0.7870907488188339,0.01299020671401582
coil20,ICL,0.45,100,512,1,0.08,150,0.6747916666666667,0.03183488155533134,0.7693698982248022,0.017088297356509862
coil20,ICL,0.45,100,512,1,0.08,100,0.6735763888888889,0.026192134744111716,0.7658393248941017,0.015722919496114672
coil20,ICL,1.0,100,512,1,0.06,250,0.6734722222222221,0.037978937470103426,0.7687630886811456,0.017485912830285943
coil20,ICL,0.7,100,512,1,0.07,150,0.6734027777777778,0.02402025010534771,0.7609163860592003,0.010987346681027478
coil20,ICL,0.25,100,512,1,0.05,300,0.6725694444444444,0.039556216345136064,0.7755414558441549,0.017269352307867
coil20,ICL,0.15,100,512,1,0.07,150,0.6714583333333334,0.028508530372720824,0.7891606316470694,0.012540305714252516
coil20,ICL,0.4,100,512,1,0.06,250,0.6709722222222223,0.036341147647613974,0.7856543188372564,0.016124866871273166
coil20,ICL,0.95,100,512,1,0.04,250,0.6705902777777778,0.03004969119595445,0.7584523686850634,0.015185410585183785
coil20,ICL,0.7,100,512,1,0.07,100,0.6693749999999999,0.02817673568108938,0.7524216519943885,0.00926264209859383
coil20,ICL,0.9,100,512,1,0.02,200,0.6688541666666666,0.035247605070336974,0.776198101764058,0.015954060703874784
coil20,ICL,0.55,100,512,1,0.05,100,0.6685416666666667,0.03586864377811741,0.7623245296357853,0.016460841853525927
coil20,ICL,0.5,100,512,1,0.06,250,0.6671527777777778,0.029595964309261185,0.7717612627835255,0.01110279626392343
coil20,ICL,0.5,100,512,1,0.06,250,0.6671527777777778,0.029595964309261185,0.7717612627835255,0.01110279626392343
coil20,ICL,0.45,100,512,1,0.08,200,0.6660763888888889,0.0401418173431921,0.7714576560509949,0.020643633754572368
coil20,ICL,0.15,100,512,1,0.07,250,0.6655208333333332,0.04357619521869313,0.7837753361032631,0.016523740224577158
coil20,ICL,1.0,100,512,1,0.06,300,0.6651041666666667,0.03212199675518512,0.7671913016166215,0.016099975028932786
coil20,ICL,0.6,100,512,1,0.02,200,0.6649652777777777,0.027457770430637764,0.7576428749560026,0.010993132771592057
coil20,ICL,0.45,100,512,1,0.15,300,0.664861111111111,0.03245173885846908,0.7639331005643891,0.01797195020972314
coil20,ICL,0.25,100,512,1,0.05,200,0.6646527777777779,0.028350774179992665,0.7607996631466323,0.014028142015172544
coil20,ICL,0.15,100,512,1,0.07,300,0.6645486111111112,0.03267763288508244,0.7816595273607463,0.013382790015077384
coil20,ICL,0.45,100,512,1,0.08,250,0.6643055555555556,0.039001201904556734,0.7744665732515547,0.01649542389353246
coil20,ICL,0.25,100,512,1,0.05,250,0.6636111111111112,0.03684706778457395,0.7702611796269359,0.01728344191745019
coil20,ICL,0.3,100,512,1,0.1,50,0.6636111111111112,0.02673602092336881,0.7373343012647269,0.013241283697476057
coil20,ICL,0.1,100,512,1,0.07,200,0.6626388888888889,0.027809530462916867,0.7760588163454007,0.014298645405056478
coil20,ICL,0.1,100,512,1,0.07,200,0.6626388888888889,0.027809530462916867,0.7760588163454007,0.014298645405056478
coil20,ICL,0.45,100,512,1,0.07,200,0.6613541666666666,0.028972797313723413,0.756178694035217,0.012659190996310632
coil20,ICL,0.5,100,512,1,0.06,200,0.6594444444444444,0.044598474410601614,0.7784299339357355,0.015714842112140377
coil20,ICL,0.5,100,512,1,0.06,200,0.6594444444444444,0.044598474410601614,0.7784299339357355,0.015714842112140377
coil20,ICL,0.9,100,512,1,0.1,300,0.6586805555555555,0.026862076996307552,0.7751553559481726,0.01831813061650373
coil20,ICL,0.5,100,512,1,0.05,300,0.6583333333333334,0.037289144855762985,0.768300238528497,0.016440121704463868
coil20,ICL,0.5,100,512,1,0.05,300,0.6583333333333334,0.037289144855762985,0.768300238528497,0.016440121704463868
coil20,ICL,0.9,100,512,1,0.02,100,0.6582986111111111,0.0368464624612797,0.7864821854944442,0.013789423340552553
coil20,ICL,0.35,100,512,1,0.04,150,0.6580208333333333,0.028022769449840043,0.7765144128523629,0.015845362105927446
coil20,ICL,1.0,100,512,1,0.04,300,0.6579861111111112,0.03390745450013923,0.7551716510094104,0.013045899021846089
coil20,ICL,0.55,100,512,1,0.05,150,0.6577777777777778,0.03370782115162775,0.762723426977945,0.01444936292136224
coil20,ICL,0.7,100,512,1,0.08,100,0.6577430555555556,0.03248061135218561,0.7624922593621114,0.013607464864685717
coil20,ICL,0.6,100,512,1,0.02,150,0.6577430555555556,0.025920807509795602,0.7471666272258001,0.014131375468938372
coil20,ICL,0.25,100,512,1,0.05,150,0.6576388888888889,0.03273405157807462,0.7567932758658913,0.017304125690607196
coil20,ICL,0.9,100,512,1,0.04,200,0.6573611111111111,0.030518759410007576,0.7509567218281334,0.01570926121577557
coil20,ICL,0.4,100,512,1,0.06,100,0.657048611111111,0.044014453710305976,0.7840744933513762,0.020499383668255357
coil20,ICL,0.45,100,512,1,0.07,50,0.6559027777777777,0.035341355112287934,0.7506369579893285,0.012677864147706846
coil20,ICL,0.25,100,512,1,0.07,250,0.6558333333333333,0.02997829075625672,0.7820765232721911,0.013832585533180519
coil20,ICL,0.45,100,512,1,0.07,250,0.6557986111111112,0.02892448644800567,0.7577634908565593,0.01272904072535923
coil20,ICL,0.9,100,512,1,0.05,200,0.654513888888889,0.03826792174754912,0.7606581052798861,0.01629357422600361
coil20,ICL,0.3,100,512,1,0.08,250,0.6544444444444444,0.0202718313198815,0.7584378757961473,0.009000107753690352
coil20,ICL,0.95,100,512,1,0.02,100,0.6541666666666667,0.03156248090086208,0.7738047220624694,0.012412737414438667
coil20,ICL,0.4,100,512,1,0.07,300,0.6540625,0.03383610629372668,0.7614191597734599,0.014937048342376509
coil20,ICL,0.5,100,512,1,0.04,300,0.6538888888888889,0.03255930012594494,0.7617961905270085,0.013032594145732494
coil20,ICL,0.5,100,512,1,0.04,300,0.6538888888888889,0.03255930012594494,0.7617961905270085,0.013032594145732494
coil20,ICL,1.0,100,512,1,0.04,250,0.6538541666666668,0.03718584652408713,0.7575077423921506,0.011829479951568567
coil20,ICL,0.9,100,512,1,0.04,300,0.6537847222222223,0.027920186172561486,0.7562332252231038,0.012065963143192754
coil20,ICL,0.6,100,512,1,0.05,200,0.6530208333333334,0.024756993143165443,0.763158121874144,0.011935744055565193
coil20,ICL,0.2,100,512,1,0.11,250,0.6527083333333334,0.03512605441939179,0.7603782830048578,0.014566284360473409
coil20,ICL,0.95,100,512,1,0.04,300,0.6526041666666667,0.03792701514763926,0.7507974895979236,0.018699212738825046
coil20,ICL,0.9,100,512,1,0.08,250,0.6523611111111111,0.026279378034431155,0.7633311258665124,0.009748265583428237
coil20,ICL,0.6,100,512,1,0.02,250,0.6522916666666665,0.036846217057111205,0.7555462634196772,0.014026398144478406
coil20,ICL,0.9,100,512,1,0.04,250,0.6522222222222223,0.031167019457302162,0.7526570635251727,0.014220897467780047
coil20,ICL,0.15,100,512,1,0.05,150,0.6520486111111111,0.03996313586305833,0.7739230672179293,0.020982363440671233
coil20,ICL,0.3,100,512,1,0.04,300,0.6518402777777779,0.039005452170137886,0.7616305491935443,0.018662375528837594
coil20,ICL,0.45,100,512,1,0.07,100,0.6516666666666666,0.026321551513428576,0.7437924799712443,0.007817418563759688
coil20,ICL,0.55,100,512,1,0.07,150,0.6516319444444443,0.03184031564277404,0.7543216672590368,0.014080097174970187
coil20,ICL,0.9,100,512,1,0.08,300,0.6515277777777778,0.023611723848258524,0.7658706823934432,0.01251581465103869
coil20,ICL,0.45,100,512,1,0.04,300,0.6514583333333334,0.03193077908191058,0.7597851022241723,0.01862124547992826
coil20,ICL,0.35,100,512,1,0.04,250,0.6512152777777778,0.04084601265257353,0.774323715233773,0.016352803573721344
coil20,ICL,0.4,100,512,1,0.06,200,0.6509375,0.04493183011673227,0.7839394877467014,0.017500609288114886
coil20,ICL,0.2,100,512,1,0.08,100,0.6508333333333334,0.028710553991412764,0.7410574113079493,0.012254424264108863
coil20,ICL,0.85,100,512,1,0.06,200,0.650798611111111,0.026663659950574604,0.7504515032586108,0.01195270152905
coil20,ICL,0.9,100,512,1,0.02,250,0.6507291666666667,0.03509898027408865,0.7698213586958474,0.016563654822583596
coil20,ICL,0.9,100,512,1,0.05,150,0.6504861111111111,0.034784735392956845,0.7453763665499634,0.017302386732180833
coil20,ICL,0.55,100,512,1,0.07,100,0.6503125,0.029195153912248462,0.7480387416916959,0.016897435403522565
coil20,ICL,0.6,100,512,1,0.05,250,0.6501041666666666,0.030948604441850817,0.7637958575323159,0.012233604867210387
coil20,ICL,0.6,100,512,1,0.05,300,0.6499999999999999,0.036113114260680125,0.7604903117211683,0.015616204124370037
coil20,ICL,0.25,100,512,1,0.07,300,0.6499652777777778,0.036426556919326225,0.7788805719335077,0.01632856595927434
coil20,ICL,0.5,100,512,1,0.07,300,0.6498611111111112,0.040757795777822285,0.765296826948664,0.019161046457597305
coil20,ICL,0.5,100,512,1,0.07,300,0.6498611111111112,0.040757795777822285,0.765296826948664,0.019161046457597305
coil20,ICL,0.7,100,512,1,0.07,200,0.6498263888888889,0.03490844161389183,0.757919892244032,0.01135107987189647
coil20,ICL,0.25,100,512,1,0.1,250,0.6497222222222223,0.03485765255088221,0.7647765544995864,0.017004425260416525
coil20,ICL,0.15,100,512,1,0.07,100,0.649375,0.032921281322100586,0.7660004000730446,0.015357299227171176
coil20,ICL,0.8,100,512,1,0.02,200,0.6491666666666667,0.021462265910772136,0.7541128753108761,0.01465917491914397
coil20,ICL,0.25,100,512,1,0.11,300,0.6491319444444446,0.03233448102559317,0.7680236687256806,0.012245676754195469
coil20,ICL,0.85,100,512,1,0.02,250,0.6486458333333334,0.03228716739862052,0.7603775849602343,0.012919783915678457
coil20,ICL,0.6,100,512,1,0.04,300,0.6485069444444445,0.03156498278952622,0.7751654334157048,0.012436235821796066
coil20,ICL,0.45,100,512,1,0.08,300,0.648298611111111,0.04660207324889824,0.769265321515236,0.019206084166799964
coil20,ICL,0.9,100,512,1,0.02,300,0.6480208333333332,0.0487558732414888,0.7679407292395222,0.020494640446821887
coil20,ICL,0.4,100,512,1,0.08,300,0.6478819444444445,0.03409112230456147,0.7677182777545695,0.016646096809571274
coil20,ICL,0.25,100,512,1,0.1,100,0.6478124999999999,0.03242265472995162,0.7395466429156099,0.013587864160161693
coil20,ICL,0.95,100,512,1,0.06,300,0.6477777777777778,0.035098379152544955,0.7589692205422897,0.013173412992013613
coil20,ICL,0.2,100,512,1,0.08,150,0.6477430555555557,0.03438928925790094,0.7546075942209363,0.01707793815065317
coil20,ICL,0.4,100,512,1,0.08,250,0.6476041666666668,0.03610608605528273,0.7645272387613147,0.015816242410395722
coil20,ICL,0.3,100,512,1,0.1,200,0.6474652777777778,0.043175390469650535,0.7665015962541677,0.020297500146301738
coil20,ICL,0.5,100,512,1,0.06,150,0.6473958333333333,0.039889698300167614,0.7716387888143031,0.01853925498590558
coil20,ICL,0.5,100,512,1,0.06,150,0.6473958333333333,0.039889698300167614,0.7716387888143031,0.01853925498590558
coil20,ICL,0.35,100,512,1,0.04,300,0.6472569444444444,0.03799218860076273,0.773531389784212,0.016663458801236954
coil20,ICL,0.95,100,512,1,0.02,200,0.6471527777777778,0.04161449279761162,0.7715501578935331,0.022123022607062493
coil20,ICL,0.4,100,512,1,0.06,300,0.6470486111111111,0.04174233580406863,0.7769776368306306,0.015226694332462775
coil20,ICL,0.3,100,512,1,0.1,150,0.646875,0.03769080828691511,0.7599532640226763,0.01459402686303666
coil20,ICL,0.45,100,512,1,0.04,250,0.646423611111111,0.03244272835430132,0.7558090779971376,0.016330154100265656
coil20,ICL,0.25,100,512,1,0.05,100,0.646423611111111,0.029800710068752578,0.747246038515967,0.010750300139780426
coil20,ICL,0.7,100,512,1,0.09,300,0.6463194444444443,0.03627041517511633,0.7610255796895453,0.014579735623941015
coil20,ICL,0.45,100,512,1,0.08,50,0.6462152777777778,0.03445835502596836,0.7321097013766578,0.013608662462197092
coil20,ICL,1.0,100,512,1,0.06,200,0.6462152777777777,0.03254009501468631,0.7512730795331735,0.013232851331852074
coil20,ICL,0.1,100,512,1,0.08,250,0.6458680555555556,0.03707479809702523,0.7517737602031362,0.015426653921079718
coil20,ICL,0.1,100,512,1,0.08,250,0.6458680555555556,0.03707479809702523,0.7517737602031362,0.015426653921079718
coil20,ICL,1.0,100,512,1,0.04,150,0.6458333333333333,0.029001682848150225,0.7384998804857064,0.013702811044515158
coil20,ICL,0.1,100,512,1,0.05,300,0.6453819444444445,0.026969378318718207,0.7667702317994435,0.011298137353554666
coil20,ICL,0.1,100,512,1,0.05,300,0.6453819444444445,0.026969378318718207,0.7667702317994435,0.011298137353554666
coil20,ICL,1.0,100,512,1,0.04,200,0.6453125,0.035027735786167434,0.7446034870773158,0.01573247413924651
coil20,ICL,0.5,100,512,1,0.07,200,0.645173611111111,0.04440996655305908,0.7513233546160316,0.018073957136180648
coil20,ICL,0.5,100,512,1,0.07,200,0.645173611111111,0.04440996655305908,0.7513233546160316,0.018073957136180648
coil20,ICL,0.6,100,512,1,0.02,100,0.6449999999999999,0.03633915706809603,0.7370911605793468,0.012292539922060449
coil20,ICL,0.45,100,512,1,0.07,150,0.6449652777777779,0.02236809220735899,0.7523671449394851,0.010520791835706601
coil20,ICL,0.95,100,512,1,0.04,150,0.6447916666666665,0.04563535735643343,0.7376605387951096,0.016067838257186003
coil20,ICL,0.6,100,512,1,0.04,200,0.6445486111111112,0.04040943222290015,0.7713748177647111,0.02115866938716795
coil20,ICL,0.2,100,512,1,0.07,250,0.6444444444444445,0.0365055910651005,0.7678556054883056,0.016171972737034936
coil20,ICL,0.45,100,512,1,0.04,50,0.6444097222222223,0.02714511738346964,0.7344638342462558,0.010857179264537707
coil20,ICL,0.25,100,512,1,0.1,200,0.6443055555555556,0.033678479317448426,0.754093811789194,0.01227233385726434
coil20,ICL,0.45,100,512,1,0.07,300,0.6443055555555556,0.029814724953855815,0.7529422848028199,0.015459674279734287
coil20,ICL,0.85,100,512,1,0.04,250,0.6442708333333333,0.029281252264582173,0.7496747618994236,0.01269915967775888
coil20,ICL,0.1,100,512,1,0.08,150,0.6442361111111111,0.025311618830875005,0.7376801246584027,0.012966190071873112
coil20,ICL,0.1,100,512,1,0.08,150,0.6442361111111111,0.025311618830875005,0.7376801246584027,0.012966190071873112
coil20,ICL,0.85,100,512,1,0.06,150,0.6440625,0.02287293280648009,0.7394966230930343,0.014945578917117237
coil20,ICL,0.15,100,512,1,0.06,200,0.6440277777777778,0.03445410370834914,0.775967876228042,0.014627179617379983
coil20,ICL,0.95,100,512,1,0.02,250,0.6438541666666666,0.03137803631833013,0.7719379958409117,0.014300694045326232
coil20,ICL,0.1,100,512,1,0.06,300,0.6437847222222223,0.02261104606017124,0.7620955556381535,0.012596553621739096
coil20,ICL,0.1,100,512,1,0.06,300,0.6437847222222223,0.02261104606017124,0.7620955556381535,0.012596553621739096
coil20,ICL,0.7,100,512,1,0.07,250,0.6437847222222222,0.039480540873180654,0.7521523361930613,0.014667997539696869
coil20,ICL,0.25,100,512,1,0.07,200,0.64375,0.042086427279006605,0.7743915805668639,0.018923345648141215
coil20,ICL,0.5,100,512,1,0.06,100,0.6437152777777778,0.041527821325692514,0.7676054010944402,0.01732060070729728
coil20,ICL,0.5,100,512,1,0.06,100,0.6437152777777778,0.041527821325692514,0.7676054010944402,0.01732060070729728
coil20,ICL,0.2,100,512,1,0.08,250,0.6437152777777778,0.03755877274496631,0.7617762074173448,0.01386917737834156
coil20,ICL,0.15,100,512,1,0.04,300,0.6436805555555556,0.038135623899251805,0.7670819422008978,0.01583232663439405
coil20,ICL,0.7,100,512,1,0.03,100,0.6436458333333333,0.04184007607143635,0.7728487468069307,0.014391669357223465
coil20,ICL,0.95,100,512,1,0.06,250,0.6436111111111111,0.03739220618435524,0.7552910775765886,0.012455883671667414
coil20,ICL,0.8,100,512,1,0.02,300,0.6434375000000001,0.036505904810509075,0.7541804015171304,0.01971419810883448
coil20,ICL,0.3,100,512,1,0.04,250,0.6434374999999999,0.03266582443524041,0.7558089416853606,0.015264016445808392
coil20,ICL,0.8,100,512,1,0.02,250,0.6434027777777779,0.027265678890692795,0.7527083483715524,0.01403695341205001
coil20,ICL,0.75,100,512,1,0.08,200,0.6434027777777779,0.024370449084500832,0.7413980415003076,0.011735994483940334
coil20,ICL,0.35,100,512,1,0.04,100,0.6433333333333334,0.03596283661342568,0.7677534338076288,0.014390993496181618
coil20,ICL,0.2,100,512,1,0.11,200,0.643263888888889,0.0313832805953413,0.7506539612077485,0.011544941885806617
coil20,ICL,0.75,100,512,1,0.08,250,0.6429861111111111,0.014958629936190727,0.7480983375490273,0.010826699560142821
coil20,ICL,1.0,100,512,1,0.06,150,0.6428125,0.040410625622408325,0.7520818716957456,0.019025273747024157
coil20,ICL,0.3,100,512,1,0.1,300,0.6427083333333333,0.039390061787113156,0.7662879133988251,0.016432333031577765
coil20,ICL,0.7,100,512,1,0.08,150,0.6420138888888889,0.03880229694820644,0.7586515094996197,0.01646727142439576
coil20,ICL,0.5,100,512,1,0.07,250,0.6419791666666667,0.04180848261716753,0.76423838563234,0.02229242449203994
coil20,ICL,0.5,100,512,1,0.07,250,0.6419791666666667,0.04180848261716753,0.76423838563234,0.02229242449203994
coil20,ICL,0.95,100,512,1,0.02,300,0.6419791666666665,0.021603222415880467,0.7660368834403037,0.011854030267861429
coil20,ICL,0.3,100,512,1,0.08,150,0.6419791666666665,0.020743411260574007,0.7460113785884215,0.011847268348479118
coil20,ICL,0.85,100,512,1,0.06,250,0.641875,0.029351349817531583,0.7528502306999275,0.015472595972402857
coil20,ICL,0.4,100,512,1,0.09,100,0.6417013888888887,0.030705499360411354,0.7328660544893347,0.011932230483612681
coil20,ICL,0.85,100,512,1,0.02,150,0.6416666666666667,0.029996463268891813,0.7648815483713263,0.014910680099610642
coil20,ICL,0.3,100,512,1,0.11,300,0.6416319444444444,0.045909277884873055,0.7622739604453372,0.021215448108763926
coil20,ICL,0.5,100,512,1,0.06,300,0.6415277777777779,0.04463857342763454,0.766351231080097,0.017789949204547652
coil20,ICL,0.5,100,512,1,0.06,300,0.6415277777777779,0.04463857342763454,0.766351231080097,0.017789949204547652
coil20,ICL,0.35,100,512,1,0.07,250,0.6414236111111111,0.036983502614863016,0.760655847706059,0.013752421419569685
coil20,ICL,0.35,100,512,1,0.11,250,0.6413541666666668,0.025231829232228102,0.7538577424087927,0.011930735449643444
coil20,ICL,0.7,100,512,1,0.02,300,0.6412847222222221,0.03254009501468634,0.737507337838023,0.016234990242115076
coil20,ICL,0.6,100,512,1,0.04,250,0.6410763888888888,0.030536827436082995,0.7694594487711864,0.015252832647190946
coil20,ICL,0.3,100,512,1,0.08,300,0.6410763888888888,0.0331711004329851,0.7597963912979796,0.0134963920110159
coil20,ICL,1.0,100,512,1,0.1,300,0.6410416666666666,0.025043268883235364,0.7618794021705068,0.015505600697307362
coil20,ICL,0.65,100,512,1,0.05,300,0.6410069444444445,0.039153659064418436,0.750798156069964,0.02073846880092702
coil20,ICL,0.85,100,512,1,0.02,200,0.6409374999999999,0.04338942850265531,0.7633339632055953,0.020891304348233237
coil20,ICL,0.4,100,512,1,0.09,150,0.6409027777777777,0.0398280084190715,0.7362577406369541,0.01668783604867232
coil20,ICL,0.95,100,512,1,0.02,150,0.6407291666666668,0.038343946673859465,0.7733947842770224,0.015698287993120476
coil20,ICL,0.35,100,512,1,0.07,300,0.6406944444444445,0.032743184428873286,0.7574392053407883,0.01543958678681632
coil20,ICL,0.2,100,512,1,0.08,300,0.6403819444444446,0.03044905286871583,0.7620826864358989,0.012356633391591982
coil20,ICL,0.75,100,512,1,0.11,300,0.6403472222222223,0.038777058951471884,0.7628119884915818,0.014250094760604643
coil20,ICL,0.1,100,512,1,0.05,200,0.6403472222222222,0.03382586067358289,0.7617299261065629,0.014456003556354721
coil20,ICL,0.1,100,512,1,0.05,200,0.6403472222222222,0.03382586067358289,0.7617299261065629,0.014456003556354721
coil20,ICL,0.1,100,512,1,0.07,250,0.6402430555555555,0.03323878010247395,0.765114922961731,0.01795127052474956
coil20,ICL,0.1,100,512,1,0.07,250,0.6402430555555555,0.03323878010247395,0.765114922961731,0.01795127052474956
coil20,ICL,0.95,100,512,1,0.04,200,0.6401736111111112,0.03387527831761209,0.7375978838351059,0.015849740422607804
coil20,ICL,0.5,100,512,1,0.04,200,0.6401041666666667,0.03840966823355454,0.7520311848687774,0.013178566536937705
coil20,ICL,0.5,100,512,1,0.04,200,0.6401041666666667,0.03840966823355454,0.7520311848687774,0.013178566536937705
coil20,ICL,0.75,100,512,1,0.02,100,0.6400347222222222,0.02141466137571219,0.7306223367736983,0.012268770344158644
coil20,ICL,0.75,100,512,1,0.11,250,0.6397569444444444,0.039336385509129324,0.7619654081787868,0.01796526968895114
coil20,ICL,0.8,100,512,1,0.04,200,0.6397222222222222,0.021255672808528317,0.7483915259991608,0.011064609234105504
coil20,ICL,0.85,100,512,1,0.06,300,0.6395833333333333,0.02955674992365336,0.7568377966629469,0.017452828502275353
coil20,ICL,0.95,100,512,1,0.06,200,0.6395138888888889,0.03215127786278294,0.7538708601929659,0.0154540239445801
coil20,ICL,0.2,100,512,1,0.07,300,0.6394791666666666,0.03700566343355308,0.7584148870795036,0.01983759692350538
coil20,ICL,0.95,100,512,1,0.07,300,0.6394444444444444,0.02202888991167599,0.7534167597230177,0.010221085167040398
coil20,ICL,0.1,100,512,1,0.07,100,0.639375,0.037625240965554606,0.7714382355384042,0.01501946986249541
coil20,ICL,0.1,100,512,1,0.07,100,0.639375,0.037625240965554606,0.7714382355384042,0.01501946986249541
coil20,ICL,0.4,100,512,1,0.08,200,0.6392708333333333,0.03708000076057605,0.7566330643867888,0.017433582069711608
coil20,ICL,0.95,100,512,1,0.09,250,0.6391666666666667,0.040642149751455726,0.7657732981783141,0.015750997499871466
coil20,ICL,0.3,100,512,1,0.11,200,0.6391319444444444,0.026748531566652824,0.7540638951561626,0.015050017852705577
coil20,ICL,0.6,100,512,1,0.05,150,0.6391319444444444,0.026264578366588933,0.7533946090919682,0.010564527183263566
coil20,ICL,0.65,100,512,1,0.02,150,0.6390972222222222,0.03636668374664365,0.7375555269727957,0.012153067770515568
coil20,ICL,0.6,100,512,1,0.02,300,0.6390624999999999,0.034633132234604895,0.753127859296773,0.01966612256414471
coil20,ICL,0.15,100,512,1,0.04,250,0.6389583333333333,0.03348698671605115,0.75773236348462,0.013423177389652857
coil20,ICL,0.75,100,512,1,0.04,250,0.6388541666666667,0.043961939798520776,0.7565575294828903,0.020141205160979152
coil20,ICL,0.1,100,512,1,0.04,150,0.6388194444444444,0.04091150161636913,0.7522197244828586,0.018533954336216844
coil20,ICL,0.1,100,512,1,0.04,150,0.6388194444444444,0.04091150161636913,0.7522197244828586,0.018533954336216844
coil20,ICL,0.8,100,512,1,0.11,300,0.6386111111111111,0.03577393332519581,0.7490883838187488,0.016117872696380837
coil20,ICL,0.1,100,512,1,0.08,300,0.6385763888888888,0.03749387488557545,0.765922412444916,0.015165172440449416
coil20,ICL,0.1,100,512,1,0.08,300,0.6385763888888888,0.03749387488557545,0.765922412444916,0.015165172440449416
coil20,ICL,0.45,100,512,1,0.04,200,0.6385069444444443,0.03617014072216352,0.7497804919896447,0.013389474162206845
coil20,ICL,1.0,100,512,1,0.05,100,0.6383333333333334,0.029794499347329615,0.7320204330565546,0.012642388559716495
coil20,ICL,0.45,100,512,1,0.15,250,0.6380902777777778,0.03471546809309706,0.7417640583482427,0.017530695934848208
coil20,ICL,0.3,100,512,1,0.08,200,0.6380555555555556,0.03273670331336313,0.7550673805054405,0.01219503223196815
coil20,ICL,0.3,100,512,1,0.04,100,0.6380555555555556,0.019053105608622792,0.7431397518672941,0.011448245811768079
coil20,ICL,0.25,100,512,1,0.07,150,0.637986111111111,0.03511932646064533,0.7741185248123521,0.017318662135144536
coil20,ICL,0.9,100,512,1,0.04,150,0.6379513888888889,0.03107766912322602,0.7374847341859653,0.012147621878111659
coil20,ICL,0.5,100,512,1,0.05,150,0.6377777777777777,0.03733722387962229,0.7413217143670224,0.014782730597772917
coil20,ICL,0.5,100,512,1,0.05,150,0.6377777777777777,0.03733722387962229,0.7413217143670224,0.014782730597772917
coil20,ICL,0.1,100,512,1,0.05,250,0.6376388888888889,0.025750314633101175,0.7580794640377699,0.011608641440522075
coil20,ICL,0.1,100,512,1,0.05,250,0.6376388888888889,0.025750314633101175,0.7580794640377699,0.011608641440522075
coil20,ICL,0.2,100,512,1,0.08,200,0.6376388888888889,0.03444514448213364,0.7570943392246613,0.015312015666668321
coil20,ICL,0.45,100,512,1,0.06,300,0.6375347222222222,0.028378466062032856,0.7597295077380124,0.011240380709825757
coil20,ICL,0.5,100,512,1,0.08,250,0.6375,0.029964292020608393,0.7477129250920019,0.014219613709172583
coil20,ICL,0.5,100,512,1,0.08,250,0.6375,0.029964292020608393,0.7477129250920019,0.014219613709172583
coil20,ICL,0.75,100,512,1,0.06,250,0.6374305555555555,0.030705047816600994,0.7503858017039666,0.012059557241266927
coil20,ICL,0.65,100,512,1,0.06,100,0.6373958333333334,0.033927911134273875,0.728681339030194,0.014547930359486481
coil20,ICL,0.2,100,512,1,0.11,150,0.637361111111111,0.022795978500658155,0.7386582778184502,0.01156945037394358
coil20,ICL,0.25,100,512,1,0.1,150,0.6372569444444445,0.033635260923500734,0.7499387404916046,0.014663083136868694
coil20,ICL,0.4,100,512,1,0.1,150,0.6370833333333333,0.029800811209855213,0.7449983317420366,0.009711297338528404
coil20,ICL,0.85,100,512,1,0.04,150,0.637013888888889,0.028743709054072773,0.7287181845861737,0.010857118008234018
coil20,ICL,0.45,100,512,1,0.06,100,0.6370138888888889,0.040907493597229914,0.7388889635592861,0.014196196950134013
coil20,ICL,0.3,100,512,1,0.04,200,0.6365972222222223,0.03439295266331802,0.754040741909549,0.015074183046124066
coil20,ICL,0.6,100,512,1,0.08,250,0.6365277777777778,0.024667347025151668,0.7495293594627258,0.011723525493286063
coil20,ICL,0.8,100,512,1,0.07,250,0.6365277777777778,0.03122329105525215,0.7475149178978576,0.0102112258226437
coil20,ICL,0.7,100,512,1,0.07,300,0.6364583333333333,0.03146339179345019,0.7558556434584822,0.012423199164616962
coil20,ICL,0.45,100,512,1,0.13,300,0.6364583333333333,0.032909267218021725,0.7515171594797774,0.012094469769986904
coil20,ICL,0.2,100,512,1,0.01,300,0.6362152777777779,0.04092056241825793,0.7355022931926588,0.01794561074315357
coil20,ICL,0.55,100,512,1,0.06,150,0.6361805555555555,0.0333715781757212,0.7462445604072616,0.016065244806295276
coil20,ICL,0.1,100,512,1,0.08,200,0.6361458333333333,0.03531813294960956,0.7386975712775496,0.017828305126428697
coil20,ICL,0.1,100,512,1,0.08,200,0.6361458333333333,0.03531813294960956,0.7386975712775496,0.017828305126428697
coil20,ICL,0.15,100,512,1,0.04,200,0.6360069444444444,0.03439097201889359,0.7594649909890611,0.018125175946036173
coil20,ICL,0.65,100,512,1,0.02,200,0.6360069444444444,0.02939500156315947,0.7415282130291063,0.01154422756639724
coil20,ICL,0.2,100,512,1,0.19,300,0.6359722222222224,0.028751677353109052,0.7514715453190162,0.012683371008874822
coil20,ICL,0.55,100,512,1,0.06,250,0.6359722222222223,0.03225513166177621,0.7495093776088431,0.012321770012407687
coil20,ICL,0.65,100,512,1,0.09,300,0.6359375,0.03739689723030112,0.7611805807560086,0.016274921947702678
coil20,ICL,0.4,100,512,1,0.06,150,0.6357638888888888,0.03879483915101449,0.7811749270741892,0.018380039844811857
coil20,ICL,0.7,100,512,1,0.07,50,0.6357291666666666,0.026496013377918567,0.7186803860099702,0.006974489427617841
coil20,ICL,0.25,100,512,1,0.1,300,0.6356944444444445,0.04001133134253932,0.7590808709748484,0.014534048981781462
coil20,ICL,0.8,100,512,1,0.08,300,0.6356944444444445,0.04349152038822064,0.7569906462679066,0.015600527132090874
coil20,ICL,0.5,100,512,1,0.05,200,0.6356944444444443,0.040186918592073295,0.752942977537256,0.014756014498692197
coil20,ICL,0.5,100,512,1,0.05,200,0.6356944444444443,0.040186918592073295,0.752942977537256,0.014756014498692197
coil20,ICL,0.35,100,512,1,0.07,200,0.6355555555555554,0.038740789427063806,0.7509568340617195,0.018808004843594225
coil20,ICL,0.65,100,512,1,0.1,300,0.6355208333333333,0.025159862145775848,0.7494881765041643,0.012828913828350394
coil20,ICL,0.8,100,512,1,0.04,300,0.6354861111111112,0.042106417852658944,0.7475678880865001,0.01330487685049169
coil20,ICL,0.55,100,512,1,0.06,100,0.635451388888889,0.04505359195183382,0.7450233179693577,0.020204976232686238
coil20,ICL,0.65,100,512,1,0.05,250,0.6354513888888889,0.039268653540053614,0.7425278993922331,0.022403042811090026
coil20,ICL,0.8,100,512,1,0.04,50,0.6353819444444444,0.024004559872572672,0.7038576053641173,0.009483339685532801
coil20,ICL,0.75,100,512,1,0.03,250,0.6352430555555557,0.03611236309261298,0.763375054605764,0.015324707345958598
coil20,ICL,0.75,100,512,1,0.04,300,0.6352083333333334,0.032500519345328174,0.7547225682124848,0.012997282882335036
coil20,ICL,0.1,100,512,1,0.07,150,0.6352083333333333,0.03924938320267115,0.7717826902758224,0.015857550040999452
coil20,ICL,0.1,100,512,1,0.07,150,0.6352083333333333,0.03924938320267115,0.7717826902758224,0.015857550040999452
coil20,ICL,0.8,100,512,1,0.02,150,0.6350347222222223,0.03104133653192582,0.7476146106176659,0.0146292953654697
coil20,ICL,0.25,100,512,1,0.01,200,0.6350347222222222,0.035864189852995824,0.7312759632054057,0.015171961374910434
coil20,ICL,0.95,100,512,1,0.09,200,0.6350000000000001,0.033681199879289365,0.7585410240267763,0.017982983612990295
coil20,ICL,0.85,100,512,1,0.08,100,0.6349652777777777,0.03207497110238971,0.7340839098256066,0.01682616063287289
coil20,ICL,0.4,100,512,1,0.09,250,0.6349305555555556,0.03237712705725264,0.7499172961005474,0.01588640228546359
coil20,ICL,0.65,100,512,1,0.11,250,0.6348611111111111,0.046506836083194655,0.7512895761950734,0.018055328274760616
coil20,ICL,0.5,100,512,1,0.08,200,0.6347569444444445,0.040479901729854065,0.7478142678443416,0.015689344773955234
coil20,ICL,0.5,100,512,1,0.08,200,0.6347569444444445,0.040479901729854065,0.7478142678443416,0.015689344773955234
coil20,ICL,0.5,100,512,1,0.04,250,0.6347222222222222,0.030846937689417642,0.7467537196462886,0.011991886432114539
coil20,ICL,0.5,100,512,1,0.04,250,0.6347222222222222,0.030846937689417642,0.7467537196462886,0.011991886432114539
coil20,ICL,1.0,100,512,1,0.11,100,0.6347222222222222,0.028344905044386887,0.7406391795383016,0.009658879167257559
coil20,ICL,0.9,100,512,1,0.08,150,0.634548611111111,0.025782389845734,0.7517634778629569,0.00952157061456296
coil20,ICL,0.95,100,512,1,0.06,150,0.6344444444444444,0.033614554460901884,0.7460610017174034,0.01569303054262253
coil20,ICL,0.9,100,512,1,0.08,200,0.6343402777777778,0.03843389273447732,0.7522532539957195,0.013223870357438225
coil20,ICL,0.1,100,512,1,0.06,250,0.6343055555555556,0.030830048623836915,0.7541263767101727,0.015016303946448503
coil20,ICL,0.1,100,512,1,0.06,250,0.6343055555555556,0.030830048623836915,0.7541263767101727,0.015016303946448503
coil20,ICL,0.55,100,512,1,0.07,200,0.6342361111111112,0.03460612535429293,0.7526349343341464,0.014165572218298304
coil20,ICL,0.9,100,512,1,0.06,300,0.6342013888888889,0.028860725955883668,0.7484943408719685,0.013869390616656376
coil20,ICL,0.85,100,512,1,0.05,300,0.6341666666666667,0.03333232058646702,0.7388978003570544,0.014961686257154907
coil20,ICL,0.7,100,512,1,0.04,300,0.6339930555555554,0.029771729115932594,0.7561726335381572,0.01389216676542555
coil20,ICL,0.15,100,512,1,0.08,300,0.6338194444444444,0.02655566814829688,0.751591661406636,0.011815794779439778
coil20,ICL,0.55,100,512,1,0.06,300,0.6336111111111111,0.03725252704991889,0.7551870060925838,0.01754220176083017
coil20,ICL,0.8,100,512,1,0.1,50,0.6335416666666667,0.028566156025299033,0.7223272541841931,0.012009619105450182
coil20,ICL,0.85,100,512,1,0.02,300,0.6335069444444444,0.04035186851713406,0.7547007925540345,0.01718230319753111
coil20,ICL,0.25,100,512,1,0.02,300,0.6334722222222222,0.022197903360007824,0.7436275158518947,0.009457361280352392
coil20,ICL,0.3,100,512,1,0.04,150,0.6334375,0.023232540030759967,0.7480108899675496,0.012404546001269204
coil20,ICL,0.9,100,512,1,0.1,250,0.6334027777777778,0.03204911896190857,0.7560116330545368,0.015707188015536163
coil20,ICL,0.8,100,512,1,0.05,200,0.6334027777777778,0.026187922629843444,0.7402172074229538,0.013015104898364216
coil20,ICL,0.4,100,512,1,0.09,200,0.6333680555555556,0.024894138327545858,0.7396333318631744,0.007698807033589958
coil20,ICL,0.2,100,512,1,0.11,300,0.6333333333333334,0.03508766028564725,0.7609124165450809,0.015748164379820732
coil20,ICL,0.2,100,512,1,0.09,250,0.6332986111111111,0.03454990226509733,0.7446604692872593,0.016737521813496782
coil20,ICL,0.4,100,512,1,0.09,50,0.6332986111111111,0.029149693308585044,0.7130269040420217,0.011765459898028227
coil20,ICL,0.7,100,512,1,0.03,150,0.6332638888888888,0.03537913316167603,0.770682548937811,0.01439851652463726
coil20,ICL,0.45,100,512,1,0.04,100,0.6331249999999999,0.036896572472049284,0.7397065793611836,0.00990797936445069
coil20,ICL,0.85,100,512,1,0.02,100,0.6330555555555556,0.031658137252861034,0.756276787930926,0.01359993824650602
coil20,ICL,0.95,100,512,1,0.09,300,0.6330555555555555,0.035777977268249904,0.7700759604869349,0.018165368656847182
coil20,ICL,0.45,100,512,1,0.04,150,0.6327430555555555,0.02445615545701438,0.7505617280742383,0.013780481248433488
coil20,ICL,0.25,100,512,1,0.04,250,0.6327083333333333,0.036444044819116575,0.7664946965244899,0.015807808411749762
coil20,ICL,0.6,100,512,1,0.08,200,0.6324652777777777,0.03636852364284087,0.7456982023026909,0.014007843008361779
coil20,ICL,0.8,100,512,1,0.04,100,0.6324652777777777,0.032315832504801655,0.7291334411948952,0.014002851409745814
coil20,ICL,0.2,100,512,1,0.19,250,0.6324305555555556,0.03185002652769405,0.7458833200293583,0.014952110870223969
coil20,ICL,0.25,100,512,1,0.15,300,0.6324305555555556,0.025546779139114892,0.7398306664534544,0.016456915090437937
coil20,ICL,0.1,100,512,1,0.06,200,0.6324305555555554,0.03341071746710427,0.746697035142689,0.01563098191711148
coil20,ICL,0.1,100,512,1,0.06,200,0.6324305555555554,0.03341071746710427,0.746697035142689,0.01563098191711148
coil20,ICL,0.25,100,512,1,0.01,300,0.6321527777777777,0.026323108803839368,0.7363616464041095,0.010703324544578553
coil20,ICL,0.75,100,512,1,0.02,50,0.6321180555555557,0.020826243006417302,0.7157985797349625,0.00822867867221146
coil20,ICL,0.3,100,512,1,0.04,50,0.632013888888889,0.023917436914942348,0.7273577450124707,0.010790697149901555
coil20,ICL,0.75,100,512,1,0.08,300,0.6320138888888889,0.024715686558075572,0.7510936017491754,0.010621588196966732
coil20,ICL,1.0,100,512,1,0.02,150,0.6319791666666666,0.03099158198503563,0.7478424029511113,0.01468951693574822
coil20,ICL,0.1,100,512,1,0.04,200,0.6319791666666666,0.03157353736849701,0.7414101758191395,0.017426173240744556
coil20,ICL,0.1,100,512,1,0.04,200,0.6319791666666666,0.03157353736849701,0.7414101758191395,0.017426173240744556
coil20,ICL,0.45,100,512,1,0.12,300,0.631875,0.0316417573814285,0.7435196852426518,0.01508528680843329
coil20,ICL,0.1,100,512,1,0.02,300,0.6317708333333334,0.026590852696840347,0.745341512092328,0.014791787561207791
coil20,ICL,0.1,100,512,1,0.02,300,0.6317708333333334,0.026590852696840347,0.745341512092328,0.014791787561207791
coil20,ICL,0.55,100,512,1,0.07,250,0.6317708333333333,0.028907475157553417,0.7513714733940591,0.014344288175735413
coil20,ICL,0.5,100,512,1,0.05,100,0.6317013888888889,0.024878441934152302,0.7310176919802122,0.010472878091150696
coil20,ICL,0.5,100,512,1,0.05,100,0.6317013888888889,0.024878441934152302,0.7310176919802122,0.010472878091150696
coil20,ICL,0.2,100,512,1,0.19,200,0.6317013888888888,0.03315655889507152,0.7429400289301752,0.01401048737459811
coil20,ICL,1.0,100,512,1,0.11,300,0.6316666666666666,0.034228715112776364,0.7510322368196755,0.014414324494253368
coil20,ICL,0.35,100,512,1,0.11,300,0.6316319444444445,0.034671125597988316,0.755253736916967,0.013951195460657893
coil20,ICL,0.5,100,512,1,0.05,250,0.6315625,0.03839434745220791,0.7572708148593307,0.01523624783816968
coil20,ICL,0.5,100,512,1,0.05,250,0.6315625,0.03839434745220791,0.7572708148593307,0.01523624783816968
coil20,ICL,0.65,100,512,1,0.09,250,0.6315277777777779,0.029189309993578737,0.7527143062353707,0.012674479597000386
coil20,ICL,0.85,100,512,1,0.04,200,0.6315277777777778,0.021075445018220826,0.7328921831228663,0.011438180501639
coil20,ICL,0.95,100,512,1,0.1,200,0.6315277777777777,0.026640250225903772,0.7426272068014544,0.01214446410252881
coil20,ICL,0.45,100,512,1,0.09,300,0.6313888888888888,0.034531839172952654,0.7400802581684102,0.014541175076961054
coil20,ICL,0.3,100,512,1,0.08,100,0.6313888888888888,0.027107005324349665,0.7166885950449322,0.010868831443746223
coil20,ICL,0.45,100,512,1,0.06,250,0.6313541666666667,0.024269094676240426,0.7569285756042042,0.013989281271088116
coil20,ICL,0.25,100,512,1,0.08,200,0.6313541666666665,0.022090838827623187,0.7323429981308356,0.013000012298413077
coil20,ICL,0.2,100,512,1,0.09,300,0.6313194444444445,0.038990999376874245,0.7462507301450116,0.016933620229941885
coil20,ICL,0.7,100,512,1,0.1,300,0.6312847222222222,0.04757095242946368,0.7685664477157548,0.019308364474931325
coil20,ICL,0.4,100,512,1,0.09,300,0.63125,0.03178705187126776,0.7487397505461689,0.012674701461247568
coil20,ICL,0.35,100,512,1,0.11,200,0.6311111111111111,0.02975886889278183,0.7400409226384909,0.015504425166076854
coil20,ICL,0.3,100,512,1,0.01,200,0.6310416666666666,0.023634690024006342,0.7291643047659482,0.009785351273174387
coil20,ICL,0.75,100,512,1,0.05,250,0.6308333333333335,0.03077525185182422,0.7451336573451789,0.01567585128683389
coil20,ICL,0.3,100,512,1,0.03,250,0.6308333333333332,0.03290772850986545,0.7406227722503164,0.019496634272681015
coil20,ICL,0.75,100,512,1,0.06,200,0.6307291666666666,0.029679579840198905,0.7481123132241247,0.009259234083053973
coil20,ICL,0.95,100,512,1,0.1,300,0.6305902777777778,0.03895299465797302,0.7559183105610826,0.01679848929199046
coil20,ICL,0.3,100,512,1,0.1,250,0.630451388888889,0.05232641192950904,0.7608890792775309,0.01762107066903601
coil20,ICL,0.8,100,512,1,0.07,300,0.6303819444444445,0.034376665924839546,0.7439952238773982,0.011459222592696819
coil20,ICL,0.65,100,512,1,0.02,100,0.6303819444444444,0.025384651778397393,0.7211068986622671,0.012143296094244591
coil20,ICL,0.95,100,512,1,0.09,150,0.6303472222222222,0.026456510581716813,0.743348340170075,0.013575540675949785
coil20,ICL,0.95,100,512,1,0.02,50,0.6302777777777779,0.03899563722036379,0.7508509202477918,0.01630348070743041
coil20,ICL,0.9,100,512,1,0.07,200,0.6302430555555556,0.03131203333724852,0.7441689553904068,0.01207570786470615
coil20,ICL,0.35,100,512,1,0.09,150,0.6302430555555555,0.03510310197308376,0.7431411416027054,0.014625197538827059
coil20,ICL,0.9,100,512,1,0.04,100,0.6301736111111111,0.029798444418084206,0.7214366860353779,0.01234630647287945
coil20,ICL,0.45,100,512,1,0.05,300,0.6300694444444443,0.03701923038381372,0.7508823153940789,0.015227225936290457
coil20,ICL,0.6,100,512,1,0.07,100,0.6300694444444443,0.03918174699830911,0.7246702961407844,0.01563101933697986
coil20,ICL,0.25,100,512,1,0.11,250,0.6300347222222221,0.03939763642386479,0.7602296686131305,0.014057481340266489
coil20,ICL,0.15,100,512,1,0.1,200,0.6299305555555557,0.01975557137388444,0.7488087620519871,0.012727350966951033
coil20,ICL,0.15,100,512,1,0.1,300,0.6297916666666666,0.03931003360827806,0.759250147232111,0.017428495171460858
coil20,ICL,0.25,100,512,1,0.04,200,0.6297569444444445,0.033297343852609164,0.7684332917308543,0.014211024993979306
coil20,ICL,0.1,100,512,1,0.07,300,0.629652777777778,0.04341366530110702,0.7674658495268373,0.016495129432255423
coil20,ICL,0.1,100,512,1,0.07,300,0.629652777777778,0.04341366530110702,0.7674658495268373,0.016495129432255423
coil20,ICL,0.15,100,512,1,0.09,300,0.629652777777778,0.028957667191911902,0.7541105242307008,0.01163162692613437
coil20,ICL,0.75,100,512,1,0.04,150,0.6296527777777777,0.028428234991871828,0.7448758706597871,0.016037392433965212
coil20,ICL,0.1,100,512,1,0.15,300,0.6295138888888888,0.04046442624907299,0.7577885272229639,0.01610267630798798
coil20,ICL,0.1,100,512,1,0.15,300,0.6295138888888888,0.04046442624907299,0.7577885272229639,0.01610267630798798
coil20,ICL,0.9,100,512,1,0.05,250,0.6294791666666666,0.05093714496581565,0.747365516917217,0.02221696728409418
coil20,ICL,0.3,100,512,1,0.12,300,0.6294097222222222,0.04160659732509042,0.7449909898747301,0.018728179169220916
coil20,ICL,0.15,100,512,1,0.04,100,0.6293749999999999,0.03434664936396073,0.7605054542011249,0.011264673914183294
coil20,ICL,0.8,100,512,1,0.04,250,0.6293055555555556,0.03846344665256952,0.7462955628927979,0.01630695052764712
coil20,ICL,0.35,100,512,1,0.09,50,0.6291666666666668,0.031254629286744905,0.7055069912661185,0.015421839175821643
coil20,ICL,0.9,100,512,1,0.02,150,0.6291666666666667,0.03289351037349705,0.7619182240583486,0.015197490110085077
coil20,ICL,0.7,100,512,1,0.05,300,0.6291666666666667,0.03518579434170545,0.7506795273676407,0.014136640190391628
coil20,ICL,0.25,100,512,1,0.04,300,0.6290277777777777,0.03655483260852164,0.7592898301891049,0.015460935247940817
coil20,ICL,0.15,100,512,1,0.13,300,0.6289930555555556,0.03178847415527159,0.7642735772059,0.012182658402832456
coil20,ICL,0.85,100,512,1,0.04,100,0.6289236111111112,0.027137832452712226,0.721254864077517,0.013895296329020397
coil20,ICL,0.7,100,512,1,0.03,250,0.628888888888889,0.034810582017116155,0.761127815122349,0.017863835521876637
coil20,ICL,0.2,100,512,1,0.06,300,0.6287847222222223,0.041420263905000386,0.7538534632857825,0.017506192702219047
coil20,ICL,0.4,100,512,1,0.1,200,0.6287152777777778,0.038187673010862656,0.7503472834159027,0.019154941330920692
coil20,ICL,0.8,100,512,1,0.05,250,0.628576388888889,0.03174323330609704,0.7455425935360875,0.015821317907220668
coil20,ICL,0.4,100,512,1,0.08,150,0.6285763888888888,0.036215311068483684,0.7479435835330712,0.014716890029660607
coil20,ICL,0.5,100,512,1,0.08,300,0.6283680555555555,0.037009572788796956,0.7550332182273007,0.01806824062824808
coil20,ICL,0.5,100,512,1,0.08,300,0.6283680555555555,0.037009572788796956,0.7550332182273007,0.01806824062824808
coil20,ICL,0.7,100,512,1,0.1,250,0.6282986111111112,0.029664952451254417,0.7683823524412825,0.012051858944142098
coil20,ICL,0.4,100,512,1,0.07,200,0.6282986111111112,0.0386506061742748,0.7527141903112604,0.017668685865702263
coil20,ICL,0.2,100,512,1,0.09,50,0.6282986111111112,0.028330333276627977,0.7230130056611943,0.0102664702135131
coil20,ICL,0.75,100,512,1,0.11,200,0.6282638888888888,0.03718365798702833,0.7588285328092021,0.016743376660549144
coil20,ICL,0.45,100,512,1,0.09,200,0.6281597222222224,0.029312198924458688,0.7267189444352027,0.01224745625485624
coil20,ICL,0.7,100,512,1,0.03,300,0.628125,0.03519161886842159,0.7629201802665037,0.014516938270431956
coil20,ICL,1.0,100,512,1,0.07,250,0.628125,0.02551882550680798,0.7526756571701811,0.011639671741248398
coil20,ICL,0.7,100,512,1,0.09,200,0.6280555555555556,0.03499435029357075,0.747410739126313,0.015010111253300318
coil20,ICL,0.4,100,512,1,0.04,300,0.6280208333333335,0.031775121143565635,0.764029577667927,0.015189865102306898
coil20,ICL,0.1,100,512,1,0.04,100,0.6280208333333334,0.03112806070404071,0.7548346151680029,0.0167853622895591
coil20,ICL,0.1,100,512,1,0.04,100,0.6280208333333334,0.03112806070404071,0.7548346151680029,0.0167853622895591
coil20,ICL,0.4,100,512,1,0.02,250,0.6278819444444445,0.027934691354938562,0.7381052317081904,0.010903298722467869
coil20,ICL,0.15,100,512,1,0.06,250,0.6278472222222222,0.038353771222336255,0.7663969860629918,0.010418519557124698
coil20,ICL,0.1,100,512,1,0.09,250,0.6278472222222222,0.030587814410841754,0.7354874066014576,0.013941255186667336
coil20,ICL,0.1,100,512,1,0.09,250,0.6278472222222222,0.030587814410841754,0.7354874066014576,0.013941255186667336
coil20,ICL,1.0,100,512,1,0.1,250,0.6278125,0.020810722683908475,0.7437842602840152,0.013344513666218492
coil20,ICL,0.15,100,512,1,0.04,150,0.6276736111111111,0.03740747007638224,0.7540772196897995,0.01683770022962876
coil20,ICL,0.7,100,512,1,0.1,100,0.6276736111111111,0.02649856139089511,0.7473688414577567,0.012545417824996428
coil20,ICL,0.65,100,512,1,0.03,150,0.6275347222222222,0.0315634549421606,0.7530281303133732,0.01645612525653197
coil20,ICL,0.6,100,512,1,0.06,250,0.6275000000000001,0.0362706146152488,0.7485465970683306,0.010793265037155952
coil20,ICL,0.15,100,512,1,0.08,250,0.6274305555555557,0.027906386305018762,0.745656160945501,0.012692155501786918
coil20,ICL,0.1,100,512,1,0.15,250,0.6274305555555555,0.03308391932030714,0.7472231033214783,0.014239507926482963
coil20,ICL,0.1,100,512,1,0.15,250,0.6274305555555555,0.03308391932030714,0.7472231033214783,0.014239507926482963
coil20,ICL,0.9,100,512,1,0.07,250,0.6272916666666667,0.033318934969010276,0.7402500977499318,0.012025661359564576
coil20,ICL,0.8,100,512,1,0.08,100,0.6271875,0.029256866972495472,0.7339159954447576,0.014715573764977077
coil20,ICL,0.25,100,512,1,0.11,100,0.6271180555555556,0.03281459428942599,0.7428889743460945,0.012605508439780228
coil20,ICL,1.0,100,512,1,0.06,100,0.6270138888888888,0.039938646523275056,0.7336616997944951,0.017502367883418468
coil20,ICL,0.2,100,512,1,0.06,250,0.6269097222222221,0.030899168796753196,0.7522831557019958,0.010328510714510608
coil20,ICL,0.7,100,512,1,0.08,200,0.6268402777777778,0.02345256717337369,0.7613791316467298,0.010030322732387208
coil20,ICL,0.45,100,512,1,0.15,200,0.6265277777777778,0.039520905938159365,0.7352508006834718,0.019472184936825333
coil20,ICL,0.2,100,512,1,0.04,250,0.6264930555555556,0.02496455338154727,0.7519221037010271,0.012045000306964442
coil20,ICL,0.6,100,512,1,0.07,200,0.6264583333333333,0.02509809074313458,0.7309244814622293,0.014490867375325088
coil20,ICL,0.2,100,512,1,0.09,200,0.626423611111111,0.027407668898120692,0.7335530613231872,0.010333756575570825
coil20,ICL,0.7,100,512,1,0.08,300,0.6263888888888889,0.03477912004864448,0.7620490927840778,0.012050382719031713
coil20,ICL,0.6,100,512,1,0.08,300,0.6263541666666665,0.039891269925647455,0.7467009662069971,0.017770886122822977
coil20,ICL,0.3,100,512,1,0.1,100,0.6262847222222223,0.02685648856439089,0.7315516822250125,0.012613925484620092
coil20,ICL,0.65,100,512,1,0.06,50,0.62625,0.03805821665472874,0.7234257730394551,0.013167669853608809
coil20,ICL,0.65,100,512,1,0.06,200,0.626076388888889,0.026582327385761894,0.7406121100396258,0.010676718806563129
coil20,ICL,0.65,100,512,1,0.2,300,0.6259722222222223,0.0257772689126019,0.7302310810271571,0.010517273049565052
coil20,ICL,0.85,100,512,1,0.02,50,0.6257986111111112,0.03031731220552514,0.7406622423456868,0.012062193091515286
coil20,ICL,0.1,100,512,1,0.04,250,0.6255555555555556,0.02833775836905094,0.7434976181237013,0.01671818013522896
coil20,ICL,0.1,100,512,1,0.04,250,0.6255555555555556,0.02833775836905094,0.7434976181237013,0.01671818013522896
coil20,ICL,0.7,100,512,1,0.09,250,0.6255208333333333,0.03781495502692382,0.7489011236515859,0.013804680211126366
coil20,ICL,0.6,100,512,1,0.07,300,0.625451388888889,0.03752974321997698,0.7438567720180475,0.01665986399152409
coil20,ICL,0.9,100,512,1,0.03,250,0.6254513888888887,0.028073319286949974,0.7516541654119295,0.013756408258303474
coil20,ICL,0.95,100,512,1,0.03,300,0.6254166666666667,0.03796229956511597,0.7534466279672634,0.016738090051440307
coil20,ICL,0.8,100,512,1,0.1,100,0.6252777777777778,0.028414066623747562,0.7249363050934805,0.013550529302505806
coil20,ICL,0.15,100,512,1,0.12,250,0.6250694444444445,0.03389280202817389,0.7479183888263143,0.01385880565582738
coil20,ICL,0.3,100,512,1,0.02,300,0.6250694444444445,0.03556064145483054,0.7362577404010088,0.01468509534717815
coil20,ICL,0.35,100,512,1,0.06,300,0.6250694444444443,0.030692480455015072,0.7452311130179863,0.01682831565872974
coil20,ICL,0.75,100,512,1,0.03,150,0.6249305555555557,0.0371705564938397,0.76654494973299,0.013762336415009308
coil20,ICL,0.3,100,512,1,0.11,150,0.6248958333333333,0.042985087382352946,0.7374298498854797,0.01648298943985549
coil20,ICL,0.4,100,512,1,0.1,300,0.6247916666666666,0.02609494549822925,0.7538534882888809,0.012197563709615451
coil20,ICL,0.4,100,512,1,0.07,250,0.6247569444444443,0.03211629124283257,0.7450946267137603,0.018343283476275705
coil20,ICL,0.95,100,512,1,0.06,100,0.6247222222222223,0.028182297602362877,0.7254773445227374,0.013979840749045019
coil20,ICL,0.65,100,512,1,0.11,200,0.6247222222222221,0.04067536052334021,0.7413835054041098,0.015431968272241995
coil20,ICL,0.2,100,512,1,0.06,150,0.6246180555555555,0.03378347319833459,0.745944134512918,0.014754936317716402
coil20,ICL,0.8,100,512,1,0.08,150,0.6245486111111112,0.03357714293074941,0.7419330701456017,0.015376311781412093
coil20,ICL,0.1,100,512,1,0.02,200,0.6245486111111112,0.03071476435876072,0.731205071577521,0.010288882268872231
coil20,ICL,0.1,100,512,1,0.02,200,0.6245486111111112,0.03071476435876072,0.731205071577521,0.010288882268872231
coil20,ICL,0.6,100,512,1,0.07,150,0.624548611111111,0.03527564174963746,0.728046301700507,0.012567140237242288
coil20,ICL,0.9,100,512,1,0.03,300,0.6245138888888888,0.033259539265607596,0.757872512311395,0.014617384562341334
coil20,ICL,0.2,100,512,1,0.15,250,0.6245138888888888,0.03201238246636509,0.7277798487665309,0.01429084008983803
coil20,ICL,0.65,100,512,1,0.09,150,0.6244444444444446,0.031831472943504927,0.7489456781994364,0.014176019467451973
coil20,ICL,1.0,100,512,1,0.07,300,0.6244444444444445,0.02542235819699457,0.7472259982097831,0.01579717570460519
coil20,ICL,0.25,100,512,1,0.01,250,0.6244444444444445,0.04022542095169099,0.7246091222616914,0.011873665464459037
coil20,ICL,0.3,100,512,1,0.02,250,0.6244444444444444,0.03349397057404236,0.7417068300629864,0.014671924341314561
coil20,ICL,0.55,100,512,1,0.04,200,0.6244097222222222,0.03850772717368987,0.7550725901865821,0.017252879460797902
coil20,ICL,0.65,100,512,1,0.05,150,0.6244097222222222,0.03365031216606254,0.7255947124950083,0.013287289629373408
coil20,ICL,0.65,100,512,1,0.09,200,0.6242708333333333,0.03883582379055117,0.7490235584601571,0.01725237380797115
coil20,ICL,0.55,100,512,1,0.12,100,0.6242708333333333,0.022527712486204884,0.722325363746112,0.011684637630373656
coil20,ICL,0.4,100,512,1,0.1,250,0.6242013888888889,0.03110713872829052,0.7529347883204409,0.013073710809046518
coil20,ICL,0.65,100,512,1,0.04,300,0.6241666666666666,0.026708228606716726,0.757146024050243,0.012874829260591664
coil20,ICL,0.4,100,512,1,0.07,150,0.6241319444444444,0.029303477908184074,0.7425003974459936,0.0129558161359165
coil20,ICL,0.65,100,512,1,0.02,300,0.6241319444444444,0.024156162907306298,0.7393384611828732,0.013265255387270327
coil20,ICL,1.0,100,512,1,0.13,250,0.6240624999999999,0.035212699022564346,0.7357623737089023,0.01743188391703743
coil20,ICL,0.15,100,512,1,0.03,300,0.6240277777777778,0.04934241579932604,0.7532222664122837,0.01795256011417839
coil20,ICL,0.85,100,512,1,0.04,300,0.6240277777777778,0.04105006729216603,0.7447808049940294,0.018101651520920185
coil20,ICL,0.2,100,512,1,0.08,50,0.6240277777777777,0.029799192911019384,0.721595343003248,0.01196303318738569
coil20,ICL,1.0,100,512,1,0.09,300,0.6239236111111113,0.03313851852615056,0.7404924318473092,0.014840193726018008
coil20,ICL,0.35,100,512,1,0.07,150,0.6238194444444446,0.03486781973962614,0.7420069825837523,0.010946657928147568
coil20,ICL,0.8,100,512,1,0.07,100,0.6238194444444445,0.04414291158859506,0.7410727314849557,0.016807944702352424
coil20,ICL,0.35,100,512,1,0.06,250,0.6236805555555556,0.04013558473520769,0.7381304750823062,0.01651719099286293
coil20,ICL,0.6,100,512,1,0.04,150,0.6236111111111111,0.03329352368157811,0.7579612218993191,0.01421181238062301
coil20,ICL,0.15,100,512,1,0.08,100,0.6234722222222222,0.028995529668221977,0.7413040211234412,0.01234710339732845
coil20,ICL,0.95,100,512,1,0.05,300,0.6234375,0.03076935538966779,0.7407144453182586,0.01395286670050135
coil20,ICL,1.0,100,512,1,0.02,250,0.6232638888888888,0.025525438926831547,0.7369792132075831,0.014049204581531286
coil20,ICL,0.75,100,512,1,0.08,100,0.6231944444444444,0.025383250650384534,0.7160260168040944,0.010777494812087798
coil20,ICL,0.35,100,512,1,0.16,300,0.6230555555555556,0.028956418135442228,0.7365851936262635,0.014376628761245546
coil20,ICL,0.25,100,512,1,0.1,50,0.6229166666666667,0.026192618058161754,0.7082270368565674,0.01428867421101119
coil20,ICL,0.35,100,512,1,0.09,300,0.6229166666666666,0.03775121615243216,0.749818908158295,0.0178235109952504
coil20,ICL,0.75,100,512,1,0.03,300,0.6228819444444443,0.04496144342295882,0.7581180821559702,0.018662751450217046
coil20,ICL,1.0,100,512,1,0.13,300,0.6228819444444443,0.024231509233591998,0.7361863066476575,0.010850065475126347
coil20,ICL,1.0,100,512,1,0.11,250,0.6228125,0.024492608602543896,0.7494083089252703,0.012921665898968622
coil20,ICL,0.8,100,512,1,0.02,100,0.6228125,0.027756306806119447,0.7268555931023571,0.010699307126937509
coil20,ICL,0.35,100,512,1,0.1,150,0.6228125,0.030630648729491616,0.7237640457482777,0.012972095522532754
coil20,ICL,0.55,100,512,1,0.12,150,0.6227777777777778,0.024098923250880977,0.7211891246066856,0.012377856115776256
coil20,ICL,0.65,100,512,1,0.01,300,0.6227083333333333,0.027770919292190045,0.7410678371345801,0.0162422901205199
coil20,ICL,0.9,100,512,1,0.1,200,0.6226736111111111,0.024776464954944243,0.7448341422770779,0.01573657082650227
coil20,ICL,0.85,100,512,1,0.05,250,0.6226388888888889,0.03067086827094772,0.7263401885324576,0.017457949948121356
coil20,ICL,0.9,100,512,1,0.07,300,0.6224999999999999,0.032922379954247724,0.7417950588725071,0.014029894852999257
coil20,ICL,0.1,100,512,1,0.1,300,0.6224652777777779,0.02634158314719555,0.7369179404423603,0.013339013580378895
coil20,ICL,0.1,100,512,1,0.1,300,0.6224652777777779,0.02634158314719555,0.7369179404423603,0.013339013580378895
coil20,ICL,0.2,100,512,1,0.01,200,0.6224305555555556,0.035929095232962095,0.7154260779581143,0.01505012286208488
coil20,ICL,0.1,100,512,1,0.06,150,0.6224305555555555,0.024617149528853376,0.7381677723207951,0.01129660511907616
coil20,ICL,0.1,100,512,1,0.06,150,0.6224305555555555,0.024617149528853376,0.7381677723207951,0.01129660511907616
coil20,ICL,0.15,100,512,1,0.13,200,0.6223958333333334,0.035097881072609464,0.7488659856684877,0.013146019193420047
coil20,ICL,0.55,100,512,1,0.04,300,0.6223958333333333,0.028773704499105636,0.7580369792488322,0.013540282467548435
coil20,ICL,0.1,100,512,1,0.08,100,0.6223611111111109,0.022396883050334708,0.7214702392437563,0.010509964183657666
coil20,ICL,0.1,100,512,1,0.08,100,0.6223611111111109,0.022396883050334708,0.7214702392437563,0.010509964183657666
coil20,ICL,0.85,100,512,1,0.03,100,0.6222569444444443,0.037726601238015356,0.744069673118808,0.02046244199365098
coil20,ICL,0.55,100,512,1,0.12,300,0.6221180555555555,0.04634878245883775,0.7403383535971377,0.016965839427779173
coil20,ICL,0.95,100,512,1,0.1,250,0.6220833333333334,0.030948078531870354,0.7474872955790427,0.01424291188563105
coil20,ICL,0.65,100,512,1,0.06,300,0.6220486111111112,0.035536884067737674,0.7472348773808247,0.014797993395246706
coil20,ICL,0.7,100,512,1,0.02,150,0.6220138888888889,0.03502513702707575,0.7169420526073884,0.011752102492826298
coil20,ICL,0.15,100,512,1,0.06,150,0.6219097222222223,0.04912941689611703,0.7672167266664041,0.016989923096476154
coil20,ICL,1.0,100,512,1,0.09,250,0.6219097222222223,0.03444575700344126,0.7409970428470928,0.01716718125155729
coil20,ICL,0.95,100,512,1,0.07,250,0.6217361111111112,0.029187409951747314,0.7470448126018696,0.013413613547632125
coil20,ICL,0.55,100,512,1,0.13,300,0.621736111111111,0.03713499054999407,0.7543919302188511,0.02089653980727765
coil20,ICL,0.95,100,512,1,0.1,100,0.621736111111111,0.03732992554304634,0.7386393212489373,0.01819755491795054
coil20,ICL,0.7,100,512,1,0.03,200,0.6216666666666667,0.03850667831287657,0.7628859995190475,0.01648320353068433
coil20,ICL,0.2,100,512,1,0.07,200,0.6216666666666666,0.04023381221139415,0.7586126116301121,0.02012115437606497
coil20,ICL,0.15,100,512,1,0.09,250,0.6216319444444445,0.02953575578827411,0.7477977443668675,0.014306886323682412
coil20,ICL,0.8,100,512,1,0.1,300,0.6216319444444445,0.027969197225543647,0.7311150074998344,0.011297945300317311
coil20,ICL,0.15,100,512,1,0.1,250,0.6216319444444444,0.027892363488457226,0.7465514339931698,0.015377082243733325
coil20,ICL,0.45,100,512,1,0.05,200,0.6215972222222222,0.03326591851845585,0.7430885929892318,0.015694927906476062
coil20,ICL,0.75,100,512,1,0.07,100,0.6215972222222221,0.026317428829298373,0.7352525684408167,0.012531539486501193
coil20,ICL,0.8,100,512,1,0.11,200,0.6215972222222221,0.029887665841354088,0.7330263779090884,0.01135911235426519
coil20,ICL,0.85,100,512,1,0.03,150,0.6214236111111112,0.0332321054081909,0.756336949018508,0.015561185507566737
coil20,ICL,0.1,100,512,1,0.04,300,0.6214236111111112,0.044190504464187576,0.7502903686659548,0.022586212286701785
coil20,ICL,0.1,100,512,1,0.04,300,0.6214236111111112,0.044190504464187576,0.7502903686659548,0.022586212286701785
coil20,ICL,0.8,100,512,1,0.11,250,0.6214236111111111,0.032405545168055556,0.7354109630809796,0.014529747861140996
coil20,ICL,0.7,100,512,1,0.04,250,0.6213194444444444,0.03096716139520287,0.7456521266009111,0.009451544652471972
coil20,ICL,0.9,100,512,1,0.05,300,0.6212152777777777,0.03671863097564108,0.7393055006083065,0.016099414872939234
coil20,ICL,0.65,100,512,1,0.11,150,0.6212152777777777,0.026844993836070096,0.7321440168447302,0.01313700124989217
coil20,ICL,0.75,100,512,1,0.06,300,0.6211111111111112,0.025674166172282496,0.7466347512525039,0.011579223958164839
coil20,ICL,0.9,100,512,1,0.06,250,0.6210763888888888,0.02420243501644636,0.7336878611131236,0.011419683222120088
coil20,ICL,0.35,100,512,1,0.07,50,0.6210763888888888,0.034997709222872944,0.7176897169324087,0.01560899072086523
coil20,ICL,0.75,100,512,1,0.05,200,0.6210069444444446,0.025113433820490846,0.7347702990456755,0.012923812349082022
coil20,ICL,0.8,100,512,1,0.08,250,0.6209722222222223,0.029867247431522758,0.747673456208028,0.012315602752431015
coil20,ICL,1.0,100,512,1,0.02,200,0.6209374999999999,0.028591615357478485,0.7353212355275591,0.01597366077770619
coil20,ICL,0.15,100,512,1,0.03,250,0.6209027777777777,0.0263128473115696,0.7436060892874171,0.012991369806416068
coil20,ICL,0.2,100,512,1,0.18,250,0.6207986111111111,0.02623904367911384,0.7294420693729867,0.014445324177673781
coil20,ICL,0.65,100,512,1,0.1,150,0.6207638888888889,0.019924505469644072,0.7338407343705868,0.012462171093138977
coil20,ICL,0.1,100,512,1,0.05,150,0.6207638888888888,0.030390891539740113,0.7428847366504419,0.012845917738345243
coil20,ICL,0.1,100,512,1,0.05,150,0.6207638888888888,0.030390891539740113,0.7428847366504419,0.012845917738345243
coil20,ICL,1.0,100,512,1,0.03,300,0.6207291666666667,0.02380666060413284,0.7452730262596863,0.013888497107325306
coil20,ICL,0.4,100,512,1,0.1,50,0.6206597222222222,0.043050444925182514,0.7082663574260577,0.02144072991329175
coil20,ICL,0.65,100,512,1,0.02,250,0.6205902777777776,0.03523734217509622,0.7350645415850288,0.015149540914712264
coil20,ICL,0.7,100,512,1,0.02,200,0.6204861111111111,0.02650513504289263,0.7244727333691063,0.009540555516323435
coil20,ICL,0.75,100,512,1,0.04,200,0.620451388888889,0.034453456342364026,0.7444169368361766,0.013277103550120191
coil20,ICL,0.25,100,512,1,0.08,300,0.620451388888889,0.02802104846399585,0.7402847686460398,0.012524411207668515
coil20,ICL,0.5,100,512,1,0.07,150,0.620451388888889,0.04201789179737222,0.7344898455060901,0.021736456713635784
coil20,ICL,0.5,100,512,1,0.07,150,0.620451388888889,0.04201789179737222,0.7344898455060901,0.021736456713635784
coil20,ICL,1.0,100,512,1,0.02,300,0.6203819444444444,0.030709268510560505,0.7322604019676914,0.020621280565101468
coil20,ICL,0.1,100,512,1,0.16,300,0.6201736111111111,0.02836146734323016,0.7502791257547939,0.019140756877658798
coil20,ICL,0.1,100,512,1,0.16,300,0.6201736111111111,0.02836146734323016,0.7502791257547939,0.019140756877658798
coil20,ICL,0.7,100,512,1,0.02,250,0.6200694444444445,0.032642508664524866,0.7241134835260093,0.012495968484061362
coil20,ICL,0.55,100,512,1,0.06,200,0.6200347222222222,0.03813333179046067,0.7396969590672129,0.01453632746649628
coil20,ICL,0.15,100,512,1,0.13,250,0.6200000000000001,0.024658743409655126,0.7538090463985296,0.012706454483282526
coil20,ICL,0.7,100,512,1,0.08,250,0.6199305555555557,0.03015448585161598,0.7523948510820323,0.013649397973995074
coil20,ICL,0.55,100,512,1,0.09,300,0.6199305555555557,0.021500991399766658,0.7452985911424478,0.009813908661749086
coil20,ICL,0.75,100,512,1,0.08,150,0.6199305555555555,0.020156960282728804,0.724245647186351,0.011748084677938392
coil20,ICL,0.4,100,512,1,0.11,300,0.6197569444444444,0.04134276594412249,0.7511291602561614,0.01455760954712538
coil20,ICL,0.65,100,512,1,0.11,300,0.6197569444444444,0.03259414412276658,0.7510970404964176,0.012823905398864693
coil20,ICL,0.9,100,512,1,0.11,200,0.6197569444444444,0.027979713047256036,0.730902484903915,0.01365284025934523
coil20,ICL,0.45,100,512,1,0.06,200,0.6197222222222223,0.0341596085754022,0.7469741402294453,0.015068200026818957
coil20,ICL,0.2,100,512,1,0.09,100,0.6196527777777778,0.026591056726642255,0.7247934529253819,0.014815898831190987
coil20,ICL,0.7,100,512,1,0.02,100,0.619548611111111,0.018445671970113,0.7178965609992378,0.010532654347322
coil20,ICL,0.8,100,512,1,0.05,300,0.619375,0.02942748791101758,0.7432376649752038,0.015326679080276738
coil20,ICL,0.45,100,512,1,0.09,150,0.619375,0.023769789513550986,0.7196077109839989,0.009861995948225438
coil20,ICL,0.1,100,512,1,0.09,200,0.6193402777777777,0.027171575441256177,0.7323880300760074,0.014113468397090389
coil20,ICL,0.1,100,512,1,0.09,200,0.6193402777777777,0.027171575441256177,0.7323880300760074,0.014113468397090389
coil20,ICL,0.35,100,512,1,0.05,300,0.6192708333333334,0.039950704457509055,0.7493345836805493,0.0187842219190913
coil20,ICL,0.15,100,512,1,0.18,300,0.6191666666666666,0.0358614499940955,0.742556251333185,0.01941110710478404
coil20,ICL,0.7,100,512,1,0.02,50,0.6191666666666666,0.02835034892114412,0.707967884181816,0.009626891913759584
coil20,ICL,0.15,100,512,1,0.14,300,0.6191319444444444,0.03196894818041946,0.7311509699906085,0.017752748026778814
coil20,ICL,0.4,100,512,1,0.04,150,0.6190972222222222,0.027783419565952955,0.7589644576259915,0.013945482536247963
coil20,ICL,0.3,100,512,1,0.11,250,0.6190625,0.05396797380989082,0.7462896619512328,0.021601675215747775
coil20,ICL,0.35,100,512,1,0.09,250,0.6189930555555556,0.03170066629333457,0.7429287557476653,0.016512954321665427
coil20,ICL,0.1,100,512,1,0.18,300,0.6189583333333334,0.033324000429564724,0.7477417393984294,0.01682447730612045
coil20,ICL,0.1,100,512,1,0.18,300,0.6189583333333334,0.033324000429564724,0.7477417393984294,0.01682447730612045
coil20,ICL,0.35,100,512,1,0.03,200,0.6188541666666667,0.027755438065481707,0.7350932737867295,0.011133342268048069
coil20,ICL,0.65,100,512,1,0.06,150,0.6187152777777777,0.03088246445355858,0.7388727320001699,0.014077579229399274
coil20,ICL,0.3,100,512,1,0.06,250,0.6187152777777777,0.03126887932799978,0.7350978166894435,0.011695179734192788
coil20,ICL,0.35,100,512,1,0.09,100,0.6186805555555555,0.02699227927449067,0.7223945955376643,0.011831655095444135
coil20,ICL,0.25,100,512,1,0.02,250,0.6186111111111112,0.03744504718440043,0.7387613757553719,0.01812782099579478
coil20,ICL,0.45,100,512,1,0.14,300,0.6185763888888889,0.023346014865668705,0.7482065074346134,0.014568209294805701
coil20,ICL,0.45,100,512,1,0.05,250,0.6185416666666667,0.03184851235454382,0.7440639222674904,0.010164537040873625
coil20,ICL,0.8,100,512,1,0.07,200,0.6182986111111111,0.03739328630550287,0.7479739192758874,0.0123273005495445
coil20,ICL,0.6,100,512,1,0.03,300,0.6182638888888888,0.0445977715458054,0.754284889180041,0.018394007083013537
coil20,ICL,0.95,100,512,1,0.07,200,0.6180208333333332,0.030630806170442778,0.735656710694199,0.013244038327705302
coil20,ICL,0.35,100,512,1,0.16,150,0.617986111111111,0.02913597922661648,0.723625230016565,0.012459167169229476
coil20,ICL,0.4,100,512,1,0.04,250,0.6179166666666667,0.030696172651197062,0.7568247480465465,0.010960679411695753
coil20,ICL,0.65,100,512,1,0.03,200,0.6178472222222222,0.04415547333703133,0.7552341388216455,0.01695045825126802
coil20,ICL,0.35,100,512,1,0.08,300,0.6177777777777778,0.031180014224452126,0.7417698103179966,0.013884998433751098
coil20,ICL,1.0,100,512,1,0.09,200,0.6177083333333333,0.03976778418457102,0.738138172161576,0.017540212293903675
coil20,ICL,0.7,100,512,1,0.06,200,0.6177083333333332,0.03064263160881553,0.7395251823841467,0.01064831162563345
coil20,ICL,0.2,100,512,1,0.06,200,0.6176736111111112,0.03565177613513114,0.7466246810957577,0.012970147984051682
coil20,ICL,0.15,100,512,1,0.11,300,0.6176388888888888,0.03519155035018184,0.7451336686560859,0.0142086436228355
coil20,ICL,0.2,100,512,1,0.18,300,0.6176388888888888,0.0279296197146937,0.7387905347603079,0.014174398239708914
coil20,ICL,0.65,100,512,1,0.11,100,0.6176388888888888,0.02877665833301037,0.7171212134133182,0.014301730677750571
coil20,ICL,0.95,100,512,1,0.04,100,0.6174305555555556,0.038225303190587596,0.7227375931780565,0.016602167839085115
coil20,ICL,0.15,100,512,1,0.08,150,0.617326388888889,0.035314719148013714,0.7389000542341755,0.014001793839606452
coil20,ICL,0.25,100,512,1,0.15,200,0.6172916666666667,0.02498543171208986,0.7251875203375017,0.01447044459224973
coil20,ICL,0.75,100,512,1,0.02,250,0.6172569444444443,0.03510227767200223,0.733403154677043,0.01532009680684956
coil20,ICL,0.25,100,512,1,0.09,100,0.6171527777777779,0.031692165050959904,0.7204783386261142,0.017039717156096066
coil20,ICL,1.0,100,512,1,0.05,150,0.6171527777777778,0.036089804077236734,0.7250170497795653,0.015335678702561532
coil20,ICL,0.1,100,512,1,0.2,250,0.6171180555555555,0.03494185743272337,0.7380963910118448,0.012941876455217055
coil20,ICL,0.1,100,512,1,0.2,250,0.6171180555555555,0.03494185743272337,0.7380963910118448,0.012941876455217055
coil20,ICL,0.75,100,512,1,0.05,300,0.617013888888889,0.03065600597208471,0.7457124531835546,0.011974373626667761
coil20,ICL,0.15,100,512,1,0.09,150,0.617013888888889,0.023823088480570406,0.7331381990049795,0.010957098636708918
coil20,ICL,0.2,100,512,1,0.09,150,0.6169444444444443,0.024697631340417258,0.732894770569445,0.011081509411230116
coil20,ICL,0.4,100,512,1,0.02,300,0.6169097222222224,0.025583728243724874,0.7389005476420578,0.013771752768571104
coil20,ICL,0.3,100,512,1,0.01,250,0.6168402777777777,0.027718578410884823,0.7238613603241333,0.014824035873572762
coil20,ICL,0.4,100,512,1,0.01,300,0.6167361111111112,0.029140116884409314,0.7258378126451532,0.014347676403443345
coil20,ICL,1.0,100,512,1,0.11,150,0.6166319444444446,0.024359538266405405,0.7323870405956721,0.01212427524833239
coil20,ICL,0.55,100,512,1,0.13,200,0.6165972222222222,0.03386006002834987,0.7404675235641051,0.010729859164722428
coil20,ICL,0.15,100,512,1,0.06,300,0.6165624999999999,0.03736103043671589,0.7636592619658427,0.013624785764884727
coil20,ICL,0.55,100,512,1,0.13,250,0.6165277777777778,0.03243479332293078,0.7456167893398539,0.012562100818209554
coil20,ICL,0.9,100,512,1,0.11,250,0.6165277777777778,0.02202013143175137,0.7327246624543639,0.009791115484335726
coil20,ICL,0.25,100,512,1,0.12,300,0.6165277777777777,0.038270505074299375,0.7439351685433031,0.01381064717740718
coil20,ICL,0.45,100,512,1,0.09,250,0.6164583333333333,0.021788408863486788,0.7312724566859881,0.014701969009014994
coil20,ICL,0.6,100,512,1,0.1,300,0.616423611111111,0.03781138402597658,0.7567965134833148,0.018362200644305535
coil20,ICL,0.5,100,512,1,0.03,300,0.6162847222222222,0.03505567317619816,0.7482246441175893,0.01644038381396766
coil20,ICL,0.5,100,512,1,0.03,300,0.6162847222222222,0.03505567317619816,0.7482246441175893,0.01644038381396766
coil20,ICL,0.2,100,512,1,0.13,300,0.6162152777777777,0.02972130953297547,0.7336570319786834,0.015543904995101917
coil20,ICL,0.6,100,512,1,0.07,50,0.6161458333333334,0.029045611049160865,0.7042048624926537,0.013764808421835533
coil20,ICL,0.3,100,512,1,0.05,300,0.6161111111111112,0.03510181399413728,0.7376293383129495,0.016690212186600845
coil20,ICL,1.0,100,512,1,0.04,100,0.6161111111111112,0.03626675857831489,0.7116413310087192,0.016426980211412135
coil20,ICL,0.55,100,512,1,0.12,250,0.6160763888888889,0.027029214982628714,0.7276608577386936,0.011879080653316833
coil20,ICL,1.0,100,512,1,0.09,100,0.6160069444444445,0.03511409080513103,0.7369161612061625,0.018850264415998453
coil20,ICL,0.6,100,512,1,0.03,250,0.6160069444444444,0.032920237587600654,0.7481517386312324,0.015868736316265657
coil20,ICL,0.8,100,512,1,0.1,150,0.6160069444444444,0.038717052774457444,0.7304573122214391,0.014004207001804853
coil20,ICL,0.1,100,512,1,0.08,50,0.6159722222222223,0.032890578034701516,0.7017625061681259,0.014266585607026781
coil20,ICL,0.1,100,512,1,0.08,50,0.6159722222222223,0.032890578034701516,0.7017625061681259,0.014266585607026781
coil20,ICL,0.25,100,512,1,0.11,150,0.6159722222222221,0.036073698568279106,0.7439288996389057,0.012292665616964881
coil20,ICL,0.8,100,512,1,0.08,200,0.6157986111111112,0.03367796023792173,0.7392710987181079,0.014786516752931179
coil20,ICL,0.4,100,512,1,0.05,300,0.6157986111111111,0.036444028278238685,0.7346822630173081,0.019661378125993913
coil20,ICL,0.65,100,512,1,0.03,300,0.6157291666666665,0.039123963989557246,0.7536339488954267,0.016883488415106115
coil20,ICL,0.1,100,512,1,0.02,250,0.6156944444444445,0.035034292063211014,0.7362939544316985,0.015067978161785681
coil20,ICL,0.1,100,512,1,0.02,250,0.6156944444444445,0.035034292063211014,0.7362939544316985,0.015067978161785681
coil20,ICL,0.95,100,512,1,0.09,100,0.6156944444444443,0.02644675672663899,0.718330847378803,0.014428269885952345
coil20,ICL,0.15,100,512,1,0.14,200,0.6155208333333333,0.03360442067824366,0.7240846537756319,0.016734159626023048
coil20,ICL,0.9,100,512,1,0.11,300,0.6154861111111111,0.03513374193750025,0.7366841896953589,0.009833059905899097
coil20,ICL,0.65,100,512,1,0.05,200,0.6154861111111111,0.030381527774920588,0.7216309615226836,0.018265729569450998
coil20,ICL,0.85,100,512,1,0.09,150,0.6153472222222222,0.044118214600864125,0.7339421540701261,0.017389989612183278
coil20,ICL,1.0,100,512,1,0.02,100,0.6153125,0.03258008517839513,0.7403706734640455,0.01621705948195523
coil20,ICL,0.6,100,512,1,0.06,150,0.6152430555555555,0.032718191926625936,0.7292830586719112,0.013488028625164
coil20,ICL,0.25,100,512,1,0.08,50,0.6152083333333334,0.02297226000937373,0.7124834509612344,0.010307912799542395
coil20,ICL,0.25,100,512,1,0.09,150,0.6152083333333332,0.029240069671304065,0.7300049702315213,0.012964903330185245
coil20,ICL,0.5,100,512,1,0.07,100,0.6152083333333332,0.039690340255128846,0.710924407561121,0.016766432530001103
coil20,ICL,0.5,100,512,1,0.07,100,0.6152083333333332,0.039690340255128846,0.710924407561121,0.016766432530001103
coil20,ICL,0.2,100,512,1,0.01,250,0.615173611111111,0.028907808808486753,0.720448234929164,0.012536170449753144
coil20,ICL,0.25,100,512,1,0.07,100,0.6151388888888889,0.041651386086935485,0.7514627617768176,0.016273050677639213
coil20,ICL,0.35,100,512,1,0.1,300,0.6151388888888889,0.029942234766955952,0.740654273749521,0.013591939837334125
coil20,ICL,0.75,100,512,1,0.06,150,0.6150347222222223,0.047082757186740425,0.7353303507804377,0.015825089904055317
coil20,ICL,0.25,100,512,1,0.09,50,0.6150347222222222,0.0339478049743597,0.7058662141600677,0.014700894086941443
coil20,ICL,0.3,100,512,1,0.06,300,0.6149652777777778,0.03260671804003881,0.7353293115287672,0.016694431914653564
coil20,ICL,0.3,100,512,1,0.03,300,0.6148958333333334,0.030117980298627556,0.7419709066420106,0.01653382441266987
coil20,ICL,0.2,100,512,1,0.12,250,0.6148958333333334,0.03271892889836359,0.7386798961015676,0.012682013489146321
coil20,ICL,0.45,100,512,1,0.15,150,0.6148263888888889,0.03480911003730927,0.7293158579322844,0.016175841158773713
coil20,ICL,1.0,100,512,1,0.11,200,0.6148263888888887,0.02693627722010589,0.7374596906408357,0.011328656859691887
coil20,ICL,0.55,100,512,1,0.07,300,0.6147569444444445,0.030638991985068822,0.744197892780716,0.011851353783110117
coil20,ICL,0.65,100,512,1,0.08,250,0.6147569444444445,0.03111302929974499,0.7432262600395557,0.015312416015391461
coil20,ICL,0.8,100,512,1,0.09,200,0.6147569444444445,0.03353589710557817,0.7334440484863215,0.014684884321648809
coil20,ICL,0.35,100,512,1,0.1,200,0.6147569444444444,0.02651184349103641,0.7288827220188713,0.01370717212779757
coil20,ICL,0.8,100,512,1,0.04,150,0.6147222222222223,0.03542252130258515,0.7321685094012581,0.01682066634958312
coil20,ICL,0.75,100,512,1,0.07,150,0.6147222222222222,0.03345867637386987,0.735241744802059,0.01154799329050254
coil20,ICL,0.65,100,512,1,0.2,250,0.6146527777777778,0.03048832565988514,0.7207560310257646,0.00956989868425448
coil20,ICL,0.25,100,512,1,0.03,200,0.6145833333333334,0.027041456228137407,0.7486133283592087,0.012488033326395379
coil20,ICL,0.3,100,512,1,0.03,200,0.6145486111111111,0.030040221076587433,0.7323859971387577,0.013692557883438207
coil20,ICL,0.7,100,512,1,0.13,300,0.614548611111111,0.026880898541609813,0.7242370746375605,0.013479133120330793
coil20,ICL,0.55,100,512,1,0.04,250,0.6144444444444443,0.030017838060923913,0.7553998633358052,0.012499705619613935
coil20,ICL,0.35,100,512,1,0.1,250,0.6144444444444443,0.03337352900536002,0.7330730320458546,0.013444098993541301
coil20,ICL,0.8,100,512,1,0.12,250,0.6144097222222222,0.03793782160662593,0.7216283849298251,0.01819599378352434
coil20,ICL,0.8,100,512,1,0.1,250,0.6144097222222221,0.03140538145258068,0.7299014760648908,0.013751153761848533
coil20,ICL,0.3,100,512,1,0.02,200,0.6144097222222221,0.036381118630741324,0.7278333644309383,0.01707800271875155
coil20,ICL,0.25,100,512,1,0.01,150,0.6143402777777778,0.029728610262383874,0.7191554841789112,0.016235945615011682
coil20,ICL,0.15,100,512,1,0.05,100,0.6143055555555557,0.036856228220505355,0.7427627660200934,0.01283564638490103
coil20,ICL,0.2,100,512,1,0.07,150,0.6142708333333332,0.03469823824444863,0.7566338752245112,0.014857247386108772
coil20,ICL,0.85,100,512,1,0.06,50,0.6141319444444443,0.020548134687128433,0.6960355925231686,0.010641563281198262
coil20,ICL,0.45,100,512,1,0.03,300,0.6139583333333334,0.03918285471217049,0.7441180985081284,0.01389883898304566
coil20,ICL,0.25,100,512,1,0.15,250,0.6139236111111112,0.02500045813623431,0.7334941748480167,0.013433272734611043
coil20,ICL,0.3,100,512,1,0.01,150,0.6138888888888889,0.02728822073241017,0.7179260334437545,0.012406074634603564
coil20,ICL,0.25,100,512,1,0.08,250,0.6138194444444445,0.040219006451406414,0.7333017300393113,0.014081874165218979
coil20,ICL,0.25,100,512,1,0.12,250,0.6138194444444444,0.03532388445898336,0.741608159264309,0.015067785255682966
coil20,ICL,0.35,100,512,1,0.02,100,0.6138194444444444,0.029370895431647802,0.7005546906672511,0.016223896356935115
coil20,ICL,0.85,100,512,1,0.04,50,0.6137152777777779,0.020049941263652764,0.7048507538434653,0.014345297469832126
coil20,ICL,0.7,100,512,1,0.05,200,0.6136111111111111,0.02803646903015806,0.7364042294012617,0.01862248187282473
coil20,ICL,0.95,100,512,1,0.05,250,0.6135069444444444,0.030233047840285014,0.7331682367979833,0.01339406762686538
coil20,ICL,0.25,100,512,1,0.08,150,0.6133680555555556,0.023537338794252682,0.7196369649153433,0.01638999568835238
coil20,ICL,0.9,100,512,1,0.04,50,0.6133333333333332,0.031284394652373135,0.7044140092664732,0.011404080486776763
coil20,ICL,0.6,100,512,1,0.06,50,0.6131944444444446,0.022166814605465688,0.707674370259114,0.013211537165308472
coil20,ICL,0.75,100,512,1,0.07,200,0.6131597222222223,0.04184768260892894,0.7382539100262738,0.013253756270804816
coil20,ICL,0.25,100,512,1,0.04,150,0.6130902777777779,0.0304957392730809,0.7556288532951142,0.014969561207825248
coil20,ICL,0.65,100,512,1,0.06,250,0.6130902777777778,0.04012619645056712,0.74295330217889,0.016973324336868215
coil20,ICL,0.15,100,512,1,0.09,200,0.6130902777777777,0.022709793318679953,0.7313951653601855,0.012833904746252383
coil20,ICL,0.7,100,512,1,0.04,150,0.6130555555555556,0.022039833117044248,0.740074850589539,0.012916080658578152
coil20,ICL,0.3,100,512,1,0.02,150,0.6130208333333333,0.03332383762316678,0.7210832705039655,0.012263059411557161
coil20,ICL,0.5,100,512,1,0.08,150,0.6129861111111111,0.04558756708959307,0.7286266019635776,0.018765422703019615
coil20,ICL,0.5,100,512,1,0.08,150,0.6129861111111111,0.04558756708959307,0.7286266019635776,0.018765422703019615
coil20,ICL,0.8,100,512,1,0.11,150,0.612951388888889,0.03170903218069609,0.720159634862775,0.01331860988983573
coil20,ICL,0.6,100,512,1,0.04,100,0.6128472222222222,0.04194611153787854,0.7455338511848354,0.018446380259139226
coil20,ICL,0.25,100,512,1,0.12,100,0.6127777777777779,0.030849595311190033,0.7204456878880571,0.012653299777902836
coil20,ICL,0.15,100,512,1,0.11,250,0.6127777777777778,0.027923575706684023,0.7365700211930439,0.012952464789310923
coil20,ICL,0.2,100,512,1,0.1,300,0.6127430555555555,0.03456302044570537,0.7541277128286022,0.01381834492215409
coil20,ICL,0.7,100,512,1,0.1,150,0.6127430555555555,0.04006064256783121,0.7508446065060843,0.015741010766436074
coil20,ICL,0.75,100,512,1,0.03,200,0.612638888888889,0.026069522139231874,0.7608824917920897,0.014194344508412109
coil20,ICL,0.8,100,512,1,0.12,300,0.612638888888889,0.032209498206140344,0.7200491900123174,0.011844334430329246
coil20,ICL,0.55,100,512,1,0.12,200,0.6126041666666666,0.025429636755961025,0.7292616971886277,0.01077009716855781
coil20,ICL,0.5,100,512,1,0.13,300,0.6124652777777778,0.035492480810146845,0.7374399227656345,0.015051499235759913
coil20,ICL,0.5,100,512,1,0.13,300,0.6124652777777778,0.035492480810146845,0.7374399227656345,0.015051499235759913
coil20,ICL,0.75,100,512,1,0.02,200,0.6124652777777778,0.03854915780552711,0.7315350534841545,0.015153467042652786
coil20,ICL,0.65,100,512,1,0.07,250,0.6123958333333335,0.03292668257720664,0.7438471718208686,0.013958391860862826
coil20,ICL,0.95,100,512,1,0.07,150,0.6123958333333333,0.02439198422998682,0.7273207593506656,0.013518196214324216
coil20,ICL,0.8,100,512,1,0.06,200,0.6123263888888889,0.026909050170819477,0.7349593953658838,0.015473183485342452
coil20,ICL,0.15,100,512,1,0.12,300,0.6122569444444443,0.03910300369232965,0.7436881807342297,0.017995751223483826
coil20,ICL,0.95,100,512,1,0.06,50,0.6122222222222222,0.029186005493500936,0.7124689336649533,0.011721050298488201
coil20,ICL,0.15,100,512,1,0.01,250,0.6122222222222221,0.03192587020382693,0.722366034663988,0.011374331129268559
coil20,ICL,0.85,100,512,1,0.08,150,0.6121527777777778,0.03611278041013482,0.7285746993396026,0.015140822000839249
coil20,ICL,0.25,100,512,1,0.01,100,0.6120833333333333,0.03915114940841457,0.7082349005792093,0.017486083022594228
coil20,ICL,1.0,100,512,1,0.1,200,0.6119791666666667,0.040691052072292254,0.7301307048121003,0.018354054378617476
coil20,ICL,0.75,100,512,1,0.02,150,0.6119097222222223,0.03480911003730929,0.7312842173604824,0.012017286527841071
coil20,ICL,0.8,100,512,1,0.07,50,0.6119097222222222,0.02702029255005837,0.7115662446850173,0.010747267858002696
coil20,ICL,0.25,100,512,1,0.09,300,0.6118402777777777,0.03703640588293241,0.7385409175370365,0.014403028111599915
coil20,ICL,0.25,100,512,1,0.11,200,0.6117708333333334,0.04085640115142665,0.7447119361442264,0.014544382440344452
coil20,ICL,0.25,100,512,1,0.09,200,0.6117361111111111,0.034407532305019896,0.7269399353658554,0.016648077923561634
coil20,ICL,0.35,100,512,1,0.06,200,0.611736111111111,0.02994167104761283,0.739680274330231,0.015916498415540433
coil20,ICL,0.15,100,512,1,0.19,300,0.611736111111111,0.03032735174539459,0.7375382354554947,0.018175650371073607
coil20,ICL,0.6,100,512,1,0.03,200,0.6117013888888889,0.04066580038068661,0.7472724232367949,0.016374989565003165
coil20,ICL,0.85,100,512,1,0.05,150,0.6117013888888889,0.03247838416371422,0.7108982552244989,0.018142518912425562
coil20,ICL,0.3,100,512,1,0.09,300,0.6117013888888888,0.02508115204462911,0.7393159767425332,0.015529182493958916
coil20,ICL,0.6,100,512,1,0.2,300,0.6116666666666667,0.03389330003167348,0.729210448489263,0.017535465867047
coil20,ICL,0.85,100,512,1,0.06,100,0.6116666666666667,0.027182510717166822,0.711040807858717,0.014304044228226648
coil20,ICL,0.7,100,512,1,0.06,250,0.6116319444444444,0.02702796601938557,0.7431523121863233,0.009891526390517602
coil20,ICL,0.45,100,512,1,0.13,200,0.6116319444444444,0.03587387013211948,0.7295738644405858,0.018431996234737354
coil20,ICL,0.8,100,512,1,0.05,150,0.6115972222222222,0.03447488294414277,0.7302446910757461,0.019073168402125067
coil20,ICL,0.1,100,512,1,0.12,150,0.6115277777777778,0.026951602714660385,0.7179686847352789,0.01535798831923118
coil20,ICL,0.1,100,512,1,0.12,150,0.6115277777777778,0.026951602714660385,0.7179686847352789,0.01535798831923118
coil20,ICL,0.7,100,512,1,0.13,250,0.6115277777777777,0.030353180828699866,0.7168881510148173,0.018295952793340044
coil20,ICL,0.1,100,512,1,0.01,250,0.6114930555555554,0.02724265372009422,0.7272013817095818,0.012071145230439343
coil20,ICL,0.1,100,512,1,0.01,250,0.6114930555555554,0.02724265372009422,0.7272013817095818,0.012071145230439343
coil20,ICL,0.15,100,512,1,0.08,200,0.6114583333333334,0.029489368899425775,0.733297910091029,0.013021392165290508
coil20,ICL,0.5,100,512,1,0.15,200,0.6114583333333332,0.02963292986539481,0.7347043640750718,0.01408260495674791
coil20,ICL,0.5,100,512,1,0.15,200,0.6114583333333332,0.02963292986539481,0.7347043640750718,0.01408260495674791
coil20,ICL,1.0,100,512,1,0.07,200,0.6114236111111111,0.036376213732879394,0.7426106205315424,0.015627991860553865
coil20,ICL,0.4,100,512,1,0.04,200,0.6113541666666666,0.03442601083245662,0.7548713577457625,0.014165305289190706
coil20,ICL,0.85,100,512,1,0.08,50,0.6113541666666665,0.028595831781803614,0.6977006274004699,0.013432389619496101
coil20,ICL,0.25,100,512,1,0.13,300,0.6113194444444445,0.02749956158460857,0.7317715993010157,0.010707352611630172
coil20,ICL,0.65,100,512,1,0.07,300,0.61125,0.031068609361449062,0.7452328581247718,0.01717882372732496
coil20,ICL,0.2,100,512,1,0.15,300,0.6112152777777778,0.026064596386657955,0.7255857857630147,0.010399510100879346
coil20,ICL,0.1,100,512,1,0.05,100,0.611111111111111,0.030786688942615822,0.7318590846980786,0.015122492292418617
coil20,ICL,0.1,100,512,1,0.05,100,0.611111111111111,0.030786688942615822,0.7318590846980786,0.015122492292418617
coil20,ICL,0.4,100,512,1,0.11,250,0.611076388888889,0.03806637303168029,0.7335485906467285,0.01586883854382261
coil20,ICL,1.0,100,512,1,0.11,50,0.6110416666666666,0.023081164659458524,0.7022232875018337,0.011614543834357666
coil20,ICL,0.35,100,512,1,0.09,200,0.6109722222222222,0.021462265910772133,0.7317831534453709,0.011002595497414908
coil20,ICL,0.3,100,512,1,0.15,300,0.6109722222222222,0.02080623237291068,0.731032205173802,0.010318903266496619
coil20,ICL,1.0,100,512,1,0.05,300,0.6109375000000001,0.043612479521171095,0.7326812670604201,0.01741521423556204
coil20,ICL,0.95,100,512,1,0.05,200,0.6109375,0.034395599187125064,0.7287905767007776,0.015453169885174567
coil20,ICL,0.3,100,512,1,0.06,200,0.6108333333333335,0.025726706472572927,0.7249912962348739,0.00994550011807599
coil20,ICL,0.95,100,512,1,0.04,50,0.6108333333333333,0.03406559689738768,0.7020225897216947,0.010521539533377207
coil20,ICL,0.85,100,512,1,0.09,300,0.6107986111111112,0.041989762930650404,0.7558704826893378,0.016125676450527326
coil20,ICL,0.7,100,512,1,0.12,300,0.6107986111111112,0.03066463720513973,0.7382922205656173,0.01589156325237677
coil20,ICL,0.35,100,512,1,0.03,250,0.610763888888889,0.035032984347382556,0.7496124846934887,0.015474886833978898
coil20,ICL,0.45,100,512,1,0.14,250,0.6106944444444444,0.03179342320762675,0.7421434959565378,0.015362434453655172
coil20,ICL,0.15,100,512,1,0.01,300,0.6106597222222223,0.027301714823985825,0.7243808456650506,0.013125050974429472
coil20,ICL,0.4,100,512,1,0.1,100,0.6105902777777776,0.0347762600341077,0.716821689525674,0.016453331969003133
coil20,ICL,0.6,100,512,1,0.06,200,0.6104861111111112,0.03311407926200531,0.7339738089845832,0.01423896816209269
coil20,ICL,0.7,100,512,1,0.12,250,0.6104861111111111,0.04617449834962482,0.7331961022443484,0.018284105477131104
coil20,ICL,0.1,100,512,1,0.12,300,0.6103472222222223,0.03975711123206161,0.7367363364523188,0.0148695833327365
coil20,ICL,0.1,100,512,1,0.12,300,0.6103472222222223,0.03975711123206161,0.7367363364523188,0.0148695833327365
coil20,ICL,0.35,100,512,1,0.05,150,0.6103472222222223,0.03731558306120287,0.7122051067864583,0.01687980542181279
coil20,ICL,0.45,100,512,1,0.11,300,0.6102777777777778,0.03132290877612631,0.7453421023355294,0.012732290095118294
coil20,ICL,0.15,100,512,1,0.14,250,0.6102777777777778,0.03386055851340179,0.7258729656608798,0.013346494816304722
coil20,ICL,0.65,100,512,1,0.09,100,0.6100694444444443,0.03133822422919822,0.7344518339648749,0.015218019166795946
coil20,ICL,0.1,100,512,1,0.01,300,0.61,0.02383816481719707,0.7332191071259068,0.010119523635330656
coil20,ICL,0.1,100,512,1,0.01,300,0.61,0.02383816481719707,0.7332191071259068,0.010119523635330656
coil20,ICL,0.8,100,512,1,0.18,300,0.61,0.02101930880387347,0.7271153159859252,0.008527872384794705
coil20,ICL,0.25,100,512,1,0.02,150,0.6098958333333334,0.026521846159124583,0.7205246087604336,0.009759575111152557
coil20,ICL,0.65,100,512,1,0.1,200,0.6098958333333332,0.027712488375457676,0.7343444651921937,0.01367879614299768
coil20,ICL,0.6,100,512,1,0.07,250,0.6098611111111111,0.03379854761654197,0.7309836453844412,0.013067956944548714
coil20,ICL,0.25,100,512,1,0.02,200,0.6098263888888888,0.029406483489515294,0.7292671846616339,0.018556367451950353
coil20,ICL,0.5,100,512,1,0.04,150,0.6097569444444444,0.03772468376337033,0.736783244687195,0.014406210107600353
coil20,ICL,0.5,100,512,1,0.04,150,0.6097569444444444,0.03772468376337033,0.736783244687195,0.014406210107600353
coil20,ICL,0.15,100,512,1,0.09,50,0.6096874999999999,0.018565806954878167,0.7004099755987931,0.009836909387386702
coil20,ICL,0.6,100,512,1,0.09,300,0.6096527777777778,0.02429255604750122,0.7457917763837124,0.013494292682999296
coil20,ICL,0.45,100,512,1,0.14,200,0.6095833333333334,0.027456123808139807,0.7437100158192302,0.016841527764277796
coil20,ICL,0.9,100,512,1,0.09,300,0.6095138888888888,0.03245225897613787,0.7410092212155026,0.01760622403461852
coil20,ICL,0.7,100,512,1,0.05,150,0.6094444444444445,0.01904272527246216,0.73185445463688,0.010308788017039206
coil20,ICL,0.65,100,512,1,0.07,200,0.6094097222222222,0.03118935086914907,0.7367100713302646,0.014867131237574818
coil20,ICL,0.75,100,512,1,0.05,150,0.6094097222222221,0.033651172033732,0.7262103349032573,0.012470264409064194
coil20,ICL,0.2,100,512,1,0.1,250,0.6093402777777777,0.02375718194691117,0.7427094703852555,0.00896006097396088
coil20,ICL,0.85,100,512,1,0.12,300,0.6092708333333332,0.04199079656934097,0.7370053294484775,0.018150261319502113
coil20,ICL,0.4,100,512,1,0.04,100,0.6091666666666666,0.038893600905007805,0.7534310910292565,0.01400635253172583
coil20,ICL,0.7,100,512,1,0.05,250,0.6091666666666666,0.029868054748249755,0.7368457344480055,0.01663750209104324
coil20,ICL,0.7,100,512,1,0.19,300,0.6091319444444445,0.0344771035524634,0.7293281300494151,0.015970216336543934
coil20,ICL,0.3,100,512,1,0.07,250,0.6091319444444445,0.031543586192142314,0.7202251072964743,0.01706891022127606
coil20,ICL,0.9,100,512,1,0.09,150,0.6091319444444444,0.04073452413376546,0.7312153009856074,0.015917998562303293
coil20,ICL,0.95,100,512,1,0.14,300,0.6090625,0.030083534516358163,0.7350016639921295,0.016915135125479767
coil20,ICL,0.95,100,512,1,0.03,250,0.6089930555555556,0.029167059355822103,0.7452356899834194,0.011234003779099623
coil20,ICL,0.15,100,512,1,0.12,200,0.6089930555555555,0.03535907286065085,0.7332796591254686,0.016730713528500918
coil20,ICL,0.5,100,512,1,0.03,200,0.6088888888888889,0.036820358658334586,0.7407432032285209,0.009954529250618446
coil20,ICL,0.5,100,512,1,0.03,200,0.6088888888888889,0.036820358658334586,0.7407432032285209,0.009954529250618446
coil20,ICL,0.55,100,512,1,0.04,150,0.6087152777777777,0.03772148775569551,0.7505545671708483,0.015479504906621358
coil20,ICL,0.2,100,512,1,0.05,300,0.6086805555555557,0.02833171632096012,0.7498597004076946,0.013106822553193289
coil20,ICL,0.35,100,512,1,0.11,150,0.6086111111111111,0.023788548962229608,0.7214286387025659,0.013423102975307431
coil20,ICL,0.7,100,512,1,0.1,50,0.6086111111111111,0.02669359895758984,0.6958586244370729,0.013443329206129834
coil20,ICL,0.3,100,512,1,0.02,100,0.608576388888889,0.02465157958747081,0.7016436469042568,0.013399117412058084
coil20,ICL,0.1,100,512,1,0.13,300,0.6085069444444444,0.02524272122658013,0.735612238836189,0.011704808987415305
coil20,ICL,0.1,100,512,1,0.13,300,0.6085069444444444,0.02524272122658013,0.735612238836189,0.011704808987415305
coil20,ICL,0.4,100,512,1,0.02,200,0.6084722222222223,0.03272786336019289,0.7289690166850272,0.011123668215071745
coil20,ICL,0.6,100,512,1,0.06,300,0.6084722222222221,0.033358352878853664,0.7423981764628327,0.015642192532996875
coil20,ICL,0.2,100,512,1,0.12,300,0.6084027777777778,0.03955524100608392,0.7449602049617625,0.014571793853007184
coil20,ICL,0.15,100,512,1,0.15,150,0.6084027777777778,0.02513457221993271,0.7094873708813966,0.011744088855896586
coil20,ICL,0.1,100,512,1,0.01,200,0.6084027777777777,0.02903982006988607,0.7200557945472339,0.015994749460067993
coil20,ICL,0.1,100,512,1,0.01,200,0.6084027777777777,0.02903982006988607,0.7200557945472339,0.015994749460067993
coil20,ICL,0.55,100,512,1,0.05,50,0.6083333333333332,0.02865456516749594,0.7286273127128282,0.013674206009700872
coil20,ICL,0.65,100,512,1,0.03,250,0.6082986111111113,0.04277263395751518,0.7442373341329392,0.018867868981352117
coil20,ICL,0.7,100,512,1,0.06,300,0.6082986111111109,0.03674357661488201,0.7447298375547786,0.015509192751134
coil20,ICL,0.75,100,512,1,0.11,150,0.6082638888888889,0.03184078895142805,0.7389895278647762,0.01444234184806805
coil20,ICL,1.0,100,512,1,0.1,150,0.6082638888888889,0.026465440865120413,0.717875588721119,0.01510956712512831
coil20,ICL,0.45,100,512,1,0.13,250,0.6082291666666667,0.02498675864610871,0.7411125375605196,0.01303864322281188
coil20,ICL,0.3,100,512,1,0.12,200,0.608125,0.02894517420171972,0.7190052239232193,0.00943389119746801
coil20,ICL,0.1,100,512,1,0.04,50,0.6081249999999999,0.03153657182786869,0.7115940653157824,0.01566726084186549
coil20,ICL,0.1,100,512,1,0.04,50,0.6081249999999999,0.03153657182786869,0.7115940653157824,0.01566726084186549
coil20,ICL,0.35,100,512,1,0.13,300,0.6080902777777778,0.026965801780469638,0.7391805543788166,0.013008514850978748
coil20,ICL,0.35,100,512,1,0.08,250,0.6080902777777777,0.031739435000990475,0.7306243724630527,0.017771421856648487
coil20,ICL,0.75,100,512,1,0.02,300,0.6080555555555555,0.04253119316425662,0.7356504157169126,0.018409182909481348
coil20,ICL,0.1,100,512,1,0.1,200,0.6079861111111111,0.019847630428894415,0.721022610343512,0.011497467669619515
coil20,ICL,0.1,100,512,1,0.1,200,0.6079861111111111,0.019847630428894415,0.721022610343512,0.011497467669619515
coil20,ICL,0.4,100,512,1,0.12,300,0.6079861111111111,0.03245478514339147,0.7171208973553747,0.012727502169664517
coil20,ICL,0.35,100,512,1,0.14,300,0.6079513888888889,0.03991181625502267,0.7317771674150106,0.020490284459537655
coil20,ICL,0.25,100,512,1,0.12,150,0.6079166666666667,0.0337241270283926,0.731884531875979,0.01229303655361315
coil20,ICL,0.1,100,512,1,0.06,100,0.6079166666666667,0.029340914687367155,0.7147713626217538,0.018939898925783377
coil20,ICL,0.1,100,512,1,0.06,100,0.6079166666666667,0.029340914687367155,0.7147713626217538,0.018939898925783377
coil20,ICL,0.35,100,512,1,0.05,250,0.6078819444444444,0.04115090217254293,0.7359258460747125,0.022391508039048328
coil20,ICL,0.9,100,512,1,0.07,150,0.6078472222222222,0.021966958387598146,0.7231776432895953,0.010464676247077693
coil20,ICL,0.35,100,512,1,0.16,100,0.6078472222222222,0.021338889069686715,0.7034150869663457,0.012432771435244367
coil20,ICL,0.15,100,512,1,0.18,250,0.6077430555555555,0.035982191749127625,0.7324717512918207,0.017562969310117332
coil20,ICL,0.1,100,512,1,0.01,150,0.6075694444444444,0.03068305155583092,0.7093789909765343,0.01034195236584451
coil20,ICL,0.1,100,512,1,0.01,150,0.6075694444444444,0.03068305155583092,0.7093789909765343,0.01034195236584451
coil20,ICL,0.1,100,512,1,0.09,300,0.6075347222222223,0.033134734622493764,0.732348149129748,0.012800593358968715
coil20,ICL,0.1,100,512,1,0.09,300,0.6075347222222223,0.033134734622493764,0.732348149129748,0.012800593358968715
coil20,ICL,0.9,100,512,1,0.03,200,0.6075,0.03203685305556248,0.7434311058896874,0.010005569117620667
coil20,ICL,0.8,100,512,1,0.09,300,0.6074305555555555,0.04085440924342964,0.7352153072435407,0.017110449113158788
coil20,ICL,0.45,100,512,1,0.17,300,0.6074305555555555,0.028631920021818354,0.7313247233478875,0.011631041053849335
coil20,ICL,0.9,100,512,1,0.03,150,0.6073958333333334,0.029378591026890798,0.7421514539291383,0.013987038638204195
coil20,ICL,0.1,100,512,1,0.1,150,0.6073958333333334,0.025130134870838695,0.711330410151162,0.013212209901017957
coil20,ICL,0.1,100,512,1,0.1,150,0.6073958333333334,0.025130134870838695,0.711330410151162,0.013212209901017957
coil20,ICL,0.5,100,512,1,0.06,50,0.6073611111111111,0.025797840013898767,0.7429820647127796,0.014434971628666575
coil20,ICL,0.5,100,512,1,0.06,50,0.6073611111111111,0.025797840013898767,0.7429820647127796,0.014434971628666575
coil20,ICL,0.2,100,512,1,0.19,150,0.6073611111111111,0.03979136367928084,0.7244858732085698,0.016156524469885688
coil20,ICL,0.5,100,512,1,0.11,300,0.6073263888888889,0.023066090088263252,0.7407575325438984,0.008838865349503124
coil20,ICL,0.5,100,512,1,0.11,300,0.6073263888888889,0.023066090088263252,0.7407575325438984,0.008838865349503124
coil20,ICL,0.75,100,512,1,0.07,250,0.6072916666666667,0.03872827696565385,0.7393655850226548,0.017862862405342794
coil20,ICL,0.5,100,512,1,0.04,100,0.6072222222222222,0.033231470516906864,0.7349124782807699,0.015944651687223407
coil20,ICL,0.5,100,512,1,0.04,100,0.6072222222222222,0.033231470516906864,0.7349124782807699,0.015944651687223407
coil20,ICL,0.15,100,512,1,0.09,100,0.6071527777777778,0.02435421716086391,0.7196692685130505,0.013547577153192597
coil20,ICL,0.15,100,512,1,0.13,150,0.6071527777777777,0.030541426657639134,0.7199636432245087,0.018113357666648944
coil20,ICL,0.1,100,512,1,0.12,200,0.6071180555555556,0.030973214825898106,0.7194745804654661,0.01514785264281609
coil20,ICL,0.1,100,512,1,0.12,200,0.6071180555555556,0.030973214825898106,0.7194745804654661,0.01514785264281609
coil20,ICL,0.15,100,512,1,0.15,250,0.6071180555555554,0.029731530052182438,0.7167762919468188,0.014432028758248797
coil20,ICL,0.8,100,512,1,0.09,150,0.6070833333333333,0.03301321985485793,0.7242161344944422,0.017799295635632498
coil20,ICL,0.65,100,512,1,0.02,50,0.6070138888888889,0.022459561568832952,0.6803113550637746,0.012201117919286889
coil20,ICL,0.5,100,512,1,0.05,50,0.6069444444444445,0.02649012015920997,0.7059559369184185,0.0110962767794538
coil20,ICL,0.5,100,512,1,0.05,50,0.6069444444444445,0.02649012015920997,0.7059559369184185,0.0110962767794538
coil20,ICL,0.2,100,512,1,0.04,200,0.6069097222222222,0.03126116698625617,0.7452452756843739,0.013230210667649579
coil20,ICL,0.25,100,512,1,0.12,200,0.6069097222222222,0.022716375359875106,0.7385035399973148,0.012477459294230895
coil20,ICL,0.7,100,512,1,0.13,200,0.6069097222222222,0.03162923820598183,0.7076967589528522,0.016212531728843405
coil20,ICL,0.95,100,512,1,0.05,150,0.6068749999999999,0.03105176321011079,0.726203687643616,0.015323972047851431
coil20,ICL,0.15,100,512,1,0.08,50,0.6068402777777778,0.03129030965026169,0.7113778146212945,0.00902342470446874
coil20,ICL,0.6,100,512,1,0.13,300,0.6068055555555556,0.030114877788188523,0.736343441666928,0.013783388097161271
coil20,ICL,0.35,100,512,1,0.08,150,0.6068055555555556,0.02683971628706925,0.7179061252928325,0.012550164125175716
coil20,ICL,0.7,100,512,1,0.1,200,0.6068055555555555,0.03346804376870128,0.7556191016294175,0.013301262019118017
coil20,ICL,0.75,100,512,1,0.09,100,0.6067708333333333,0.033920519022050774,0.7285784057762636,0.0160780668265938
coil20,ICL,0.85,100,512,1,0.05,200,0.6067708333333333,0.030572813150496713,0.716067917180808,0.01355251936461044
coil20,ICL,0.15,100,512,1,0.02,300,0.6067361111111111,0.04312444086236201,0.7343886276354552,0.020283025656678378
coil20,ICL,0.65,100,512,1,0.1,250,0.606736111111111,0.0270085327452156,0.7354132731917202,0.01450017300537175
coil20,ICL,0.25,100,512,1,0.07,50,0.6067013888888889,0.04581716623533606,0.7350350201865715,0.019332239086826016
coil20,ICL,0.25,100,512,1,0.09,250,0.6066666666666667,0.0317235721643102,0.7298210010793368,0.015101456372077488
coil20,ICL,0.35,100,512,1,0.08,200,0.6066666666666667,0.03308749040959344,0.7257944013280373,0.014820756568701942
coil20,ICL,0.15,100,512,1,0.1,150,0.6065625000000001,0.032704923595568536,0.7236309126893408,0.018755333216666475
coil20,ICL,0.3,100,512,1,0.01,300,0.6064583333333332,0.02626992556513115,0.7212023708338523,0.01188798802285431
coil20,ICL,0.2,100,512,1,0.2,200,0.6063888888888889,0.032938635425647234,0.731167472154753,0.015176147086460715
coil20,ICL,0.25,100,512,1,0.2,300,0.6063541666666667,0.0345043686567994,0.72797874885084,0.016037375517558513
coil20,ICL,0.1,100,512,1,0.18,250,0.6063541666666665,0.026786366008385406,0.7258992702328948,0.012776726362697678
coil20,ICL,0.1,100,512,1,0.18,250,0.6063541666666665,0.026786366008385406,0.7258992702328948,0.012776726362697678
coil20,ICL,0.55,100,512,1,0.11,250,0.6063194444444445,0.023948669548602246,0.7415590916118266,0.011353843543285766
coil20,ICL,0.15,100,512,1,0.01,200,0.6062847222222223,0.03871518435464563,0.7146906269947398,0.01333779954436827
coil20,ICL,1.0,100,512,1,0.05,50,0.6062847222222221,0.030061083486044533,0.7041448340469738,0.011567744912469815
coil20,ICL,1.0,100,512,1,0.05,200,0.60625,0.03607303013452599,0.7303378694844891,0.013489100410438269
coil20,ICL,0.85,100,512,1,0.08,250,0.6061805555555555,0.04072838222698222,0.738283557922498,0.015930037549200266
coil20,ICL,0.65,100,512,1,0.08,300,0.6061458333333333,0.028422445479261718,0.7377497918980622,0.013074480032137889
coil20,ICL,0.45,100,512,1,0.12,250,0.606111111111111,0.0351409474583655,0.734122691690824,0.018187412665341837
coil20,ICL,0.85,100,512,1,0.03,250,0.6060763888888889,0.027437037736199852,0.7495314122048898,0.016768485511949635
coil20,ICL,0.65,100,512,1,0.12,300,0.6060069444444445,0.023203461113353096,0.7250068223423316,0.013838280296201287
coil20,ICL,0.85,100,512,1,0.03,50,0.6060069444444445,0.025680622220633383,0.7132691060325483,0.015870695993119105
coil20,ICL,0.55,100,512,1,0.12,50,0.6059375000000001,0.03242354715493086,0.7023491210393811,0.01602388453641458
coil20,ICL,0.35,100,512,1,0.02,300,0.6059027777777778,0.02219670844383782,0.7377669978710362,0.011335351244431299
coil20,ICL,0.45,100,512,1,0.17,250,0.6059027777777778,0.02929987767534403,0.7210808405636013,0.014288580914263386
coil20,ICL,0.85,100,512,1,0.12,250,0.6058680555555556,0.031161506647268796,0.7305930939547197,0.01299143175518784
coil20,ICL,0.75,100,512,1,0.08,50,0.6057986111111111,0.027244246865503877,0.6934454535059154,0.011210412496701579
coil20,ICL,0.85,100,512,1,0.09,100,0.6057638888888889,0.03685799461413099,0.7146532342067876,0.014040903343299773
coil20,ICL,0.4,100,512,1,0.16,300,0.6057291666666667,0.03238142766523564,0.7138571601172162,0.01766955476753718
coil20,ICL,0.25,100,512,1,0.04,50,0.6056944444444444,0.031178622187028746,0.7228198101647348,0.012281837225191487
coil20,ICL,1.0,100,512,1,0.09,150,0.6056597222222223,0.029628677918019784,0.7302903379877488,0.014944190991494992
coil20,ICL,0.5,100,512,1,0.15,250,0.6055208333333333,0.03536930043405502,0.7326974076213716,0.017426318734524666
coil20,ICL,0.5,100,512,1,0.15,250,0.6055208333333333,0.03536930043405502,0.7326974076213716,0.017426318734524666
coil20,ICL,0.45,100,512,1,0.06,150,0.6054861111111112,0.03656822064036571,0.7380817635138734,0.015024718543558172
coil20,ICL,0.15,100,512,1,0.14,150,0.6054513888888888,0.030775937413639744,0.7213097667825172,0.013053334799367182
coil20,ICL,0.1,100,512,1,0.1,250,0.6054166666666666,0.021265880050470216,0.7350252610604661,0.011049872229723139
coil20,ICL,0.1,100,512,1,0.1,250,0.6054166666666666,0.021265880050470216,0.7350252610604661,0.011049872229723139
coil20,ICL,1.0,100,512,1,0.03,250,0.6054166666666666,0.027300235437414663,0.7299378479259071,0.01298139249041314
coil20,ICL,0.2,100,512,1,0.11,100,0.6054166666666666,0.03544837904842044,0.7188505032832919,0.01939760808728793
coil20,ICL,0.2,100,512,1,0.2,300,0.6052430555555555,0.03962928314955408,0.7328779931003286,0.016038324697511736
coil20,ICL,0.3,100,512,1,0.07,300,0.605173611111111,0.027998666021739563,0.7258383086800436,0.013346237331510712
coil20,ICL,0.2,100,512,1,0.02,250,0.6050694444444444,0.030706775426585675,0.7304855312029611,0.014566142392485602
coil20,ICL,0.5,100,512,1,0.03,250,0.6050347222222221,0.04731754828979845,0.7430596783176603,0.016125091991646814
coil20,ICL,0.5,100,512,1,0.03,250,0.6050347222222221,0.04731754828979845,0.7430596783176603,0.016125091991646814
coil20,ICL,0.8,100,512,1,0.12,200,0.6049652777777778,0.03570773301604376,0.705738394077157,0.0181321690927967
coil20,ICL,0.4,100,512,1,0.14,250,0.6048611111111112,0.033688071898991256,0.7278023135202891,0.012925745912310549
coil20,ICL,0.7,100,512,1,0.06,150,0.6047916666666667,0.027195192788477693,0.7348959513107464,0.013092240463620989
coil20,ICL,0.15,100,512,1,0.11,200,0.6047916666666666,0.01824671774137293,0.7340727759687649,0.014338097166434432
coil20,ICL,1.0,100,512,1,0.2,300,0.6047569444444445,0.03575362244770055,0.7382811831740106,0.01378609458751919
coil20,ICL,0.25,100,512,1,0.04,100,0.6046180555555556,0.03525376137339421,0.7456684552183674,0.014115214260928155
coil20,ICL,0.25,100,512,1,0.03,250,0.6044791666666666,0.03813029651025385,0.7491364105347365,0.015636377992849396
coil20,ICL,0.2,100,512,1,0.13,250,0.6044097222222222,0.03034195781315348,0.7226970646687951,0.010585182059423713
coil20,ICL,0.45,100,512,1,0.03,250,0.6043402777777778,0.03343941092958878,0.7324000768117636,0.009858695391211408
coil20,ICL,0.7,100,512,1,0.19,250,0.6043402777777778,0.03730264102435609,0.7311700886094374,0.019310469598748825
coil20,ICL,0.15,100,512,1,0.01,150,0.6042708333333333,0.02781791804627033,0.7069739948482503,0.013875780846801732
coil20,ICL,0.7,100,512,1,0.09,50,0.6042708333333333,0.031477011103490424,0.7025836012610575,0.012934041541289661
coil20,ICL,0.65,100,512,1,0.07,100,0.6041666666666667,0.02879307696068966,0.7207376392549218,0.016060115820187675
coil20,ICL,0.6,100,512,1,0.11,200,0.6041319444444444,0.028142976936507014,0.733438631086498,0.01402354694992213
coil20,ICL,0.4,100,512,1,0.08,100,0.6041319444444444,0.024358548381293726,0.710270939844228,0.010990759477028326
coil20,ICL,0.55,100,512,1,0.11,300,0.6040972222222223,0.034999517743591134,0.7422599904337657,0.0106380617712131
coil20,ICL,1.0,100,512,1,0.07,150,0.6040972222222221,0.03847930390097648,0.7409319603290212,0.010398841941768853
coil20,ICL,0.4,100,512,1,0.05,250,0.6040625,0.02786122448603276,0.7246513910379033,0.014779763473198983
coil20,ICL,0.7,100,512,1,0.04,200,0.6040277777777778,0.03430906977052159,0.7461557279594435,0.010534573974338624
coil20,ICL,0.9,100,512,1,0.08,100,0.6038888888888889,0.03229532536023528,0.7331711863568773,0.01225480445290691
coil20,ICL,0.6,100,512,1,0.08,150,0.6038888888888889,0.03235798148910687,0.7141522155994522,0.014611580309627527
coil20,ICL,0.85,100,512,1,0.09,250,0.6038541666666667,0.031964422345953536,0.7479016812334807,0.012579180956994033
coil20,ICL,0.65,100,512,1,0.04,250,0.6038194444444446,0.03971560502381158,0.7504580045078115,0.017309525671560883
coil20,ICL,0.75,100,512,1,0.11,100,0.6038194444444444,0.03209392862567047,0.7374133527138749,0.01545414718238031
coil20,ICL,0.1,100,512,1,0.1,50,0.6037152777777777,0.03160925823875532,0.6783284696471207,0.01053611066056921
coil20,ICL,0.1,100,512,1,0.1,50,0.6037152777777777,0.03160925823875532,0.6783284696471207,0.01053611066056921
coil20,ICL,0.2,100,512,1,0.03,300,0.6036805555555556,0.04202513623555889,0.7296797564845323,0.01324818040045699
coil20,ICL,0.35,100,512,1,0.16,200,0.603576388888889,0.03607254551230971,0.7170524579888866,0.01700312153950802
coil20,ICL,0.1,100,512,1,0.01,100,0.603576388888889,0.030558928948886382,0.7082862654793785,0.010269236203482907
coil20,ICL,0.1,100,512,1,0.01,100,0.603576388888889,0.030558928948886382,0.7082862654793785,0.010269236203482907
coil20,ICL,0.5,100,512,1,0.03,150,0.6035416666666666,0.030009241760654046,0.7309699343151828,0.013359438959081383
coil20,ICL,0.5,100,512,1,0.03,150,0.6035416666666666,0.030009241760654046,0.7309699343151828,0.013359438959081383
coil20,ICL,0.55,100,512,1,0.07,50,0.6035416666666666,0.029823053913928508,0.7163611085651305,0.018764014418377436
coil20,ICL,0.4,100,512,1,0.15,300,0.6034722222222222,0.04632470193384151,0.742065179354626,0.020820138759164105
coil20,ICL,0.4,100,512,1,0.15,250,0.6033680555555555,0.03652030117294141,0.7254850309232553,0.01446094618739865
coil20,ICL,0.1,100,512,1,0.1,100,0.6033333333333333,0.027949641939887183,0.7045002840517324,0.014011741927881845
coil20,ICL,0.1,100,512,1,0.1,100,0.6033333333333333,0.027949641939887183,0.7045002840517324,0.014011741927881845
coil20,ICL,0.2,100,512,1,0.02,200,0.6032291666666667,0.028816746024942674,0.726499574255288,0.010293147242467804
coil20,ICL,0.35,100,512,1,0.03,150,0.6031944444444444,0.04357515768513009,0.7276621658725178,0.01530892394144823
coil20,ICL,0.2,100,512,1,0.06,50,0.6031597222222222,0.03492335840919599,0.6983214358113286,0.010937615074556397
coil20,ICL,0.4,100,512,1,0.03,300,0.603125,0.03231704498565638,0.7371356697733265,0.01119688881934928
coil20,ICL,0.55,100,512,1,0.01,300,0.6030902777777778,0.023299076829258254,0.7239245180837063,0.012802642395222085
coil20,ICL,0.9,100,512,1,0.06,150,0.6029861111111111,0.026807804309819574,0.7073721565960555,0.011625118498907029
coil20,ICL,0.85,100,512,1,0.03,300,0.6029166666666667,0.03064900482745859,0.7424628927988143,0.017155797692017298
coil20,ICL,0.15,100,512,1,0.03,150,0.6029166666666667,0.03730052398433797,0.7210736553209478,0.01697332801334681
coil20,ICL,0.6,100,512,1,0.1,150,0.6028472222222222,0.03510888870867354,0.7311098574564255,0.017866468054081163
coil20,ICL,0.4,100,512,1,0.07,100,0.6028125,0.037910227246234114,0.7332453037245955,0.017635217076659368
coil20,ICL,0.1,100,512,1,0.2,150,0.6027777777777777,0.02926652877930903,0.7288826506302842,0.0117517205872485
coil20,ICL,0.1,100,512,1,0.2,150,0.6027777777777777,0.02926652877930903,0.7288826506302842,0.0117517205872485
coil20,ICL,0.2,100,512,1,0.1,150,0.6027777777777777,0.018953372366786726,0.7211933179475556,0.009324250842109819
coil20,ICL,0.35,100,512,1,0.16,250,0.6027430555555556,0.03386046949875216,0.7247899404787728,0.015576069489641685
coil20,ICL,0.15,100,512,1,0.07,50,0.6027430555555555,0.03568490131292173,0.7256466204449981,0.011870233222668761
coil20,ICL,0.65,100,512,1,0.1,100,0.6027083333333334,0.02601146396718281,0.706483108928364,0.010965758124235437
coil20,ICL,0.65,100,512,1,0.04,150,0.6026736111111111,0.034618090382240355,0.7362646040387314,0.014273090208071082
coil20,ICL,0.35,100,512,1,0.02,150,0.6026736111111111,0.02932519336106038,0.711637911182651,0.0148460113628958
coil20,ICL,0.65,100,512,1,0.01,250,0.602638888888889,0.033383642590235615,0.7234031400035017,0.01698414912899777
coil20,ICL,0.3,100,512,1,0.03,150,0.602638888888889,0.029899523097893746,0.7158372495319468,0.011589190157465849
coil20,ICL,0.85,100,512,1,0.09,50,0.6026388888888888,0.030724438587925576,0.6913121349037225,0.01271245992747801
coil20,ICL,0.1,100,512,1,0.12,250,0.6025694444444445,0.03320802546444028,0.7289860012283624,0.011383110239930577
coil20,ICL,0.1,100,512,1,0.12,250,0.6025694444444445,0.03320802546444028,0.7289860012283624,0.011383110239930577
coil20,ICL,0.95,100,512,1,0.1,50,0.6025347222222223,0.03152982356921071,0.7137057468299972,0.015629610956326468
coil20,ICL,0.1,100,512,1,0.09,150,0.6025,0.017321343342396545,0.7154410417168284,0.01070282834118926
coil20,ICL,0.1,100,512,1,0.09,150,0.6025,0.017321343342396545,0.7154410417168284,0.01070282834118926
coil20,ICL,0.8,100,512,1,0.06,300,0.6024305555555556,0.040535276036991065,0.7314818132334323,0.018856709362011063
coil20,ICL,0.15,100,512,1,0.15,300,0.6023958333333332,0.031940273731356016,0.7300811420592107,0.011861335609655892
coil20,ICL,0.75,100,512,1,0.09,200,0.6023611111111112,0.024424707941441002,0.7232940751179436,0.00926643026438047
coil20,ICL,0.9,100,512,1,0.09,100,0.602326388888889,0.025957061640272634,0.7118891326603075,0.014700704107003696
coil20,ICL,0.85,100,512,1,0.03,200,0.6022916666666667,0.03845498259950713,0.7465657594224605,0.019958958881819408
coil20,ICL,1.0,100,512,1,0.05,250,0.6022916666666667,0.037489774840516084,0.7217871889487357,0.015934941200683405
coil20,ICL,0.85,100,512,1,0.09,200,0.6022569444444444,0.036739245166669744,0.7304418034745928,0.020395212908823436
coil20,ICL,0.9,100,512,1,0.07,100,0.6022569444444443,0.030084656628072266,0.7075274663624798,0.014372091114993022
coil20,ICL,0.95,100,512,1,0.14,250,0.6021875000000001,0.041974714863662894,0.723977787851833,0.021285322806027844
coil20,ICL,0.1,100,512,1,0.18,150,0.6021180555555556,0.029853418744346667,0.7082505098471936,0.0142970967165834
coil20,ICL,0.1,100,512,1,0.18,150,0.6021180555555556,0.029853418744346667,0.7082505098471936,0.0142970967165834
coil20,ICL,0.3,100,512,1,0.15,250,0.6021180555555555,0.03726810695367413,0.7246984325232748,0.015334297836410242
coil20,ICL,0.9,100,512,1,0.09,250,0.6020833333333334,0.03330728148618557,0.7278552697224939,0.020378886620077773
coil20,ICL,0.55,100,512,1,0.08,250,0.6020833333333333,0.033403427459609336,0.7339189312609535,0.013531118511995437
coil20,ICL,0.8,100,512,1,0.09,250,0.6020833333333333,0.044708417469114164,0.7270377470015658,0.021710161653983463
coil20,ICL,0.75,100,512,1,0.07,300,0.6020486111111112,0.03172210896433372,0.7408526010249997,0.01155270274360775
coil20,ICL,0.95,100,512,1,0.15,250,0.6020486111111111,0.03510722318817835,0.7166091354036743,0.01508072423448268
coil20,ICL,0.7,100,512,1,0.08,50,0.6019791666666666,0.03597213843297836,0.7219210684155148,0.018500588227374208
coil20,ICL,1.0,100,512,1,0.14,300,0.6018055555555556,0.03160553919844893,0.7325439742329102,0.01342157087498854
coil20,ICL,0.6,100,512,1,0.12,250,0.6017361111111111,0.037780905201430855,0.7292491549083215,0.015541320011629214
coil20,ICL,0.9,100,512,1,0.06,50,0.6017361111111111,0.02815841636237799,0.6825205257272045,0.012860733026385452
coil20,ICL,0.55,100,512,1,0.08,100,0.6017013888888889,0.032822676258566906,0.7086687140055442,0.012794285295321495
coil20,ICL,0.95,100,512,1,0.11,300,0.6017013888888888,0.026603182353669503,0.729889490439535,0.014384898216137558
coil20,ICL,0.25,100,512,1,0.03,300,0.6016666666666667,0.037795517689369035,0.741545907565377,0.013566620055706614
coil20,ICL,0.65,100,512,1,0.08,200,0.6015972222222222,0.028012979933471672,0.730406140734555,0.011086780287762022
coil20,ICL,1.0,100,512,1,0.06,50,0.6015972222222222,0.033743926636900796,0.6788771830629764,0.014426846530391094
coil20,ICL,0.1,100,512,1,0.12,100,0.6015277777777778,0.026446027321908133,0.7054094064326535,0.013602717252467991
coil20,ICL,0.1,100,512,1,0.12,100,0.6015277777777778,0.026446027321908133,0.7054094064326535,0.013602717252467991
coil20,ICL,0.65,100,512,1,0.04,200,0.6014583333333333,0.03612906871871294,0.7383094873252893,0.016698335915115527
coil20,ICL,0.9,100,512,1,0.06,200,0.6013194444444443,0.03321441461117391,0.7161387178332994,0.018308409971295563
coil20,ICL,0.3,100,512,1,0.12,250,0.6011458333333334,0.03148313882824256,0.7227666841491124,0.015973595007909302
coil20,ICL,0.45,100,512,1,0.15,50,0.6011458333333333,0.01579960314345714,0.6929226564351811,0.010809058534562965
coil20,ICL,0.95,100,512,1,0.15,300,0.6010763888888888,0.029222396327903383,0.7297021054649202,0.013717778321650298
coil20,ICL,0.5,100,512,1,0.11,250,0.6010069444444445,0.0354306038753536,0.7420753891574255,0.016174688599091307
coil20,ICL,0.5,100,512,1,0.11,250,0.6010069444444445,0.0354306038753536,0.7420753891574255,0.016174688599091307
coil20,ICL,0.35,100,512,1,0.06,150,0.6009722222222221,0.025421219992870635,0.7262318216333158,0.01193461393412674
coil20,ICL,0.35,100,512,1,0.1,100,0.6009374999999999,0.029152009379265185,0.7109740998842248,0.014034619854129706
coil20,ICL,0.65,100,512,1,0.12,250,0.600763888888889,0.026151988540637394,0.7162414380601086,0.015361085730562172
coil20,ICL,0.7,100,512,1,0.09,100,0.6005208333333333,0.03632075563280111,0.7296492772574072,0.012232212514489799
coil20,ICL,0.4,100,512,1,0.03,200,0.6005208333333333,0.03748512758065064,0.7247910458600757,0.014673378553519714
coil20,ICL,0.35,100,512,1,0.15,300,0.6004861111111112,0.025386765198075596,0.7318135166249373,0.010979619971605112
coil20,ICL,0.35,100,512,1,0.15,250,0.6004166666666668,0.02942707821206117,0.7220420886230758,0.013332800044842049
coil20,ICL,0.55,100,512,1,0.08,300,0.6004166666666667,0.03050374395155009,0.7320361792935322,0.012183723872583478
coil20,ICL,0.9,100,512,1,0.05,100,0.6004166666666667,0.03836540023491461,0.7161391017770196,0.01715836568824308
coil20,ICL,0.85,100,512,1,0.11,200,0.6004166666666666,0.024950181844509155,0.7105728605125623,0.014753242364432446
coil20,ICL,0.25,100,512,1,0.05,50,0.6003472222222223,0.030533056742035276,0.7258066877897151,0.010556275161867723
coil20,ICL,0.3,100,512,1,0.11,100,0.6003472222222223,0.029590586617335324,0.719390697877743,0.012535688759593355
coil20,ICL,0.2,100,512,1,0.07,100,0.6003125,0.0368857060990977,0.7414291149515637,0.01710428216355566
coil20,ICL,0.15,100,512,1,0.15,200,0.6003125,0.03252008149177185,0.7130542039727588,0.010387982994458667
coil20,ICL,0.2,100,512,1,0.01,150,0.6002777777777779,0.027060531712130315,0.7026541420788482,0.014217084927095601
coil20,ICL,0.6,100,512,1,0.1,250,0.6002777777777778,0.03948538075300626,0.7452562917075904,0.01532719010529964
coil20,ICL,0.45,100,512,1,0.2,300,0.6002777777777778,0.031601724343482934,0.7172364582418853,0.016054220472755017
coil20,ICL,0.75,100,512,1,0.1,200,0.6001736111111112,0.024629659543806658,0.7427847173214349,0.014257122500820877
coil20,ICL,0.8,100,512,1,0.06,250,0.6000347222222222,0.03130279105781559,0.7317424108301054,0.012411773743494656
coil20,ICL,0.7,100,512,1,0.09,150,0.5999652777777779,0.02696508641589465,0.736341017790499,0.01529487670806939
coil20,ICL,0.35,100,512,1,0.02,250,0.5998958333333333,0.02238253265679993,0.7279352554984416,0.012938196233791931
coil20,ICL,0.3,100,512,1,0.07,200,0.5998958333333333,0.024039491163846766,0.7105346369456988,0.014949193845988229
coil20,ICL,0.65,100,512,1,0.09,50,0.5998611111111112,0.024070890993269797,0.7032220843501318,0.008640856775495672
coil20,ICL,0.35,100,512,1,0.03,300,0.599826388888889,0.03370157920590995,0.7485001093046003,0.013433327146847958
coil20,ICL,0.2,100,512,1,0.02,150,0.5997916666666667,0.01883097227907548,0.7167808362725455,0.00950687640882274
coil20,ICL,0.1,100,512,1,0.2,200,0.5997222222222222,0.03005621020030533,0.7304665348490322,0.014101164027812101
coil20,ICL,0.1,100,512,1,0.2,200,0.5997222222222222,0.03005621020030533,0.7304665348490322,0.014101164027812101
coil20,ICL,0.55,100,512,1,0.09,250,0.599722222222222,0.024917301490736243,0.7377700136680091,0.009638340378189145
coil20,ICL,0.1,100,512,1,0.14,300,0.5996180555555557,0.035676115997970076,0.7237796851895784,0.012674168515078412
coil20,ICL,0.1,100,512,1,0.14,300,0.5996180555555557,0.035676115997970076,0.7237796851895784,0.012674168515078412
coil20,ICL,0.65,100,512,1,0.03,100,0.5996180555555556,0.039949255886818406,0.7417639882614531,0.01644693253985373
coil20,ICL,0.8,100,512,1,0.05,100,0.5995486111111112,0.02505903042392177,0.71622151668036,0.013422372787282005
coil20,ICL,0.5,100,512,1,0.15,300,0.5995138888888889,0.044579925882247344,0.7355468072061392,0.01748404335816571
coil20,ICL,0.5,100,512,1,0.15,300,0.5995138888888889,0.044579925882247344,0.7355468072061392,0.01748404335816571
coil20,ICL,0.55,100,512,1,0.01,250,0.5995138888888889,0.0287831096251145,0.7188407298670303,0.014919596037938571
coil20,ICL,0.8,100,512,1,0.08,50,0.5995138888888889,0.03769055238647388,0.7074389751711586,0.014715184763172191
coil20,ICL,0.75,100,512,1,0.1,150,0.5994097222222222,0.04028632272864967,0.7353335748710075,0.014847540725151619
coil20,ICL,1.0,100,512,1,0.04,50,0.5994097222222222,0.02824970211112471,0.6929240914817042,0.016610847868991002
coil20,ICL,0.85,100,512,1,0.11,300,0.599375,0.03994830523375657,0.7259226706935298,0.015939558067346406
coil20,ICL,0.75,100,512,1,0.05,100,0.5992361111111111,0.033142465695952805,0.7018907912777776,0.012351117490382502
coil20,ICL,0.25,100,512,1,0.11,50,0.5992013888888889,0.023420672971836313,0.7097661816943036,0.011892532401950814
coil20,ICL,0.15,100,512,1,0.13,100,0.5991666666666667,0.033283092925558436,0.7080824630509606,0.013583351694421137
coil20,ICL,0.75,100,512,1,0.14,300,0.5991319444444444,0.037199720473652775,0.7187565855424365,0.013507897398286721
coil20,ICL,0.45,100,512,1,0.11,200,0.5990972222222222,0.033828141706222885,0.7257288991917437,0.014794517715056724
coil20,ICL,0.6,100,512,1,0.12,300,0.5990624999999999,0.03353834165138921,0.7349685939915684,0.014804179601795253
coil20,ICL,0.45,100,512,1,0.11,100,0.5989930555555555,0.036100743036152946,0.7084573099943078,0.012912012265046237
coil20,ICL,0.55,100,512,1,0.03,250,0.5989583333333333,0.038170762860410316,0.7296375599530693,0.012479395035475141
coil20,ICL,0.2,100,512,1,0.18,200,0.5989583333333333,0.0273522087886387,0.7113536651248552,0.011460937117820716
coil20,ICL,0.85,100,512,1,0.11,250,0.5988541666666667,0.03226908932953342,0.7244096354420333,0.010231259293685223
coil20,ICL,0.1,100,512,1,0.13,250,0.5988541666666666,0.03601434350207986,0.7327075287859613,0.012510942047316615
coil20,ICL,0.1,100,512,1,0.13,250,0.5988541666666666,0.03601434350207986,0.7327075287859613,0.012510942047316615
coil20,ICL,0.55,100,512,1,0.09,200,0.5987847222222221,0.028494126905955826,0.7281927953483811,0.01156061048784385
coil20,ICL,0.3,100,512,1,0.19,300,0.5987847222222221,0.02983839171243261,0.7138632114531133,0.013188340998604279
coil20,ICL,0.65,100,512,1,0.07,150,0.5986805555555555,0.035730432031367165,0.7247584368263913,0.01644529290122901
coil20,ICL,0.8,100,512,1,0.18,200,0.5986458333333332,0.02340646092843693,0.7134043485447626,0.010063812575353102
coil20,ICL,0.85,100,512,1,0.07,200,0.5986111111111111,0.03055950100790018,0.7142069280079085,0.013088723572372726
coil20,ICL,0.35,100,512,1,0.07,100,0.5985069444444446,0.02912470112573827,0.7215850402015322,0.012194532222562547
coil20,ICL,0.8,100,512,1,0.07,150,0.5983680555555556,0.0379793660221094,0.7336662229601745,0.011817292670797704
coil20,ICL,0.2,100,512,1,0.15,200,0.5983333333333334,0.03947255453765813,0.714222731349826,0.016106097357972044
coil20,ICL,0.95,100,512,1,0.01,300,0.598298611111111,0.028443816284025307,0.7201032168361989,0.014374413051066385
coil20,ICL,0.4,100,512,1,0.05,200,0.5982638888888889,0.025956341698758635,0.7166468125657162,0.014542846123874529
coil20,ICL,0.3,100,512,1,0.01,100,0.5982638888888889,0.033567249273144674,0.6979843123696938,0.018162248696051292
coil20,ICL,0.4,100,512,1,0.08,50,0.5981597222222222,0.02526410936163038,0.6929930830734656,0.01199387821590273
coil20,ICL,1.0,100,512,1,0.08,300,0.598125,0.02071505777996191,0.7244419295823304,0.013096742032944517
coil20,ICL,0.9,100,512,1,0.15,300,0.5980902777777778,0.034562741387320385,0.7240743169545841,0.016591071330703054
coil20,ICL,0.25,100,512,1,0.08,100,0.5979861111111112,0.02127075511466737,0.701614041134383,0.011220407451935838
coil20,ICL,0.8,100,512,1,0.18,250,0.5979861111111111,0.030099100079857607,0.7236274693354312,0.012371270185312996
coil20,ICL,0.3,100,512,1,0.17,300,0.5979513888888889,0.027356594205561798,0.7147446961992174,0.013448431017250994
coil20,ICL,0.6,100,512,1,0.13,250,0.5979513888888888,0.028024490329998385,0.7218384302632997,0.013318091816286716
coil20,ICL,0.55,100,512,1,0.1,300,0.5979166666666667,0.04007431849809076,0.7342892972703277,0.014892815578879585
coil20,ICL,0.2,100,512,1,0.04,150,0.5978819444444445,0.02197505227419731,0.7458295387563627,0.015662498201300525
coil20,ICL,0.35,100,512,1,0.13,250,0.5978819444444445,0.04002162019393432,0.7341471039548574,0.015496100083419617
coil20,ICL,0.2,100,512,1,0.17,250,0.5978125000000001,0.029398282571142076,0.7279851055658233,0.014424202380783364
coil20,ICL,1.0,100,512,1,0.13,200,0.5978125000000001,0.030354670297558124,0.7230281818759347,0.012431186450937916
coil20,ICL,0.1,100,512,1,0.02,150,0.5978125000000001,0.026171689295913843,0.7087832267353462,0.010783496246192225
coil20,ICL,0.1,100,512,1,0.02,150,0.5978125000000001,0.026171689295913843,0.7087832267353462,0.010783496246192225
coil20,ICL,0.6,100,512,1,0.02,50,0.5978125000000001,0.02147425582399643,0.685045361564538,0.011686714283919217
coil20,ICL,0.15,100,512,1,0.06,100,0.5977777777777777,0.04046091030050706,0.7450499901381826,0.017123496676231094
coil20,ICL,0.5,100,512,1,0.11,200,0.5977430555555555,0.02260080620181993,0.7326550375926412,0.013187197511943421
coil20,ICL,0.5,100,512,1,0.11,200,0.5977430555555555,0.02260080620181993,0.7326550375926412,0.013187197511943421
coil20,ICL,0.55,100,512,1,0.11,200,0.5977430555555555,0.032742797807398395,0.726736293188212,0.015376297472542627
coil20,ICL,0.5,100,512,1,0.13,200,0.5976041666666666,0.027738231398120514,0.7109054526425443,0.016463931826739702
coil20,ICL,0.5,100,512,1,0.13,200,0.5976041666666666,0.027738231398120514,0.7109054526425443,0.016463931826739702
coil20,ICL,0.45,100,512,1,0.06,50,0.5975694444444445,0.030961243071473472,0.6961786343664977,0.011012008693080047
coil20,ICL,0.7,100,512,1,0.06,100,0.5974999999999999,0.03890463470914297,0.7212056342154847,0.014198829709476205
coil20,ICL,0.5,100,512,1,0.1,300,0.5974305555555556,0.03267071438924627,0.7440958084361833,0.010913317693606508
coil20,ICL,0.5,100,512,1,0.1,300,0.5974305555555556,0.03267071438924627,0.7440958084361833,0.010913317693606508
coil20,ICL,0.85,100,512,1,0.12,200,0.5974305555555556,0.03191884541930103,0.7140549084248404,0.01742758795677113
coil20,ICL,0.7,100,512,1,0.01,250,0.5973263888888889,0.025811739593618363,0.7230704541469326,0.009300378084912462
coil20,ICL,0.3,100,512,1,0.19,250,0.5973263888888889,0.028727912711333563,0.7166988171810158,0.009065254509576001
coil20,ICL,0.35,100,512,1,0.18,300,0.5972916666666668,0.023544534404159316,0.7111729478975516,0.01360452514731095
coil20,ICL,0.95,100,512,1,0.11,200,0.5972222222222222,0.02718996104229432,0.7274517367095781,0.011478460351704396
coil20,ICL,0.95,100,512,1,0.09,50,0.5972222222222222,0.027909410333885328,0.6952895124741869,0.0157431761549748
coil20,ICL,0.55,100,512,1,0.03,300,0.5971180555555555,0.038063079016050425,0.7327847501986757,0.013441750339570435
coil20,ICL,0.65,100,512,1,0.08,150,0.5971180555555555,0.02914952786792334,0.7239654886511618,0.011396613807332909
coil20,ICL,0.4,100,512,1,0.01,200,0.5970833333333333,0.026424135817538167,0.7080859934882563,0.008800310537223115
coil20,ICL,0.2,100,512,1,0.2,250,0.5970486111111112,0.03773899855533896,0.7279811083438862,0.013513290250201695
coil20,ICL,0.25,100,512,1,0.2,200,0.5970486111111111,0.02403407411884221,0.7179602511495542,0.011707580783149941
coil20,ICL,0.75,100,512,1,0.04,100,0.5967361111111111,0.02998367933117229,0.726289640969543,0.014475233353334314
coil20,ICL,0.2,100,512,1,0.04,300,0.596736111111111,0.03607710738777621,0.7403566986108979,0.017084272755841658
coil20,ICL,0.1,100,512,1,0.05,50,0.5966666666666667,0.02881032318843754,0.7194369000981948,0.014097005243776958
coil20,ICL,0.1,100,512,1,0.05,50,0.5966666666666667,0.02881032318843754,0.7194369000981948,0.014097005243776958
coil20,ICL,0.4,100,512,1,0.01,250,0.5966319444444445,0.021431544542240753,0.7144667269647567,0.010263626839327194
coil20,ICL,0.8,100,512,1,0.11,100,0.5966319444444445,0.03188420875814101,0.700992855558837,0.012621159943318966
coil20,ICL,0.2,100,512,1,0.04,100,0.5965972222222222,0.02776466704484516,0.7324721354263873,0.012550769118591227
coil20,ICL,0.1,100,512,1,0.02,100,0.5964930555555554,0.02472990185808455,0.6948970376416879,0.01073184086853445
coil20,ICL,0.1,100,512,1,0.02,100,0.5964930555555554,0.02472990185808455,0.6948970376416879,0.01073184086853445
coil20,ICL,0.45,100,512,1,0.12,200,0.5964583333333333,0.037124470004946175,0.7232418781739385,0.021002890516625326
coil20,ICL,0.2,100,512,1,0.17,300,0.5964236111111111,0.03297497984700664,0.7267828022905954,0.01254000288811777
coil20,ICL,0.2,100,512,1,0.2,150,0.5964236111111111,0.031676316603494396,0.7178789525928766,0.009833987065196892
coil20,ICL,0.3,100,512,1,0.13,250,0.5963541666666667,0.03502498212806094,0.7288370248717891,0.010563625105410573
coil20,ICL,0.8,100,512,1,0.06,150,0.5962500000000002,0.02919178812315477,0.7294018536402487,0.012386019516717932
coil20,ICL,0.1,100,512,1,0.2,300,0.5960763888888889,0.02951860664907961,0.7316785792259111,0.01217476220296563
coil20,ICL,0.1,100,512,1,0.2,300,0.5960763888888889,0.02951860664907961,0.7316785792259111,0.01217476220296563
coil20,ICL,0.85,100,512,1,0.08,200,0.5960763888888889,0.02818475733282963,0.7316535024814762,0.011102292084284142
coil20,ICL,0.95,100,512,1,0.03,200,0.5959375,0.038706962236012825,0.7401488475182513,0.015263530866013897
coil20,ICL,0.45,100,512,1,0.09,100,0.5959375,0.02595706164027263,0.6937902045390949,0.014547765630559128
coil20,ICL,0.9,100,512,1,0.1,150,0.5959027777777778,0.036611055787346504,0.7275478252825874,0.017582566588620438
coil20,ICL,1.0,100,512,1,0.14,250,0.5959027777777778,0.02847298440714255,0.7227940296304197,0.015150959985558715
coil20,ICL,0.2,100,512,1,0.05,250,0.5959027777777777,0.035168589226892165,0.7393593001035186,0.0161588560199475
coil20,ICL,0.95,100,512,1,0.14,200,0.5959027777777777,0.021357864404326125,0.7133334434927806,0.013685082732604553
coil20,ICL,0.85,100,512,1,0.1,250,0.5958680555555556,0.0341900009241656,0.7288398706034005,0.013022038831974433
coil20,ICL,0.75,100,512,1,0.09,300,0.5957986111111111,0.039935974873794806,0.7343149274544786,0.017981710575445894
coil20,ICL,0.2,100,512,1,0.15,150,0.5956944444444445,0.029594742192357377,0.7060746009797709,0.009342960480819685
coil20,ICL,0.25,100,512,1,0.02,100,0.5955902777777778,0.018787610170282278,0.6992359101290253,0.011718151222263008
coil20,ICL,0.25,100,512,1,0.13,250,0.5955555555555556,0.03817575300218649,0.7134347705170991,0.0162301293880773
coil20,ICL,0.4,100,512,1,0.05,150,0.5955208333333333,0.022870824308547987,0.7080021128304882,0.008533016177077229
coil20,ICL,0.35,100,512,1,0.11,100,0.5953819444444445,0.025063841132800198,0.7057639370085632,0.012665176667017107
coil20,ICL,0.85,100,512,1,0.07,300,0.5953472222222224,0.023411224983902773,0.724834519870139,0.009819583520872808
coil20,ICL,0.75,100,512,1,0.12,300,0.5953472222222222,0.03622784284527886,0.7143121148668395,0.013615528464977118
coil20,ICL,0.4,100,512,1,0.06,50,0.5953125000000001,0.040167398444041,0.7288009244193397,0.01895135230101879
coil20,ICL,0.85,100,512,1,0.07,250,0.5952430555555556,0.02540022521499017,0.7206775892770977,0.01133656992483942
coil20,ICL,0.55,100,512,1,0.04,100,0.5950694444444445,0.042327457032370376,0.7391671086568034,0.018092537036634562
coil20,ICL,0.65,100,512,1,0.04,100,0.5949305555555556,0.02654386147097146,0.7302539026618684,0.009833577220212648
coil20,ICL,0.75,100,512,1,0.1,250,0.5948958333333334,0.022037289306640402,0.7398408446126677,0.014437941702868636
coil20,ICL,0.8,100,512,1,0.1,200,0.5948611111111111,0.04288181792603918,0.7198245582372014,0.017422475830580954
coil20,ICL,0.35,100,512,1,0.19,250,0.5947916666666667,0.026940059064660703,0.6938695568216633,0.011848042971585333
coil20,ICL,0.75,100,512,1,0.03,100,0.5947916666666666,0.03595552755029124,0.7410259093654593,0.012655443638556876
coil20,ICL,0.15,100,512,1,0.02,250,0.5946875,0.038265889617989726,0.7257429405962089,0.01940791423517557
coil20,ICL,0.15,100,512,1,0.2,300,0.5946875,0.033422388993516766,0.7209510585660434,0.015068310414230469
coil20,ICL,0.55,100,512,1,0.01,150,0.5946875,0.018085278686538198,0.6979891960010992,0.00848522854886536
coil20,ICL,0.5,100,512,1,0.03,100,0.5946180555555556,0.033357828817855595,0.7291302646075757,0.012457338380390202
coil20,ICL,0.5,100,512,1,0.03,100,0.5946180555555556,0.033357828817855595,0.7291302646075757,0.012457338380390202
coil20,ICL,0.4,100,512,1,0.14,300,0.5945833333333334,0.029056172980480504,0.7320342245071244,0.016828477865997372
coil20,ICL,0.95,100,512,1,0.08,250,0.5945486111111112,0.022407296807769587,0.7147872291577808,0.014110078254611108
coil20,ICL,0.45,100,512,1,0.1,300,0.5944791666666667,0.02673879405730349,0.7394729698171427,0.01568813596653059
coil20,ICL,0.9,100,512,1,0.03,100,0.5944097222222223,0.032953913379469894,0.7353009194297285,0.0105803273345559
coil20,ICL,0.25,100,512,1,0.2,150,0.5944097222222222,0.03258156535295327,0.7173885927137144,0.013259379027570769
coil20,ICL,0.55,100,512,1,0.13,150,0.5943402777777779,0.0323571431460993,0.7234881477018402,0.0164264326964149
coil20,ICL,0.4,100,512,1,0.02,150,0.5943402777777778,0.02894948489248339,0.7150047837744374,0.012875671079019524
coil20,ICL,0.55,100,512,1,0.08,200,0.5943055555555556,0.02791252042178019,0.7174279233454813,0.013650060044554485
coil20,ICL,0.75,100,512,1,0.1,300,0.5943055555555555,0.035409585348714565,0.7377378247024893,0.01087966642399131
coil20,ICL,0.4,100,512,1,0.14,200,0.5941666666666667,0.03611204592807101,0.7221618371444329,0.013324995382608572
coil20,ICL,0.95,100,512,1,0.12,250,0.5941666666666666,0.02733712993054513,0.7152446063156432,0.01291763740858312
coil20,ICL,1.0,100,512,1,0.2,250,0.5941319444444444,0.0438779406835205,0.7226956296863767,0.018688787773038996
coil20,ICL,0.5,100,512,1,0.09,200,0.5940624999999999,0.030487989533372586,0.7219790241995884,0.01597574139650223
coil20,ICL,0.5,100,512,1,0.09,200,0.5940624999999999,0.030487989533372586,0.7219790241995884,0.01597574139650223
coil20,ICL,0.95,100,512,1,0.15,150,0.5940277777777777,0.026774773632776434,0.7117740191657028,0.011282055679246238
coil20,ICL,0.6,100,512,1,0.05,100,0.5940277777777777,0.03458403055968299,0.7105706082686768,0.013559282034800118
coil20,ICL,0.8,100,512,1,0.06,100,0.5939930555555555,0.03043796422694633,0.7213296337769479,0.010307898595407702
coil20,ICL,0.8,100,512,1,0.17,250,0.5937847222222221,0.023946227819318242,0.7153507553901906,0.009125403559694168
coil20,ICL,0.95,100,512,1,0.1,150,0.5937500000000001,0.045487436367462504,0.7332038699018717,0.01755075522236917
coil20,ICL,0.3,100,512,1,0.09,250,0.59375,0.028829901048120936,0.7286449993949641,0.012034173295114452
coil20,ICL,0.45,100,512,1,0.11,250,0.5937152777777778,0.026707212917794695,0.7303477127647515,0.011695977977169512
coil20,ICL,0.85,100,512,1,0.2,250,0.5936805555555555,0.030525474460675994,0.710384412685011,0.011010250552612694
coil20,ICL,0.5,100,512,1,0.12,300,0.5936111111111111,0.03050864454503524,0.7159653692961914,0.014111320967696376
coil20,ICL,0.5,100,512,1,0.12,300,0.5936111111111111,0.03050864454503524,0.7159653692961914,0.014111320967696376
coil20,ICL,0.35,100,512,1,0.15,150,0.5936111111111111,0.02768961704277088,0.7090630456982825,0.011715049285783602
coil20,ICL,0.35,100,512,1,0.05,200,0.5935763888888888,0.035783688559148694,0.7195700782340778,0.0181809382011938
coil20,ICL,0.85,100,512,1,0.08,300,0.5935416666666666,0.028371349088016137,0.7361401699355036,0.015998053994646464
coil20,ICL,0.6,100,512,1,0.09,250,0.5934375000000001,0.02762150049757715,0.737961021400533,0.016931358173481317
coil20,ICL,0.4,100,512,1,0.01,150,0.5934027777777778,0.030362791582038702,0.7055107412682083,0.010843558121618233
coil20,ICL,0.75,100,512,1,0.09,250,0.5933333333333333,0.03664890668370765,0.7281762315127325,0.013119759804838062
coil20,ICL,0.35,100,512,1,0.03,100,0.5932638888888888,0.03574406138623194,0.7139411364940237,0.015033879247312263
coil20,ICL,0.2,100,512,1,0.1,200,0.5931944444444444,0.031011124049521565,0.7275454025279544,0.008716531949995013
coil20,ICL,0.85,100,512,1,0.1,300,0.5930902777777778,0.028092380775557074,0.733929296594264,0.011637866355308784
coil20,ICL,0.6,100,512,1,0.2,250,0.5930555555555554,0.037865375361067884,0.7106180576998147,0.018112364810298744
coil20,ICL,0.25,100,512,1,0.2,250,0.5929861111111111,0.035316374882999296,0.7169302965701523,0.017168032889332833
coil20,ICL,0.45,100,512,1,0.01,200,0.5929166666666668,0.026989331168326122,0.7076592474630294,0.014348913705088109
coil20,ICL,0.25,100,512,1,0.14,300,0.5929166666666666,0.0399312198012384,0.7149350152869897,0.016536555290294772
coil20,ICL,0.45,100,512,1,0.12,150,0.5928819444444444,0.04252465867344745,0.7105559099586751,0.015261189035442258
coil20,ICL,0.2,100,512,1,0.12,200,0.5927777777777778,0.04164200659145718,0.7272711634025871,0.016331999332260334
coil20,ICL,0.2,100,512,1,0.1,100,0.5927430555555555,0.02399752732086021,0.7008676166861142,0.008541337296481459
coil20,ICL,0.3,100,512,1,0.09,150,0.5927083333333332,0.033216302078428774,0.7227241607148958,0.01239193232042891
coil20,ICL,0.6,100,512,1,0.1,200,0.5926736111111112,0.02947626278067543,0.7265299389402007,0.015627818937836945
coil20,ICL,0.6,100,512,1,0.12,200,0.5926388888888889,0.030486348391888546,0.7198836036677955,0.010320047796503716
coil20,ICL,0.85,100,512,1,0.1,150,0.5925694444444445,0.030552477749029416,0.7102099574247699,0.015434560125567827
coil20,ICL,0.3,100,512,1,0.13,200,0.5923958333333335,0.03307515394153399,0.7247620891997248,0.015062663545223147
coil20,ICL,0.45,100,512,1,0.14,150,0.5922916666666668,0.026044814624549748,0.7284741370487227,0.012527595043608328
coil20,ICL,0.2,100,512,1,0.13,100,0.5921875,0.01735121245585655,0.6736781298385971,0.008171836962690514
coil20,ICL,0.65,100,512,1,0.01,200,0.5921527777777779,0.029535612919923546,0.7040358534487154,0.012543865027944459
coil20,ICL,0.15,100,512,1,0.03,200,0.5921180555555555,0.03491769630210872,0.7289686116838691,0.015593890367854725
coil20,ICL,0.4,100,512,1,0.13,300,0.5920833333333334,0.04282217212993669,0.7236208378161653,0.01563580210548083
coil20,ICL,0.4,100,512,1,0.03,250,0.5920138888888888,0.03505500252689328,0.7219423043734949,0.013540336347334423
coil20,ICL,0.45,100,512,1,0.02,50,0.591875,0.04214831570745513,0.6754709537820478,0.017758625266282347
coil20,ICL,0.9,100,512,1,0.09,200,0.5918402777777778,0.03446563178451189,0.7292772725948464,0.016519037517632052
coil20,ICL,0.75,100,512,1,0.13,200,0.5918402777777778,0.02774205602426942,0.7239570792080163,0.013731280544737028
coil20,ICL,1.0,100,512,1,0.1,50,0.5918055555555556,0.028237173423750518,0.6868651955614558,0.010468563222001483
coil20,ICL,0.35,100,512,1,0.12,300,0.5917708333333335,0.028357046007230245,0.7146170311186596,0.011146894490778304
coil20,ICL,0.8,100,512,1,0.09,100,0.5917708333333335,0.03459440014249612,0.7072066160831728,0.013204978484987423
coil20,ICL,0.6,100,512,1,0.11,300,0.5916666666666666,0.02761584745873639,0.7305810546535652,0.01147071258291515
coil20,ICL,0.7,100,512,1,0.04,100,0.5916319444444443,0.024890263595157443,0.7222952271365456,0.011513006048788391
coil20,ICL,0.65,100,512,1,0.01,150,0.5915972222222223,0.03378520397623861,0.7010328467042876,0.013428821984979975
coil20,ICL,0.45,100,512,1,0.03,200,0.5915972222222222,0.03164632936119192,0.7142290069350341,0.01712676786958222
coil20,ICL,0.65,100,512,1,0.2,200,0.5915625000000001,0.024884256567613994,0.7019349912346883,0.013363183283971826
coil20,ICL,0.15,100,512,1,0.18,100,0.5914930555555555,0.021927158935824632,0.6875821387149799,0.012357065811708373
coil20,ICL,0.45,100,512,1,0.02,150,0.5914583333333333,0.03739510793168302,0.7063955548529675,0.015220132220526811
coil20,ICL,0.75,100,512,1,0.06,50,0.5914236111111111,0.03620399046431379,0.6969722298332227,0.011330370553719507
coil20,ICL,0.1,100,512,1,0.19,300,0.5913888888888889,0.03837608324767002,0.7323568788993875,0.013960724922311056
coil20,ICL,0.1,100,512,1,0.19,300,0.5913888888888889,0.03837608324767002,0.7323568788993875,0.013960724922311056
coil20,ICL,0.55,100,512,1,0.06,50,0.5912152777777778,0.023386673283486016,0.6914055953420095,0.011058272855557898
coil20,ICL,0.45,100,512,1,0.02,100,0.5912152777777777,0.02460948369807467,0.7012424305512404,0.01257262010948204
coil20,ICL,0.1,100,512,1,0.07,50,0.5911805555555556,0.04220434334546887,0.7257326945591618,0.01795254072733567
coil20,ICL,0.1,100,512,1,0.07,50,0.5911805555555556,0.04220434334546887,0.7257326945591618,0.01795254072733567
coil20,ICL,0.2,100,512,1,0.18,150,0.5911805555555556,0.022818708989298053,0.7033010059504212,0.011162938482256395
coil20,ICL,0.7,100,512,1,0.03,50,0.5911111111111111,0.04619992283944173,0.7412011223664314,0.019801538781952437
coil20,ICL,0.3,100,512,1,0.09,50,0.5910416666666667,0.03092726869728514,0.6861271796232283,0.013979522032815935
coil20,ICL,0.5,100,512,1,0.09,300,0.5910069444444445,0.02960278686804568,0.7299651740079294,0.012208537178569505
coil20,ICL,0.5,100,512,1,0.09,300,0.5910069444444445,0.02960278686804568,0.7299651740079294,0.012208537178569505
coil20,ICL,0.95,100,512,1,0.07,100,0.5910069444444443,0.03287626080176327,0.7109894963279512,0.015614691697509415
coil20,ICL,0.75,100,512,1,0.13,300,0.5909375,0.03200211807588043,0.7220015385741914,0.015447559346602774
coil20,ICL,1.0,100,512,1,0.07,100,0.5909374999999999,0.03871456152800333,0.715127181745572,0.017720151845135614
coil20,ICL,0.45,100,512,1,0.03,100,0.5909027777777778,0.04140653753103056,0.6992576408148524,0.020075663468118673
coil20,ICL,0.35,100,512,1,0.15,100,0.5909027777777777,0.033845102062809274,0.7004985367849416,0.015808319889954257
coil20,ICL,1.0,100,512,1,0.08,250,0.5908333333333334,0.031333684247443976,0.7215994524743535,0.011802376146448898
coil20,ICL,0.9,100,512,1,0.09,50,0.5907638888888889,0.01971671969405223,0.6731051299216567,0.007674882933556305
coil20,ICL,1.0,100,512,1,0.12,300,0.5907291666666665,0.03529135989087883,0.7108764375641139,0.014421584676465366
coil20,ICL,1.0,100,512,1,0.03,100,0.5905902777777778,0.026062931133006253,0.7163568908812451,0.01237792658662512
coil20,ICL,0.2,100,512,1,0.13,200,0.5905902777777777,0.03410880022370499,0.7088733791124163,0.01648469841963996
coil20,ICL,0.45,100,512,1,0.2,250,0.5905902777777777,0.034227359006392365,0.7022983904672577,0.01366509496714628
coil20,ICL,0.1,100,512,1,0.19,250,0.5905902777777776,0.03375705444677957,0.7250425539800972,0.01584110599683505
coil20,ICL,0.1,100,512,1,0.19,250,0.5905902777777776,0.03375705444677957,0.7250425539800972,0.01584110599683505
coil20,ICL,0.4,100,512,1,0.12,250,0.5903819444444445,0.03130802868447684,0.7071885635808342,0.014920941931893372
coil20,ICL,0.3,100,512,1,0.09,100,0.5902430555555556,0.02651238918842273,0.7095019466035921,0.011153655485606782
coil20,ICL,0.95,100,512,1,0.12,300,0.5902430555555555,0.04284754580735006,0.7168290840838346,0.013067927176873027
coil20,ICL,0.1,100,512,1,0.19,200,0.5901736111111111,0.03203585577395666,0.7029635355727943,0.01900118885508536
coil20,ICL,0.1,100,512,1,0.19,200,0.5901736111111111,0.03203585577395666,0.7029635355727943,0.01900118885508536
coil20,ICL,0.3,100,512,1,0.05,250,0.5901041666666668,0.030395631837475963,0.7218235368495194,0.015793163748321213
coil20,ICL,0.25,100,512,1,0.16,300,0.5900347222222223,0.029389258917802863,0.7105890921209216,0.012613852698116308
coil20,ICL,0.6,100,512,1,0.09,200,0.5900000000000001,0.031202432933789867,0.7355185914249015,0.014798251671835884
coil20,ICL,0.65,100,512,1,0.11,50,0.5899652777777777,0.031450341608137075,0.6907644220732164,0.014561066061372899
coil20,ICL,0.6,100,512,1,0.11,250,0.5898958333333335,0.030267323469123735,0.731485467386057,0.013161315377340025
coil20,ICL,0.45,100,512,1,0.05,150,0.5898958333333334,0.033767053161977686,0.7140507029354551,0.016513796252367437
coil20,ICL,0.1,100,512,1,0.19,150,0.5898611111111112,0.03090348001698989,0.6997474878216716,0.01685763634253708
coil20,ICL,0.1,100,512,1,0.19,150,0.5898611111111112,0.03090348001698989,0.6997474878216716,0.01685763634253708
coil20,ICL,0.65,100,512,1,0.1,50,0.5898263888888888,0.01852263770738089,0.6673479433061178,0.008861288989414266
coil20,ICL,1.0,100,512,1,0.07,50,0.5897222222222223,0.03184434800714249,0.6976331880682347,0.014725898327425385
coil20,ICL,0.3,100,512,1,0.13,150,0.5896527777777777,0.021905182000083675,0.7156974511568182,0.0159587004110933
coil20,ICL,0.45,100,512,1,0.15,100,0.5896527777777777,0.029193027109056763,0.6864567180459058,0.01392397262120103
coil20,ICL,1.0,100,512,1,0.03,150,0.5896180555555557,0.03201643081617297,0.7130282693032075,0.015158584185065903
coil20,ICL,0.5,100,512,1,0.01,250,0.5896180555555557,0.02278738258707554,0.7103934586000478,0.012759466598123043
coil20,ICL,0.5,100,512,1,0.01,250,0.5896180555555557,0.02278738258707554,0.7103934586000478,0.012759466598123043
coil20,ICL,0.65,100,512,1,0.12,200,0.5895486111111111,0.030056270369144048,0.7101426868096112,0.010294042481331521
coil20,ICL,0.35,100,512,1,0.02,200,0.5895138888888889,0.026744587400947383,0.7109430795149221,0.013255757119109422
coil20,ICL,0.45,100,512,1,0.02,250,0.5893402777777779,0.03362235449572827,0.7205056943959502,0.014817288245421532
coil20,ICL,0.95,100,512,1,0.15,200,0.5893402777777778,0.03401167064927769,0.717023111021386,0.01159220057872167
coil20,ICL,0.1,100,512,1,0.15,150,0.589236111111111,0.031497094099748234,0.7233922620852102,0.015210910033428265
coil20,ICL,0.1,100,512,1,0.15,150,0.589236111111111,0.031497094099748234,0.7233922620852102,0.015210910033428265
coil20,ICL,0.3,100,512,1,0.13,300,0.5891666666666666,0.03292311235531194,0.7258651479782349,0.011817573452837953
coil20,ICL,0.15,100,512,1,0.18,200,0.5891319444444445,0.024103600460714438,0.7188242638524107,0.011531820498019384
coil20,ICL,0.45,100,512,1,0.14,100,0.5891319444444445,0.03708637302876911,0.7089653695525315,0.01683069546127584
coil20,ICL,0.2,100,512,1,0.02,100,0.5890972222222222,0.03147228045007852,0.6972494522338863,0.011665072546009911
coil20,ICL,0.6,100,512,1,0.03,150,0.5890624999999999,0.04164922956896408,0.7397367260974633,0.01442836593815504
coil20,ICL,1.0,100,512,1,0.1,100,0.5890277777777777,0.03639750216127815,0.6951898924490829,0.015154149387261754
coil20,ICL,1.0,100,512,1,0.09,50,0.5888888888888889,0.03674917064655849,0.7123985753170998,0.017666531557387607
coil20,ICL,0.9,100,512,1,0.05,50,0.5888888888888888,0.03682193031970399,0.7063931606228415,0.015532699264128227
coil20,ICL,0.55,100,512,1,0.04,50,0.5888194444444445,0.03100124761029889,0.7208590836302085,0.015801974378132237
coil20,ICL,0.3,100,512,1,0.06,150,0.5888194444444443,0.02753356187130513,0.7042941837725203,0.011730041206464533
coil20,ICL,0.85,100,512,1,0.2,300,0.5887499999999999,0.026840614666564778,0.7113094200448147,0.011947213735557096
coil20,ICL,0.15,100,512,1,0.18,150,0.5887152777777778,0.03198282341259692,0.7097812574416973,0.012853728300650498
coil20,ICL,0.2,100,512,1,0.13,150,0.5886458333333333,0.031478543146507644,0.6969889315027813,0.015587364610925114
coil20,ICL,0.1,100,512,1,0.18,200,0.5884375000000001,0.030713979297797872,0.7040459116277528,0.015165678216588594
coil20,ICL,0.1,100,512,1,0.18,200,0.5884375000000001,0.030713979297797872,0.7040459116277528,0.015165678216588594
coil20,ICL,0.5,100,512,1,0.04,50,0.5884375000000001,0.03587413899147449,0.7036317460551096,0.01731723895455677
coil20,ICL,0.5,100,512,1,0.04,50,0.5884375000000001,0.03587413899147449,0.7036317460551096,0.01731723895455677
coil20,ICL,0.5,100,512,1,0.09,250,0.5884027777777778,0.02395189124340294,0.7249711761466643,0.011812826687661458
coil20,ICL,0.5,100,512,1,0.09,250,0.5884027777777778,0.02395189124340294,0.7249711761466643,0.011812826687661458
coil20,ICL,0.45,100,512,1,0.11,50,0.5884027777777778,0.03505541523567619,0.6851617224105426,0.013886035034430796
coil20,ICL,0.95,100,512,1,0.12,200,0.5882986111111113,0.026394622001495904,0.7056948724837746,0.011678847270614013
coil20,ICL,1.0,100,512,1,0.19,300,0.588298611111111,0.04316980529398263,0.7242966767354831,0.020385585306045163
coil20,ICL,0.6,100,512,1,0.16,300,0.5882638888888889,0.036597881081988325,0.7254938719471918,0.013097316026522298
coil20,ICL,0.45,100,512,1,0.1,250,0.5882638888888888,0.0352097030195995,0.7281160664150331,0.014102162688856643
coil20,ICL,0.3,100,512,1,0.09,200,0.5880555555555558,0.033790699054511916,0.7186884841899979,0.007816295634694612
coil20,ICL,0.25,100,512,1,0.19,300,0.5880555555555556,0.029521322593243027,0.7229569122994414,0.010356801646292702
coil20,ICL,0.2,100,512,1,0.03,250,0.5880555555555553,0.03484326125577616,0.7240990882752103,0.012707156857063025
coil20,ICL,0.6,100,512,1,0.2,200,0.5879861111111111,0.03894966728728402,0.701125189508653,0.02173838443233609
coil20,ICL,0.25,100,512,1,0.01,50,0.5879861111111111,0.026846453400499386,0.6782576548133482,0.010010628637035333
coil20,ICL,0.15,100,512,1,0.16,300,0.5878819444444445,0.02261850970103201,0.7230871746035474,0.010221050880128951
coil20,ICL,1.0,100,512,1,0.18,300,0.5878472222222222,0.029407487944777287,0.7102138608837237,0.016354777649639256
coil20,ICL,0.75,100,512,1,0.06,100,0.5878125,0.0295726335306003,0.7003715382587096,0.012968010146361243
coil20,ICL,0.4,100,512,1,0.16,250,0.5878125,0.0267396958275058,0.6966749415523076,0.018266711382213734
coil20,ICL,0.15,100,512,1,0.05,50,0.5877777777777777,0.02468298227924517,0.7110571133584391,0.011793142206439329
coil20,ICL,0.35,100,512,1,0.14,250,0.5877430555555556,0.023360883000273527,0.7067108209560445,0.011806103869216532
coil20,ICL,0.3,100,512,1,0.12,100,0.5877083333333333,0.03142320825401678,0.6978803260702667,0.012355183909528403
coil20,ICL,0.55,100,512,1,0.08,150,0.587673611111111,0.02009438929392179,0.711172812785601,0.011085032896843773
coil20,ICL,0.6,100,512,1,0.06,100,0.5874305555555557,0.02081584914475708,0.6958975757323427,0.011292108562568803
coil20,ICL,0.4,100,512,1,0.18,300,0.5873611111111112,0.021312317846149644,0.7066675715464938,0.013575799611152935
coil20,ICL,0.85,100,512,1,0.19,300,0.5873611111111112,0.02873154265280368,0.7056367036423229,0.0177655833870973
coil20,ICL,1.0,100,512,1,0.19,250,0.5873611111111111,0.040029527103420254,0.7241563456283966,0.016268909250402426
coil20,ICL,0.45,100,512,1,0.02,200,0.5873611111111111,0.02962161711685039,0.7138150684701396,0.016161441378848836
coil20,ICL,0.35,100,512,1,0.05,50,0.5873263888888889,0.02736399713346663,0.6898308918882448,0.012011460455785232
coil20,ICL,0.85,100,512,1,0.2,150,0.5872916666666668,0.02647291082816639,0.6908698270821263,0.011023259527450511
coil20,ICL,0.55,100,512,1,0.03,200,0.5872916666666667,0.02771268414741382,0.7187532048337305,0.012440406399828465
coil20,ICL,0.85,100,512,1,0.1,200,0.5871875,0.038428245899956595,0.723403340908803,0.01696810323558444
coil20,ICL,0.45,100,512,1,0.1,200,0.5871527777777779,0.0284599397626962,0.7200567123007858,0.0144571832052676
coil20,ICL,0.8,100,512,1,0.12,150,0.5871180555555556,0.026633981524293728,0.6899061905677405,0.013402333635783133
coil20,ICL,0.5,100,512,1,0.01,200,0.5870833333333333,0.0291645171165575,0.7004300715614806,0.01397031931526961
coil20,ICL,0.5,100,512,1,0.01,200,0.5870833333333333,0.0291645171165575,0.7004300715614806,0.01397031931526961
coil20,ICL,0.5,100,512,1,0.1,250,0.5870138888888888,0.027294493774974074,0.731364853662335,0.011242081522283438
coil20,ICL,0.5,100,512,1,0.1,250,0.5870138888888888,0.027294493774974074,0.731364853662335,0.011242081522283438
coil20,ICL,0.2,100,512,1,0.01,100,0.5869791666666668,0.027021720337250327,0.6927250241221061,0.012526841167557132
coil20,ICL,0.85,100,512,1,0.07,50,0.5869791666666665,0.02423489232051666,0.6741437036205483,0.012736985716337265
coil20,ICL,0.95,100,512,1,0.11,150,0.586875,0.028513604750437925,0.7221427869247641,0.014064165216176571
coil20,ICL,0.75,100,512,1,0.09,150,0.5868749999999999,0.03165699474615404,0.7210904539203888,0.014087918909135336
coil20,ICL,0.3,100,512,1,0.07,100,0.5868402777777778,0.030392934520213744,0.7021788586937074,0.013935610212481752
coil20,ICL,0.95,100,512,1,0.08,300,0.5868055555555556,0.021341035935840014,0.7146472691675883,0.01302280392547793
coil20,ICL,0.45,100,512,1,0.01,250,0.5868055555555556,0.03128932710591171,0.7119950131192764,0.015046437591669964
coil20,ICL,0.3,100,512,1,0.08,50,0.5867708333333332,0.027393588839192667,0.6820046269349929,0.013403431993111243
coil20,ICL,0.2,100,512,1,0.02,300,0.586736111111111,0.03252706909276383,0.7247853837413175,0.01257187114114495
coil20,ICL,0.15,100,512,1,0.13,50,0.5867013888888889,0.02759599809257328,0.6886058294624713,0.01271952180268082
coil20,ICL,0.35,100,512,1,0.19,300,0.5867013888888888,0.03656121396915245,0.7043875847647475,0.01590624638054694
coil20,ICL,0.45,100,512,1,0.01,300,0.5865972222222223,0.03336594180494332,0.7136935270252822,0.015016022732577284
coil20,ICL,0.4,100,512,1,0.03,150,0.5865972222222222,0.031795470866030476,0.7099825664751602,0.01456063305239653
coil20,ICL,0.6,100,512,1,0.01,250,0.5865277777777778,0.026745939751855366,0.7082640736039643,0.01443008567139124
coil20,ICL,0.4,100,512,1,0.01,100,0.5864583333333333,0.03257418231352956,0.6860458439302342,0.014785789494662286
coil20,ICL,0.3,100,512,1,0.2,300,0.5864236111111112,0.039383924498117964,0.7148711254827642,0.0190627171207215
coil20,ICL,0.15,100,512,1,0.14,100,0.5864236111111112,0.03471213395113239,0.7054064951593764,0.010640366435411077
coil20,ICL,0.7,100,512,1,0.05,100,0.5862847222222223,0.02906386894426237,0.7166347930540564,0.01291094889500002
coil20,ICL,0.9,100,512,1,0.01,300,0.5862847222222223,0.026345793575452796,0.7141674399403967,0.010536015849142398
coil20,ICL,0.9,100,512,1,0.17,300,0.5862847222222223,0.03377519278645714,0.7112003005664886,0.016059017291128238
coil20,ICL,0.2,100,512,1,0.05,200,0.5862499999999999,0.042865057966185525,0.7380283805543352,0.019531821418665718
coil20,ICL,0.85,100,512,1,0.05,100,0.5862152777777777,0.02682234919392528,0.6918786517251453,0.010306684988940742
coil20,ICL,0.15,100,512,1,0.11,150,0.5861111111111111,0.027828945928322222,0.7174547327929315,0.01678940852277527
coil20,ICL,0.5,100,512,1,0.13,250,0.586111111111111,0.04257289953352201,0.710911290029863,0.02033765076447259
coil20,ICL,0.5,100,512,1,0.13,250,0.586111111111111,0.04257289953352201,0.710911290029863,0.02033765076447259
coil20,ICL,0.9,100,512,1,0.06,100,0.586111111111111,0.03309302847958491,0.6845114775742168,0.01621655654253876
coil20,ICL,0.2,100,512,1,0.19,100,0.5860763888888888,0.02224117572796784,0.7008417781126266,0.013782936448534799
coil20,ICL,0.35,100,512,1,0.14,200,0.5859722222222222,0.02556329140161631,0.698502474601298,0.013631199544103936
coil20,ICL,0.5,100,512,1,0.07,50,0.5859722222222222,0.02530352016451564,0.6863375882946994,0.012724590054224959
coil20,ICL,0.5,100,512,1,0.07,50,0.5859722222222222,0.02530352016451564,0.6863375882946994,0.012724590054224959
coil20,ICL,0.6,100,512,1,0.11,150,0.5859375000000001,0.029351164975459934,0.7211558348295645,0.012504872585312878
coil20,ICL,0.3,100,512,1,0.12,50,0.5858680555555555,0.025999757944920262,0.6844216838749891,0.011979046079827882
coil20,ICL,0.1,100,512,1,0.03,250,0.5856250000000001,0.03712005308521773,0.7177049927802976,0.018020283289737003
coil20,ICL,0.1,100,512,1,0.03,250,0.5856250000000001,0.03712005308521773,0.7177049927802976,0.018020283289737003
coil20,ICL,0.25,100,512,1,0.14,200,0.5856250000000001,0.02958129557405331,0.7016974832168135,0.016183263881081933
coil20,ICL,0.95,100,512,1,0.03,150,0.5855208333333335,0.0452585353410728,0.7230753379842841,0.017517158370116512
coil20,ICL,0.1,100,512,1,0.03,300,0.5855208333333334,0.030735953425061194,0.7201986530515753,0.012419160814497999
coil20,ICL,0.1,100,512,1,0.03,300,0.5855208333333334,0.030735953425061194,0.7201986530515753,0.012419160814497999
coil20,ICL,0.15,100,512,1,0.11,50,0.5853124999999999,0.025799592474231435,0.6810797488401231,0.015946023529236443
coil20,ICL,0.5,100,512,1,0.03,50,0.5852777777777778,0.029828470532713994,0.7094068900448034,0.014491549576282363
coil20,ICL,0.5,100,512,1,0.03,50,0.5852777777777778,0.029828470532713994,0.7094068900448034,0.014491549576282363
coil20,ICL,0.6,100,512,1,0.13,200,0.5852777777777777,0.030454852995666453,0.7062808295280905,0.01639041831997536
coil20,ICL,0.2,100,512,1,0.14,300,0.5852430555555557,0.03496917389746271,0.7283355922995229,0.014784648169368865
coil20,ICL,0.8,100,512,1,0.13,300,0.5852430555555557,0.022943875892538778,0.7046936689434213,0.011484043492138728
coil20,ICL,0.8,100,512,1,0.17,200,0.5852083333333333,0.024048341393231937,0.7005816007111852,0.010963474989517965
coil20,ICL,0.6,100,512,1,0.03,50,0.5851736111111111,0.03152829401804468,0.7216945050606993,0.01172039823979239
coil20,ICL,0.4,100,512,1,0.12,200,0.585138888888889,0.03574966006054385,0.7027072408368904,0.01421163835263669
coil20,ICL,0.9,100,512,1,0.01,250,0.5849652777777778,0.03138187836535051,0.7111063835287627,0.012858328517644102
coil20,ICL,0.45,100,512,1,0.16,250,0.5849305555555555,0.03493069361580845,0.7007595966716338,0.01454046118133572
coil20,ICL,0.6,100,512,1,0.08,100,0.5848958333333334,0.02700476048996492,0.6881973953278575,0.013311172593997455
coil20,ICL,0.8,100,512,1,0.18,150,0.5848611111111112,0.030173271478717643,0.7001771208604829,0.009509398092992767
coil20,ICL,0.6,100,512,1,0.1,100,0.5848263888888889,0.03547331730124685,0.7183365444751604,0.01176306799978739
coil20,ICL,0.15,100,512,1,0.19,200,0.5848263888888889,0.031988401972047754,0.7043704627077461,0.014955972211560295
coil20,ICL,0.1,100,512,1,0.14,250,0.5848263888888888,0.0434764790913673,0.7103544884406272,0.0187882602041349
coil20,ICL,0.1,100,512,1,0.14,250,0.5848263888888888,0.0434764790913673,0.7103544884406272,0.0187882602041349
coil20,ICL,0.3,100,512,1,0.01,50,0.5848263888888888,0.02805613568569624,0.6693677072651113,0.01298260616654848
coil20,ICL,1.0,100,512,1,0.13,100,0.5847916666666666,0.024997009852044505,0.7014763176030081,0.011076814984077631
coil20,ICL,1.0,100,512,1,0.13,50,0.5844444444444445,0.019957758245793312,0.683500343946043,0.011198111969850814
coil20,ICL,0.85,100,512,1,0.13,250,0.5843402777777779,0.030258558980716613,0.7018352141526523,0.013665377270907364
coil20,ICL,0.25,100,512,1,0.2,100,0.5843402777777778,0.033064216739952315,0.7037371763009236,0.014259390778164611
coil20,ICL,0.3,100,512,1,0.07,150,0.5843055555555555,0.026822461565718478,0.7027143344269501,0.011545945741624295
coil20,ICL,0.65,100,512,1,0.12,150,0.5841666666666666,0.018954135676924423,0.6969707449678335,0.013616710463599491
coil20,ICL,0.4,100,512,1,0.15,100,0.5841666666666666,0.02536823710279656,0.6774815408968891,0.009994815322947022
coil20,ICL,0.3,100,512,1,0.14,200,0.5840625,0.03300655433764372,0.7326475007601302,0.01341762595229535
coil20,ICL,0.2,100,512,1,0.06,100,0.5840625,0.03618480394656346,0.7119017862418757,0.014482276782573201
coil20,ICL,0.65,100,512,1,0.05,100,0.5840625,0.02471624752241947,0.6971310670662636,0.012041265570070417
coil20,ICL,0.2,100,512,1,0.16,300,0.5840277777777778,0.03443492251899064,0.715691128810891,0.015222844737474895
coil20,ICL,0.25,100,512,1,0.13,200,0.5840277777777778,0.03110692556170144,0.6986957719624953,0.014743927480052432
coil20,ICL,0.6,100,512,1,0.19,300,0.5840277777777778,0.03379883298445541,0.6958754319912934,0.0120297492775959
coil20,ICL,0.5,100,512,1,0.1,200,0.5839930555555556,0.031081703456175853,0.7182622723621986,0.012197436758763574
coil20,ICL,0.5,100,512,1,0.1,200,0.5839930555555556,0.031081703456175853,0.7182622723621986,0.012197436758763574
coil20,ICL,0.85,100,512,1,0.07,100,0.5839930555555556,0.026671978456788377,0.6895557598108804,0.011385131769533114
coil20,ICL,0.2,100,512,1,0.03,200,0.5839930555555555,0.0437083548485277,0.7203217544316657,0.01538997434531025
coil20,ICL,0.35,100,512,1,0.04,50,0.5839583333333335,0.03642220432088909,0.7090151238058298,0.01579496172787118
coil20,ICL,0.85,100,512,1,0.07,150,0.5839236111111111,0.030585745029292854,0.7007186762457158,0.012759153045878373
coil20,ICL,0.3,100,512,1,0.13,100,0.5838888888888889,0.023269174358121137,0.7168396392993153,0.01748272962566551
coil20,ICL,0.7,100,512,1,0.12,200,0.5838194444444446,0.03667304500499341,0.7242552834890251,0.01756714141879967
coil20,ICL,0.35,100,512,1,0.12,250,0.5838194444444444,0.029262491397312324,0.6992797572425532,0.01548949937238349
coil20,ICL,0.6,100,512,1,0.13,150,0.5837847222222223,0.02577621654006598,0.701396575493051,0.014404582667257276
coil20,ICL,0.4,100,512,1,0.12,150,0.5837847222222223,0.027182222419507577,0.6886191453440555,0.014698681970331357
coil20,ICL,0.45,100,512,1,0.16,300,0.5835763888888889,0.027051508188883116,0.7097699387376097,0.011843189833032487
coil20,ICL,0.1,100,512,1,0.15,200,0.5834374999999998,0.03936726788181261,0.7282520673909965,0.018963447576251242
coil20,ICL,0.1,100,512,1,0.15,200,0.5834374999999998,0.03936726788181261,0.7282520673909965,0.018963447576251242
coil20,ICL,0.85,100,512,1,0.17,300,0.583298611111111,0.02435854838129373,0.7107546580348705,0.011996419532462832
coil20,ICL,0.7,100,512,1,0.01,200,0.5831944444444443,0.0252233464629522,0.7029479450897387,0.012493207020829922
coil20,ICL,0.8,100,512,1,0.06,50,0.5831944444444443,0.02689715208202268,0.6873954604458218,0.011465442253295453
coil20,ICL,0.3,100,512,1,0.12,150,0.5831597222222222,0.027951604554033407,0.701463344444576,0.01245573200231176
coil20,ICL,0.3,100,512,1,0.15,200,0.583125,0.03012008181767944,0.7148676638151938,0.01475090078722785
coil20,ICL,0.85,100,512,1,0.2,200,0.582951388888889,0.029506514601612733,0.696786413144758,0.009354418098938779
coil20,ICL,0.4,100,512,1,0.04,50,0.5828125,0.03581399874053493,0.7320273963206789,0.010976252982796895
coil20,ICL,0.25,100,512,1,0.2,50,0.5827777777777777,0.025297801897876365,0.6856324430361538,0.0106580834717895
coil20,ICL,0.45,100,512,1,0.03,150,0.5827083333333334,0.031242977606037458,0.7005708396748929,0.01643642785573629
coil20,ICL,0.1,100,512,1,0.02,50,0.5827083333333334,0.030549952137724934,0.6692656103343844,0.015739940415102092
coil20,ICL,0.1,100,512,1,0.02,50,0.5827083333333334,0.030549952137724934,0.6692656103343844,0.015739940415102092
coil20,ICL,0.75,100,512,1,0.13,250,0.582673611111111,0.024306026781146337,0.7206025695511802,0.012935135636714648
coil20,ICL,0.1,100,512,1,0.09,100,0.5825347222222222,0.027306130426581088,0.6955834882091779,0.010818139011785162
coil20,ICL,0.1,100,512,1,0.09,100,0.5825347222222222,0.027306130426581088,0.6955834882091779,0.010818139011785162
coil20,ICL,0.8,100,512,1,0.02,50,0.5824999999999999,0.023850502104091724,0.6841545760657679,0.010879993003433813
coil20,ICL,0.65,100,512,1,0.18,300,0.5824305555555556,0.03488095661330491,0.7109234085429187,0.014327652561801399
coil20,ICL,0.3,100,512,1,0.11,50,0.5823958333333332,0.033616616715060485,0.7012322955570027,0.013877861528237008
coil20,ICL,0.45,100,512,1,0.01,150,0.5823611111111112,0.018340960113942636,0.6957176244617627,0.010067953593343412
coil20,ICL,0.4,100,512,1,0.05,100,0.5823263888888888,0.0362606911384273,0.6910039353275359,0.014005743449202043
coil20,ICL,0.2,100,512,1,0.15,100,0.5822569444444444,0.029791160802491005,0.6906956614278875,0.01264252753230672
coil20,ICL,0.95,100,512,1,0.11,250,0.5822222222222221,0.02852924506666929,0.7237519080948898,0.014261970163052824
coil20,ICL,0.6,100,512,1,0.16,250,0.5820833333333334,0.03299714727662166,0.7197154770631681,0.01605086659173919
coil20,ICL,0.3,100,512,1,0.16,300,0.5820486111111112,0.03200648790687157,0.6945294105016504,0.012529755021495914
coil20,ICL,0.7,100,512,1,0.01,300,0.5819791666666667,0.02374093698909904,0.7213956293185869,0.0118610088449132
coil20,ICL,0.2,100,512,1,0.16,200,0.5819791666666665,0.027192155838042163,0.7051761069506427,0.01499696553457063
coil20,ICL,0.85,100,512,1,0.11,150,0.5818402777777778,0.03311872101565763,0.7035275515344058,0.01607171828621224
coil20,ICL,0.85,100,512,1,0.13,300,0.5818402777777777,0.0292362554430325,0.7158687075319562,0.013453562867665724
coil20,ICL,0.3,100,512,1,0.2,250,0.581701388888889,0.042012037952800285,0.698518639989251,0.023930285646203416
coil20,ICL,0.3,100,512,1,0.14,150,0.5817013888888889,0.043087619669111454,0.7252922253320516,0.016402785956373084
coil20,ICL,0.5,100,512,1,0.12,250,0.5816666666666667,0.035443481134593315,0.6963717476042002,0.012097715831389399
coil20,ICL,0.5,100,512,1,0.12,250,0.5816666666666667,0.035443481134593315,0.6963717476042002,0.012097715831389399
coil20,ICL,0.15,100,512,1,0.11,100,0.5815972222222222,0.02855636280203558,0.7058240090223027,0.01527962020153357
coil20,ICL,0.45,100,512,1,0.02,300,0.5815277777777779,0.041238775128197916,0.7183730170082905,0.017657606098387287
coil20,ICL,0.7,100,512,1,0.12,150,0.5815277777777778,0.02927509607157591,0.7117143750660656,0.015067295693857213
coil20,ICL,0.3,100,512,1,0.19,200,0.5815277777777778,0.03206980234148977,0.6946935470758687,0.01607230596878594
coil20,ICL,0.65,100,512,1,0.07,50,0.5813541666666666,0.0334519554538785,0.6981590477340789,0.014673136574424164
coil20,ICL,0.1,100,512,1,0.16,250,0.5811111111111111,0.029644400976563165,0.7231822757667948,0.011819226589387962
coil20,ICL,0.1,100,512,1,0.16,250,0.5811111111111111,0.029644400976563165,0.7231822757667948,0.011819226589387962
coil20,ICL,0.15,100,512,1,0.01,100,0.5811111111111111,0.02918369212081414,0.6868671509291241,0.012733087670010742
coil20,ICL,0.9,100,512,1,0.11,100,0.581076388888889,0.03252260239096594,0.6938983888384443,0.012482172621598852
coil20,ICL,0.8,100,512,1,0.03,250,0.5807986111111111,0.036457523139145895,0.7270413072770989,0.015217847739128822
coil20,ICL,0.45,100,512,1,0.09,50,0.5807291666666667,0.02937826272266371,0.6765855411048739,0.011754943175339838
coil20,ICL,0.4,100,512,1,0.11,150,0.5806944444444444,0.031319829389110064,0.6986330291638244,0.010568140221220431
coil20,ICL,0.25,100,512,1,0.14,150,0.5805208333333333,0.02575019758254534,0.6983787183009835,0.011519605341748996
coil20,ICL,1.0,100,512,1,0.13,150,0.5804166666666666,0.024855485086573714,0.7122656455557065,0.013067147054401727
coil20,ICL,0.35,100,512,1,0.16,50,0.5803125,0.01649546765987256,0.6646929519440229,0.01026529201693505
coil20,ICL,0.5,100,512,1,0.14,300,0.5802777777777777,0.034433101851073775,0.7199042628195904,0.01261465511171362
coil20,ICL,0.5,100,512,1,0.14,300,0.5802777777777777,0.034433101851073775,0.7199042628195904,0.01261465511171362
coil20,ICL,0.55,100,512,1,0.2,300,0.5802430555555556,0.03726810695367413,0.7131534012300194,0.011218555366075075
coil20,ICL,0.15,100,512,1,0.02,150,0.5801736111111111,0.027277151038002486,0.7056598074639726,0.01407406524881503
coil20,ICL,0.1,100,512,1,0.13,200,0.5801388888888889,0.033471501836415785,0.7099294557163389,0.019072146610324227
coil20,ICL,0.1,100,512,1,0.13,200,0.5801388888888889,0.033471501836415785,0.7099294557163389,0.019072146610324227
coil20,ICL,0.9,100,512,1,0.11,150,0.5801041666666666,0.03682145555407026,0.7081393258020695,0.01559472344363345
coil20,ICL,0.9,100,512,1,0.12,250,0.5800694444444444,0.02269261263516999,0.7069973787494395,0.01171987738990989
coil20,ICL,0.15,100,512,1,0.19,250,0.5799652777777778,0.03276296967176454,0.7095718863004693,0.0126171917190061
coil20,ICL,0.7,100,512,1,0.13,150,0.5797916666666667,0.030712899806208026,0.6913709658548609,0.016090622993440586
coil20,ICL,0.75,100,512,1,0.05,50,0.5797222222222224,0.026276808767663282,0.6619809973513697,0.012379023297034301
coil20,ICL,0.45,100,512,1,0.1,150,0.5797222222222222,0.02946245518337022,0.6997543945283949,0.013099056000157577
coil20,ICL,0.55,100,512,1,0.01,200,0.5797222222222221,0.023508354832135325,0.7056909515988398,0.011580372018858151
coil20,ICL,0.5,100,512,1,0.14,250,0.5796180555555556,0.03411148646531629,0.7091956777357941,0.01663040901850267
coil20,ICL,0.5,100,512,1,0.14,250,0.5796180555555556,0.03411148646531629,0.7091956777357941,0.01663040901850267
coil20,ICL,0.5,100,512,1,0.09,150,0.5795486111111112,0.028648232222787166,0.7115808004568966,0.014715549097020034
coil20,ICL,0.5,100,512,1,0.09,150,0.5795486111111112,0.028648232222787166,0.7115808004568966,0.014715549097020034
coil20,ICL,0.9,100,512,1,0.02,50,0.5795138888888889,0.03440234602519191,0.7249430804014746,0.015090323689707419
coil20,ICL,0.2,100,512,1,0.05,50,0.5795138888888889,0.0277434683949258,0.7055106710922175,0.012349100407524112
coil20,ICL,0.75,100,512,1,0.18,250,0.5794791666666667,0.0336253664386385,0.698546505549268,0.015531401052666838
coil20,ICL,0.6,100,512,1,0.01,300,0.5794791666666665,0.02617924307791797,0.7088120524579083,0.011371081947531808
coil20,ICL,0.15,100,512,1,0.12,150,0.5794097222222222,0.028925320077563654,0.707887318959693,0.014352669696599835
coil20,ICL,0.1,100,512,1,0.14,150,0.5793749999999999,0.03401012864292992,0.69180614329053,0.01892618817502001
coil20,ICL,0.1,100,512,1,0.14,150,0.5793749999999999,0.03401012864292992,0.69180614329053,0.01892618817502001
coil20,ICL,0.8,100,512,1,0.17,150,0.5793402777777779,0.031865750745931794,0.6926459217699461,0.014008684464178004
coil20,ICL,0.95,100,512,1,0.05,50,0.5793055555555554,0.025467844649893545,0.6923966638309992,0.012798915747099624
coil20,ICL,0.7,100,512,1,0.11,250,0.5792013888888887,0.03501644441178782,0.7250690030227098,0.015107558964566342
coil20,ICL,0.35,100,512,1,0.15,200,0.5791319444444445,0.034181536821663534,0.712362376081788,0.013698708145397968
coil20,ICL,0.55,100,512,1,0.09,150,0.5790972222222222,0.03485592314207759,0.7092116933150834,0.013623507133863013
coil20,ICL,0.55,100,512,1,0.19,300,0.5790625,0.034512753586290745,0.7111742989461739,0.015051690312605507
coil20,ICL,0.35,100,512,1,0.13,200,0.5790277777777778,0.03724294613798748,0.722767265710561,0.01635889881489468
coil20,ICL,0.85,100,512,1,0.19,250,0.5789930555555556,0.03219397933107608,0.701063205503541,0.015720098310935876
coil20,ICL,0.3,100,512,1,0.14,300,0.5789236111111111,0.03578530575025019,0.726589741819836,0.01283677391466256
coil20,ICL,0.55,100,512,1,0.09,100,0.5789236111111111,0.03231165376067898,0.6942512499192289,0.01379345255487541
coil20,ICL,0.25,100,512,1,0.15,50,0.5787847222222222,0.03035880070882899,0.6840067284690337,0.013143458773800415
coil20,ICL,0.35,100,512,1,0.05,100,0.5786805555555554,0.0363978334002804,0.6994381148564833,0.015380634230115812
coil20,ICL,0.35,100,512,1,0.01,300,0.5786458333333333,0.031977545501192924,0.7135943257878221,0.015584071782644201
coil20,ICL,1.0,100,512,1,0.17,250,0.5785069444444445,0.032158458071557525,0.7113289114628893,0.016884831195595383
coil20,ICL,0.15,100,512,1,0.02,200,0.5784027777777778,0.03347114163769835,0.7153607889271816,0.018542761215646634
coil20,ICL,0.9,100,512,1,0.01,200,0.5781597222222221,0.024225537927687012,0.7077713415577761,0.015242649606266522
coil20,ICL,0.4,100,512,1,0.17,150,0.5780902777777777,0.03230060733457033,0.6869232664053927,0.016874063575422177
coil20,ICL,0.2,100,512,1,0.17,200,0.5780208333333333,0.04277139371103738,0.7133656998700122,0.021251283186516114
coil20,ICL,0.1,100,512,1,0.03,200,0.5778472222222224,0.038410939458202904,0.7051677246661285,0.01606189794536485
coil20,ICL,0.1,100,512,1,0.03,200,0.5778472222222224,0.038410939458202904,0.7051677246661285,0.01606189794536485
coil20,ICL,0.7,100,512,1,0.2,300,0.5778125000000001,0.03728880536819378,0.7227824645858056,0.014607900215928686
coil20,ICL,0.5,100,512,1,0.08,100,0.5778125000000001,0.02960685928797832,0.7079545103872239,0.0175057109838161
coil20,ICL,0.5,100,512,1,0.08,100,0.5778125000000001,0.02960685928797832,0.7079545103872239,0.0175057109838161
coil20,ICL,0.75,100,512,1,0.19,300,0.5778125000000001,0.025157178544706633,0.7049431032357498,0.01776109923520953
coil20,ICL,0.8,100,512,1,0.18,100,0.5776041666666668,0.027794157497075204,0.6907025439720683,0.011869655933848589
coil20,ICL,0.5,100,512,1,0.1,150,0.5775347222222222,0.026997973567930815,0.7053964847067115,0.014536289995432055
coil20,ICL,0.5,100,512,1,0.1,150,0.5775347222222222,0.026997973567930815,0.7053964847067115,0.014536289995432055
coil20,ICL,0.3,100,512,1,0.2,150,0.5774305555555556,0.024814609676459987,0.686420263245253,0.01756839393330003
coil20,ICL,0.5,100,512,1,0.02,50,0.577326388888889,0.028434320131534567,0.6842464208320216,0.012017056108727534
coil20,ICL,0.5,100,512,1,0.02,50,0.577326388888889,0.028434320131534567,0.6842464208320216,0.012017056108727534
coil20,ICL,0.75,100,512,1,0.12,250,0.5773263888888888,0.03475017971687252,0.7095513120758736,0.012603295936725486
coil20,ICL,0.95,100,512,1,0.01,250,0.5772916666666666,0.031132572582703216,0.7046330102318319,0.011391759791815007
coil20,ICL,0.2,100,512,1,0.16,250,0.5772222222222221,0.02992934710115198,0.7089634018854069,0.015819976735530546
coil20,ICL,0.65,100,512,1,0.01,100,0.5772222222222221,0.024746593792297714,0.6836786788330407,0.008490549540845625
coil20,ICL,0.7,100,512,1,0.11,300,0.5771180555555556,0.033036492957003595,0.7275743214884156,0.01389838097317032
coil20,ICL,0.4,100,512,1,0.18,250,0.5770138888888889,0.03292933710665842,0.6896361300405902,0.01794239391337802
coil20,ICL,0.25,100,512,1,0.14,100,0.5769444444444445,0.02715854940079745,0.6842095359686622,0.015190744816071272
coil20,ICL,1.0,100,512,1,0.03,200,0.5769444444444444,0.021878416840731194,0.7199211491347686,0.013377060590825399
coil20,ICL,0.1,100,512,1,0.2,100,0.5768402777777778,0.027126279162818037,0.7050891580529913,0.009897431921215985
coil20,ICL,0.1,100,512,1,0.2,100,0.5768402777777778,0.027126279162818037,0.7050891580529913,0.009897431921215985
coil20,ICL,0.85,100,512,1,0.05,50,0.5768055555555557,0.029583985386658504,0.695252115726267,0.012289541628017236
coil20,ICL,0.1,100,512,1,0.11,250,0.5768055555555556,0.032466596081374324,0.7112380964985561,0.017112468998593963
coil20,ICL,0.1,100,512,1,0.11,250,0.5768055555555556,0.032466596081374324,0.7112380964985561,0.017112468998593963
coil20,ICL,0.6,100,512,1,0.14,300,0.5767361111111111,0.03418931329404728,0.7155989304138417,0.019845190209294972
coil20,ICL,0.1,100,512,1,0.03,150,0.576701388888889,0.028731437747636247,0.6790034207297022,0.015130945079306003
coil20,ICL,0.1,100,512,1,0.03,150,0.576701388888889,0.028731437747636247,0.6790034207297022,0.015130945079306003
coil20,ICL,0.1,100,512,1,0.14,200,0.5766666666666669,0.03413913185882257,0.6978783955067795,0.01752727000535937
coil20,ICL,0.1,100,512,1,0.14,200,0.5766666666666669,0.03413913185882257,0.6978783955067795,0.01752727000535937
coil20,ICL,0.3,100,512,1,0.05,200,0.5766666666666665,0.03288427262085127,0.7163102850465457,0.013945690609213534
coil20,ICL,0.65,100,512,1,0.12,50,0.5766319444444443,0.028799168737735602,0.6639881494380784,0.012892380338337128
coil20,ICL,0.5,100,512,1,0.12,200,0.5765972222222223,0.03472992970012044,0.6859670133169712,0.017678597749248823
coil20,ICL,0.5,100,512,1,0.12,200,0.5765972222222223,0.03472992970012044,0.6859670133169712,0.017678597749248823
coil20,ICL,0.6,100,512,1,0.19,250,0.5765277777777779,0.030200430000617912,0.6827203086553346,0.012291400917265867
coil20,ICL,0.3,100,512,1,0.07,50,0.5765277777777776,0.025452691531011803,0.6836280475478818,0.01196387418692795
coil20,ICL,0.7,100,512,1,0.15,300,0.5764236111111112,0.03812650207018768,0.7226044816794504,0.015247079063935316
coil20,ICL,0.7,100,512,1,0.11,200,0.576388888888889,0.03376314330270528,0.7124439322251648,0.012681406864121402
coil20,ICL,0.75,100,512,1,0.18,300,0.5763541666666667,0.032320010708642884,0.6981604119649094,0.018520946317577634
coil20,ICL,0.15,100,512,1,0.19,150,0.5763541666666666,0.03099624986650865,0.7001002055804869,0.013196123135681288
coil20,ICL,0.4,100,512,1,0.17,300,0.5763194444444445,0.02809017047775139,0.6906255008675242,0.011485667866936332
coil20,ICL,0.15,100,512,1,0.2,250,0.5763194444444444,0.03480192241834273,0.7092668066397334,0.01553849065977901
coil20,ICL,0.75,100,512,1,0.11,50,0.5763194444444444,0.0265945023268409,0.6814550143672967,0.013886761740078048
coil20,ICL,0.35,100,512,1,0.12,200,0.5762152777777777,0.026908154076172478,0.6912815797603352,0.011469445976738485
coil20,ICL,0.3,100,512,1,0.15,150,0.5761805555555556,0.01537390842255753,0.6931346173324272,0.00999173908015627
coil20,ICL,0.9,100,512,1,0.07,50,0.5760763888888889,0.026280364382620987,0.6661983049194768,0.013001141821258493
coil20,ICL,0.8,100,512,1,0.15,300,0.5760763888888888,0.03996977240871307,0.7141522003693085,0.013139747285867047
coil20,ICL,0.25,100,512,1,0.16,250,0.5760069444444443,0.018736459874441145,0.7044701268850685,0.007709016523361499
coil20,ICL,0.85,100,512,1,0.01,300,0.5759722222222222,0.025332853613879016,0.7069198646013245,0.013296244018191086
coil20,ICL,0.65,100,512,1,0.13,300,0.5759027777777777,0.0296269077887561,0.7030821233955328,0.0154468138562803
coil20,ICL,0.55,100,512,1,0.1,250,0.5758333333333333,0.03107481762011577,0.7144282309149527,0.014808965996993688
coil20,ICL,0.1,100,512,1,0.11,200,0.5758333333333333,0.034790627063642894,0.7116059754608669,0.018345546199035685
coil20,ICL,0.1,100,512,1,0.11,200,0.5758333333333333,0.034790627063642894,0.7116059754608669,0.018345546199035685
coil20,ICL,0.3,100,512,1,0.2,200,0.5756944444444445,0.03123070391912342,0.6903959870649664,0.015016108130303303
coil20,ICL,0.25,100,512,1,0.14,50,0.575486111111111,0.029615511320969432,0.6651632240151405,0.011193131830715542
coil20,ICL,1.0,100,512,1,0.01,300,0.5753819444444445,0.0313897146830901,0.6936340356850175,0.015435709686941539
coil20,ICL,0.95,100,512,1,0.08,150,0.5753472222222223,0.029751494541772786,0.6846904750832821,0.016056697552716846
coil20,ICL,0.35,100,512,1,0.02,50,0.5753472222222222,0.022987579677826976,0.6806871795135684,0.010985077866793955
coil20,ICL,0.3,100,512,1,0.14,250,0.5753125,0.02543456697380677,0.7245975781091657,0.011702485897162152
coil20,ICL,0.65,100,512,1,0.18,250,0.5752777777777778,0.026906832282095,0.7042033432729686,0.013077049535074313
coil20,ICL,0.8,100,512,1,0.17,300,0.5752083333333334,0.031024728165062933,0.7064954552504721,0.013941919030142719
coil20,ICL,0.55,100,512,1,0.13,100,0.5752083333333332,0.02681589826374194,0.7063704856873574,0.014900333080387856
coil20,ICL,0.45,100,512,1,0.05,100,0.5751041666666666,0.03054235431366752,0.7072105944266858,0.0106847146184324
coil20,ICL,0.4,100,512,1,0.13,200,0.5750347222222222,0.02891047787733159,0.7089747305780467,0.011976445072904211
coil20,ICL,0.35,100,512,1,0.03,50,0.5749305555555555,0.02573373497455704,0.6862637102839848,0.012082076463538602
coil20,ICL,0.5,100,512,1,0.09,100,0.5748611111111112,0.029536021113377418,0.6837529667374673,0.015099722599235617
coil20,ICL,0.5,100,512,1,0.09,100,0.5748611111111112,0.029536021113377418,0.6837529667374673,0.015099722599235617
coil20,ICL,0.9,100,512,1,0.12,300,0.574826388888889,0.03238663975776714,0.7047381001980909,0.011827258260875943
coil20,ICL,0.25,100,512,1,0.12,50,0.5748263888888889,0.023461407559563142,0.6618872833816147,0.01127759816000832
coil20,ICL,0.3,100,512,1,0.14,100,0.5748263888888888,0.027862609180673258,0.7106923350839438,0.014237298814323833
coil20,ICL,0.35,100,512,1,0.17,300,0.5747916666666667,0.03525637747667473,0.706620141350735,0.014408023878291777
coil20,ICL,0.15,100,512,1,0.1,100,0.5747916666666667,0.03484568328385194,0.7010624664209916,0.016614606932564085
coil20,ICL,0.8,100,512,1,0.11,50,0.5747569444444446,0.03247615682250405,0.674371361937082,0.015232821549756373
coil20,ICL,0.2,100,512,1,0.14,200,0.5747222222222222,0.030794833320855284,0.7152028758898736,0.012087493238256955
coil20,ICL,0.15,100,512,1,0.12,100,0.5747222222222222,0.030725851202184226,0.6957777655555815,0.012998374692691593
coil20,ICL,0.25,100,512,1,0.14,250,0.5746180555555556,0.030225071193076495,0.7061824956071958,0.011157284462442118
coil20,ICL,1.0,100,512,1,0.18,250,0.5745833333333332,0.028048507090396108,0.6929696424554476,0.01625857691347087
coil20,ICL,0.25,100,512,1,0.17,300,0.5745486111111111,0.034513452238463006,0.7088115669075445,0.018083839465706034
coil20,ICL,0.5,100,512,1,0.01,300,0.5745138888888888,0.020322558051110124,0.7082998962357926,0.012442185347170526
coil20,ICL,0.5,100,512,1,0.01,300,0.5745138888888888,0.020322558051110124,0.7082998962357926,0.012442185347170526
coil20,ICL,0.25,100,512,1,0.15,150,0.5744791666666667,0.02520735286584226,0.703654021289578,0.015628995900263357
coil20,ICL,0.55,100,512,1,0.14,300,0.5744097222222223,0.033975494839872424,0.7161410694064062,0.016397974941825887
coil20,ICL,1.0,100,512,1,0.12,250,0.5743402777777777,0.03218469063611755,0.7013209278317621,0.011806146458694076
coil20,ICL,0.95,100,512,1,0.2,300,0.5743402777777777,0.025486655118323605,0.6965748524619864,0.009858743462612668
coil20,ICL,0.5,100,512,1,0.16,300,0.5742361111111111,0.028481451756113187,0.714971532087824,0.012068822140536629
coil20,ICL,0.5,100,512,1,0.16,300,0.5742361111111111,0.028481451756113187,0.714971532087824,0.012068822140536629
coil20,ICL,0.9,100,512,1,0.12,200,0.5742013888888888,0.03136881348554231,0.7045862531438546,0.014467287247659938
coil20,ICL,0.65,100,512,1,0.15,300,0.5741666666666666,0.04861339280359419,0.7065381170832358,0.020319872151924247
coil20,ICL,0.35,100,512,1,0.01,100,0.5741319444444445,0.01989298505887112,0.6777665056500161,0.00726319200873623
coil20,ICL,0.35,100,512,1,0.01,150,0.5741319444444444,0.01949382989397376,0.6889605491503322,0.009487342179572618
coil20,ICL,0.95,100,512,1,0.11,100,0.5740277777777778,0.0384030917206376,0.7046282234787677,0.0131589295391676
coil20,ICL,0.2,100,512,1,0.17,150,0.5739236111111111,0.02454885667015327,0.708516537193103,0.011071510517202865
coil20,ICL,0.25,100,512,1,0.06,250,0.5738888888888889,0.04554750945204305,0.7096177253256533,0.02561010749774896
coil20,ICL,0.1,100,512,1,0.17,300,0.5738541666666667,0.02562704655332517,0.7088586989091588,0.014961592186135488
coil20,ICL,0.1,100,512,1,0.17,300,0.5738541666666667,0.02562704655332517,0.7088586989091588,0.014961592186135488
coil20,ICL,0.5,100,512,1,0.01,150,0.5737847222222222,0.019866300555522305,0.6887918159378131,0.010587902023477608
coil20,ICL,0.5,100,512,1,0.01,150,0.5737847222222222,0.019866300555522305,0.6887918159378131,0.010587902023477608
coil20,ICL,0.75,100,512,1,0.07,50,0.5736805555555555,0.024606176612166623,0.6916402407039971,0.009539740738074313
coil20,ICL,0.15,100,512,1,0.15,100,0.5736805555555555,0.02602907102799188,0.6856291428553477,0.010485611099567058
coil20,ICL,0.7,100,512,1,0.06,50,0.5736458333333333,0.027038312830598515,0.6735523969907293,0.012369516909594369
coil20,ICL,0.45,100,512,1,0.2,200,0.5735763888888888,0.042226262484872594,0.6838770031367739,0.01325396954726229
coil20,ICL,0.85,100,512,1,0.15,300,0.5734027777777778,0.02271597730673281,0.708133597904209,0.011702567504014697
coil20,ICL,0.4,100,512,1,0.15,200,0.5734027777777777,0.03593446377404838,0.6962408943457248,0.013965879537530403
coil20,ICL,0.8,100,512,1,0.03,300,0.5733680555555556,0.034928053118888934,0.729094068713201,0.015607837543702001
coil20,ICL,0.75,100,512,1,0.09,50,0.5733680555555555,0.033878837164797865,0.6704520658655146,0.015090373278718752
coil20,ICL,0.1,100,512,1,0.17,250,0.5732986111111111,0.03182759046874735,0.7082705967312571,0.014981172141781048
coil20,ICL,0.1,100,512,1,0.17,250,0.5732986111111111,0.03182759046874735,0.7082705967312571,0.014981172141781048
coil20,ICL,0.1,100,512,1,0.06,50,0.573125,0.028889306220276207,0.6939996637596143,0.014365358308913426
coil20,ICL,0.1,100,512,1,0.06,50,0.573125,0.028889306220276207,0.6939996637596143,0.014365358308913426
coil20,ICL,0.95,100,512,1,0.07,50,0.5730902777777778,0.02780196429661041,0.6869511178036568,0.013553998866632087
coil20,ICL,0.35,100,512,1,0.06,100,0.5730902777777777,0.04112956781172919,0.6907696700062707,0.017730488891139207
coil20,ICL,0.95,100,512,1,0.08,200,0.5730208333333333,0.0252746058373119,0.6969229225675277,0.01407031468007565
coil20,ICL,0.1,100,512,1,0.16,200,0.572951388888889,0.0271104520568232,0.7188176618873852,0.01609514720029152
coil20,ICL,0.1,100,512,1,0.16,200,0.572951388888889,0.0271104520568232,0.7188176618873852,0.01609514720029152
coil20,ICL,1.0,100,512,1,0.08,200,0.5729166666666667,0.02543696062915893,0.7142012439074907,0.015168284707568347
coil20,ICL,0.55,100,512,1,0.11,100,0.5728819444444445,0.03455339162905701,0.6953428027662,0.016656858887777976
coil20,ICL,0.45,100,512,1,0.03,50,0.5726736111111111,0.025280329350768616,0.6727577869889827,0.014191947078738167
coil20,ICL,0.55,100,512,1,0.01,100,0.5726388888888888,0.026632102889576473,0.6717805012766993,0.010355572118260664
coil20,ICL,0.95,100,512,1,0.05,100,0.5722916666666668,0.022284959184710153,0.701374319149495,0.014465916669457289
coil20,ICL,0.3,100,512,1,0.03,100,0.5722916666666666,0.027676813037961424,0.6987471856659295,0.01240408371922302
coil20,ICL,0.9,100,512,1,0.1,100,0.5722222222222223,0.043093061621060795,0.6954196268260535,0.01617105312895234
coil20,ICL,0.65,100,512,1,0.15,250,0.5721527777777777,0.025767445097483986,0.6961041141266822,0.0114488509316698
coil20,ICL,0.15,100,512,1,0.2,200,0.5719444444444445,0.029542388200977987,0.6993051319912403,0.015827497401145623
coil20,ICL,0.4,100,512,1,0.02,100,0.571875,0.02662676050517599,0.6890165052675127,0.010003949047421107
coil20,ICL,0.3,100,512,1,0.16,250,0.5717708333333333,0.025022438811167905,0.6928205330927141,0.012195899017734617
coil20,ICL,0.3,100,512,1,0.06,100,0.5717013888888889,0.022082760081658145,0.682201601060679,0.012301096272694158
coil20,ICL,0.55,100,512,1,0.14,250,0.5716666666666667,0.03325410143644959,0.7036151016432892,0.014022403851232549
coil20,ICL,0.55,100,512,1,0.03,150,0.5716319444444444,0.01807327522592337,0.7142237855875888,0.00963042508782902
coil20,ICL,0.55,100,512,1,0.13,50,0.5715277777777777,0.03381595065229601,0.7006124078029355,0.014873103738876455
coil20,ICL,0.2,100,512,1,0.18,100,0.5714930555555555,0.030620570824837497,0.6809644405583191,0.015933992273945253
coil20,ICL,0.6,100,512,1,0.16,200,0.5714236111111112,0.028548572258683267,0.7093054717831481,0.012626152549521659
coil20,ICL,0.6,100,512,1,0.12,150,0.5714236111111111,0.031038073835081573,0.7086465991772767,0.0153214872154639
coil20,ICL,0.6,100,512,1,0.01,150,0.5713541666666667,0.021984267443931272,0.6787403948303932,0.008247429162228948
coil20,ICL,0.5,100,512,1,0.15,150,0.5713194444444444,0.03756623522953808,0.7084704828798011,0.016557309137115627
coil20,ICL,0.5,100,512,1,0.15,150,0.5713194444444444,0.03756623522953808,0.7084704828798011,0.016557309137115627
coil20,ICL,0.5,100,512,1,0.13,150,0.5712847222222222,0.027381086722554022,0.6843353830163118,0.012838308397307246
coil20,ICL,0.5,100,512,1,0.13,150,0.5712847222222222,0.027381086722554022,0.6843353830163118,0.012838308397307246
coil20,ICL,0.65,100,512,1,0.13,250,0.5712152777777778,0.035361800502793715,0.6965843099151369,0.01599294153134984
coil20,ICL,0.6,100,512,1,0.01,100,0.5711111111111111,0.017534412813551784,0.6677588004395192,0.009557281490788256
coil20,ICL,0.6,100,512,1,0.09,150,0.5710763888888888,0.026659137934611964,0.717731131668973,0.013001756626329667
coil20,ICL,1.0,100,512,1,0.02,50,0.5710069444444444,0.025326642139915298,0.6981398110339392,0.010450791060883141
coil20,ICL,0.9,100,512,1,0.15,250,0.5708680555555555,0.0369549346792152,0.7104182169871945,0.011538776192719383
coil20,ICL,0.5,100,512,1,0.12,150,0.5707638888888888,0.026836392021439746,0.6647947103430756,0.01262093299998409
coil20,ICL,0.5,100,512,1,0.12,150,0.5707638888888888,0.026836392021439746,0.6647947103430756,0.01262093299998409
coil20,ICL,0.7,100,512,1,0.13,100,0.5707291666666668,0.031801669916699984,0.6766360836636688,0.012706651966605866
coil20,ICL,0.9,100,512,1,0.12,150,0.5706944444444444,0.02714167505316056,0.6973734780407363,0.011201077353446161
coil20,ICL,0.5,100,512,1,0.02,300,0.5705902777777777,0.027563649509917142,0.7192175513906842,0.010030479569404388
coil20,ICL,0.5,100,512,1,0.02,300,0.5705902777777777,0.027563649509917142,0.7192175513906842,0.010030479569404388
coil20,ICL,1.0,100,512,1,0.15,300,0.5705208333333334,0.03859354304063068,0.6894366572916047,0.0172779200629082
coil20,ICL,0.6,100,512,1,0.14,250,0.5704166666666666,0.032243018911363094,0.7033360209112962,0.01948088411053683
coil20,ICL,0.45,100,512,1,0.17,200,0.5703819444444445,0.04010215242656966,0.6827981073204908,0.019316908979495933
coil20,ICL,0.4,100,512,1,0.13,150,0.5702777777777778,0.029463273591723325,0.6997192900084034,0.01492986501809699
coil20,ICL,0.75,100,512,1,0.1,100,0.5702430555555555,0.03596476421507998,0.6918817726244539,0.01874835358345348
coil20,ICL,0.9,100,512,1,0.15,200,0.5702083333333334,0.03377164086703297,0.7036467247911762,0.013590164872070218
coil20,ICL,0.9,100,512,1,0.18,250,0.5702083333333333,0.02671030500609303,0.6938857593041747,0.011430698901477998
coil20,ICL,0.35,100,512,1,0.01,250,0.5700694444444444,0.028061828919084205,0.7004896625535527,0.012258770419518061
coil20,ICL,0.2,100,512,1,0.11,50,0.5700347222222223,0.03525854886595186,0.6830332753038227,0.014283278314728141
coil20,ICL,0.5,100,512,1,0.14,150,0.5699652777777777,0.023846735863480205,0.6811855803175895,0.01517597282850327
coil20,ICL,0.5,100,512,1,0.14,150,0.5699652777777777,0.023846735863480205,0.6811855803175895,0.01517597282850327
coil20,ICL,0.3,100,512,1,0.03,50,0.5699305555555556,0.03431082674302856,0.683733477545701,0.014153170278458452
coil20,ICL,0.1,100,512,1,0.18,100,0.5698958333333334,0.02987102144978816,0.6817405917568806,0.013699703723951984
coil20,ICL,0.1,100,512,1,0.18,100,0.5698958333333334,0.02987102144978816,0.6817405917568806,0.013699703723951984
coil20,ICL,0.2,100,512,1,0.03,150,0.5698263888888889,0.034913000199746955,0.7101034427065506,0.014142595356602105
coil20,ICL,0.55,100,512,1,0.02,300,0.5697569444444444,0.027154886782260888,0.7176551826535994,0.013839071890355117
coil20,ICL,0.4,100,512,1,0.07,50,0.5697569444444444,0.03171906833295224,0.70776177849102,0.012981458701828935
coil20,ICL,1.0,100,512,1,0.14,200,0.5697222222222222,0.029001183990304706,0.7072287505717554,0.012334205536446352
coil20,ICL,0.85,100,512,1,0.01,250,0.5695138888888889,0.025610693085284564,0.6994695100789561,0.01246447417946122
coil20,ICL,0.45,100,512,1,0.11,150,0.5694444444444444,0.027103802805938684,0.7000899871305175,0.010364931332563502
coil20,ICL,1.0,100,512,1,0.2,100,0.5693402777777778,0.03034593103660514,0.6902344524000338,0.01261195756538595
coil20,ICL,0.4,100,512,1,0.11,200,0.5693402777777777,0.03498668383700424,0.7072143330163165,0.010098957646163588
coil20,ICL,0.55,100,512,1,0.1,200,0.5693055555555556,0.03471916653221038,0.7015579154074356,0.01681298632662001
coil20,ICL,0.75,100,512,1,0.14,250,0.5693055555555555,0.041668749947919276,0.6908872104502402,0.01858021263965886
coil20,ICL,0.1,100,512,1,0.01,50,0.5692013888888889,0.02509460783130094,0.6766779493637279,0.01560757117749404
coil20,ICL,0.1,100,512,1,0.01,50,0.5692013888888889,0.02509460783130094,0.6766779493637279,0.01560757117749404
coil20,ICL,1.0,100,512,1,0.19,200,0.5689583333333333,0.039576692912793754,0.7059013255386277,0.018742572717766436
coil20,ICL,0.1,100,512,1,0.12,50,0.5688888888888889,0.022577028640240106,0.6597995007129939,0.01604844582388662
coil20,ICL,0.1,100,512,1,0.12,50,0.5688888888888889,0.022577028640240106,0.6597995007129939,0.01604844582388662
coil20,ICL,0.3,100,512,1,0.17,250,0.5688194444444445,0.033690863256605766,0.6920620952494361,0.014337476028431398
coil20,ICL,0.3,100,512,1,0.05,150,0.5687847222222222,0.04051443584649645,0.7023618262229301,0.015379058476727886
coil20,ICL,0.4,100,512,1,0.13,250,0.5687500000000001,0.029821517678794728,0.7103438677146633,0.012277438299539232
coil20,ICL,0.4,100,512,1,0.17,250,0.56875,0.03189383067593457,0.6824190743509946,0.012974009789460922
coil20,ICL,0.25,100,512,1,0.16,200,0.5687152777777779,0.02089167179120623,0.6904063880334383,0.012450456756920247
coil20,ICL,0.4,100,512,1,0.16,200,0.5686458333333333,0.02055165480067959,0.6788547618087166,0.014174616387284815
coil20,ICL,0.4,100,512,1,0.15,150,0.568576388888889,0.030036528526287694,0.6759575072178019,0.012226094891579985
coil20,ICL,1.0,100,512,1,0.19,150,0.5685416666666666,0.03173322379280035,0.6913438897522466,0.01701865084311529
coil20,ICL,1.0,100,512,1,0.17,200,0.5685069444444444,0.03202832811876594,0.6944303553091407,0.020845106571724704
coil20,ICL,0.35,100,512,1,0.08,100,0.5684375,0.028226817587104613,0.6882748711167169,0.014467501135038245
coil20,ICL,0.15,100,512,1,0.14,50,0.5682291666666666,0.025835643377899446,0.6742439939665241,0.013250433788264824
coil20,ICL,0.3,100,512,1,0.15,100,0.5681944444444446,0.022787514856458867,0.6805114885065662,0.009858124945266337
coil20,ICL,0.65,100,512,1,0.01,50,0.5681944444444444,0.01970387448582352,0.6740930955943216,0.009990423750161964
coil20,ICL,0.6,100,512,1,0.2,150,0.5681944444444443,0.03250459962703094,0.6779236533353754,0.015373821045492455
coil20,ICL,0.6,100,512,1,0.03,100,0.568125,0.03308493967086371,0.7230986379053922,0.015881642826042073
coil20,ICL,0.5,100,512,1,0.1,100,0.5680555555555556,0.026662506909354164,0.6991873224342184,0.009221096381238327
coil20,ICL,0.5,100,512,1,0.1,100,0.5680555555555556,0.026662506909354164,0.6991873224342184,0.009221096381238327
coil20,ICL,0.85,100,512,1,0.19,200,0.5679861111111111,0.029462700708263186,0.6895303206331432,0.014212672974217393
coil20,ICL,0.55,100,512,1,0.11,150,0.5679513888888889,0.03288124779269062,0.7069124956063426,0.01414891296426928
coil20,ICL,0.5,100,512,1,0.17,300,0.5679513888888887,0.034421107545747655,0.7033804324524615,0.017899543940993093
coil20,ICL,0.5,100,512,1,0.17,300,0.5679513888888887,0.034421107545747655,0.7033804324524615,0.017899543940993093
coil20,ICL,0.4,100,512,1,0.15,50,0.5679166666666667,0.02035516056749233,0.6536164615128872,0.01324246908370004
coil20,ICL,0.75,100,512,1,0.01,200,0.5678819444444445,0.02580295686442798,0.6947119680321189,0.011246918892573364
coil20,ICL,0.3,100,512,1,0.05,50,0.5678125,0.030709268510560512,0.6836136144943559,0.01398338502180339
coil20,ICL,0.1,100,512,1,0.17,200,0.5678124999999999,0.027916558699348996,0.7088390732484063,0.011194398204862009
coil20,ICL,0.1,100,512,1,0.17,200,0.5678124999999999,0.027916558699348996,0.7088390732484063,0.011194398204862009
coil20,ICL,0.3,100,512,1,0.17,200,0.5677777777777776,0.02402055125753882,0.6875850812302529,0.012885738791235791
coil20,ICL,0.1,100,512,1,0.11,300,0.5677083333333333,0.02524140774844892,0.7124053217293269,0.01418059875066854
coil20,ICL,0.1,100,512,1,0.11,300,0.5677083333333333,0.02524140774844892,0.7124053217293269,0.01418059875066854
coil20,ICL,0.45,100,512,1,0.19,250,0.5676736111111111,0.04420370727969,0.7029472770567056,0.01559857343965967
coil20,ICL,0.4,100,512,1,0.14,150,0.567673611111111,0.029331112967049208,0.7061778528027939,0.01259114549501119
coil20,ICL,0.3,100,512,1,0.19,150,0.567673611111111,0.02520888333498556,0.6797602438455759,0.013903005795122967
coil20,ICL,0.7,100,512,1,0.2,250,0.5675347222222221,0.022777222003720954,0.7085968171020751,0.016691715603780716
coil20,ICL,0.15,100,512,1,0.16,200,0.5674652777777778,0.03829738337913273,0.7108273799571584,0.01852952391696448
coil20,ICL,0.25,100,512,1,0.17,250,0.5673958333333334,0.03666540073046125,0.696887221363333,0.011167277974252585
coil20,ICL,1.0,100,512,1,0.2,150,0.5673611111111112,0.02075448040279793,0.6956919487260802,0.011578291148260277
coil20,ICL,0.5,100,512,1,0.02,250,0.5672569444444445,0.0268349319097674,0.7153916156591884,0.01228529333064824
coil20,ICL,0.5,100,512,1,0.02,250,0.5672569444444445,0.0268349319097674,0.7153916156591884,0.01228529333064824
coil20,ICL,0.8,100,512,1,0.13,200,0.5672569444444445,0.018069272300401288,0.6796061685388644,0.010508335222919041
coil20,ICL,0.15,100,512,1,0.03,100,0.5671180555555556,0.03112960992064835,0.7002739973697449,0.015217617086897724
coil20,ICL,0.9,100,512,1,0.08,50,0.5670833333333334,0.030259296092275505,0.7015959359060883,0.011643922732037898
coil20,ICL,0.65,100,512,1,0.14,300,0.567048611111111,0.028698688611315668,0.7020345155502483,0.011066850045952398
coil20,ICL,0.4,100,512,1,0.14,100,0.5670138888888888,0.02757871380697283,0.6997617391634752,0.01416884976275871
coil20,ICL,0.75,100,512,1,0.12,200,0.5670138888888888,0.035041930901368666,0.6959978078471483,0.012669378331888904
coil20,ICL,0.6,100,512,1,0.01,200,0.5669791666666667,0.03563486367131853,0.6907384654312497,0.019642241588579943
coil20,ICL,0.4,100,512,1,0.17,100,0.5669791666666667,0.03241387790894017,0.6661267403081756,0.016821679861909085
coil20,ICL,0.35,100,512,1,0.15,50,0.5669791666666667,0.0292479645738462,0.6488646859887287,0.010811148187820419
coil20,ICL,0.85,100,512,1,0.16,250,0.5669097222222224,0.03545359934342803,0.6955516024095448,0.01345488487879887
coil20,ICL,1.0,100,512,1,0.17,150,0.5669097222222221,0.029893615222914716,0.6976163881371714,0.017911125303922377
coil20,ICL,1.0,100,512,1,0.2,200,0.5668749999999999,0.040386646449287585,0.7003049209993877,0.01975423289374644
coil20,ICL,0.8,100,512,1,0.03,150,0.5668402777777778,0.03337878483995449,0.7147073933734434,0.014803027766733779
coil20,ICL,0.2,100,512,1,0.14,250,0.5667708333333334,0.03260952801736683,0.7209406356291951,0.0155575994440186
coil20,ICL,1.0,100,512,1,0.16,300,0.5667708333333333,0.03398330072269702,0.6938750709128871,0.017266214857660743
coil20,ICL,0.1,100,512,1,0.19,100,0.5667361111111111,0.029073014326640396,0.6812703431864302,0.012718506810304096
coil20,ICL,0.1,100,512,1,0.19,100,0.5667361111111111,0.029073014326640396,0.6812703431864302,0.012718506810304096
coil20,ICL,0.2,100,512,1,0.12,150,0.566701388888889,0.03280430526712373,0.7046798682198006,0.01446336566278788
coil20,ICL,0.6,100,512,1,0.11,100,0.5666666666666667,0.02478495474035572,0.7150414776882975,0.010869808505839858
coil20,ICL,0.85,100,512,1,0.16,300,0.5666666666666667,0.02155576138217883,0.70052841232044,0.012398866191696495
coil20,ICL,0.8,100,512,1,0.09,50,0.5665625000000001,0.036379395363606654,0.6875811352254536,0.009516707976679646
coil20,ICL,0.7,100,512,1,0.05,50,0.5665625000000001,0.02003839269285248,0.6785118957754457,0.012436018457257348
coil20,ICL,0.45,100,512,1,0.13,150,0.5665277777777777,0.031222673237153695,0.6994205066334898,0.01377304227470505
coil20,ICL,0.8,100,512,1,0.01,200,0.5664930555555556,0.029911033044051582,0.6808216279579338,0.01516193853880684
coil20,ICL,0.15,100,512,1,0.06,50,0.5664930555555555,0.029780960747950825,0.7112497632436052,0.011964549118016445
coil20,ICL,0.7,100,512,1,0.17,300,0.5663888888888888,0.04070202811399688,0.6988384935355242,0.014083551826783966
coil20,ICL,0.1,100,512,1,0.11,50,0.5663541666666666,0.03393444896819,0.6811725264263588,0.014632043908204643
coil20,ICL,0.1,100,512,1,0.11,50,0.5663541666666666,0.03393444896819,0.6811725264263588,0.014632043908204643
coil20,ICL,0.45,100,512,1,0.19,300,0.5663194444444444,0.03954890071594286,0.7072338734623003,0.013778344982220527
coil20,ICL,0.55,100,512,1,0.2,250,0.5662152777777777,0.043304764331557444,0.7003167406360544,0.01668013061017083
coil20,ICL,0.9,100,512,1,0.18,300,0.5660763888888889,0.02455455295055994,0.7012016052432564,0.011466955002308292
coil20,ICL,0.35,100,512,1,0.19,200,0.5660416666666667,0.022735924454538217,0.681109856589182,0.010797626268573257
coil20,ICL,0.8,100,512,1,0.14,300,0.5660069444444444,0.03180030509185697,0.7118936181487537,0.013365264797171887
coil20,ICL,0.6,100,512,1,0.16,150,0.5659722222222222,0.022873486254980688,0.6931390517316591,0.01217617859676264
coil20,ICL,0.2,100,512,1,0.1,50,0.5659722222222221,0.02160380839197194,0.6658282624698816,0.009221780355395129
coil20,ICL,0.7,100,512,1,0.12,100,0.5659375,0.041149261460565724,0.6883178290607644,0.01390112835159614
coil20,ICL,0.9,100,512,1,0.1,50,0.5658680555555555,0.029652269544174353,0.6792004559543392,0.01272020346536967
coil20,ICL,0.1,100,512,1,0.16,150,0.5657986111111112,0.025257045641809913,0.6917668062930328,0.01282013024340025
coil20,ICL,0.1,100,512,1,0.16,150,0.5657986111111112,0.025257045641809913,0.6917668062930328,0.01282013024340025
coil20,ICL,0.5,100,512,1,0.14,200,0.5657638888888888,0.03285984605905346,0.6945596741708748,0.017049894667404576
coil20,ICL,0.5,100,512,1,0.14,200,0.5657638888888888,0.03285984605905346,0.6945596741708748,0.017049894667404576
coil20,ICL,0.3,100,512,1,0.16,200,0.5656944444444445,0.02349481161532278,0.6905613356341876,0.007612093457846836
coil20,ICL,0.75,100,512,1,0.19,200,0.5656944444444443,0.024829083964049654,0.6817363052396493,0.017818299952450233
coil20,ICL,0.25,100,512,1,0.15,100,0.5655902777777778,0.025046710798753997,0.679956788782757,0.011630825030723005
coil20,ICL,0.6,100,512,1,0.1,50,0.5655208333333334,0.036703392671043576,0.6999160057391002,0.015799961514122156
coil20,ICL,0.65,100,512,1,0.15,200,0.5654513888888889,0.027459877963354928,0.679790890851412,0.012602453819586898
coil20,ICL,1.0,100,512,1,0.12,200,0.5654513888888888,0.03426988347214569,0.6929256317314242,0.008242449217164148
coil20,ICL,0.8,100,512,1,0.03,200,0.5654166666666667,0.02790906474717001,0.7187694716535395,0.010287800664887997
coil20,ICL,0.35,100,512,1,0.13,150,0.5654166666666666,0.03308982234150847,0.7093833662408965,0.013512788951872268
coil20,ICL,0.95,100,512,1,0.14,150,0.5653819444444446,0.027111163585730194,0.6936544824908429,0.011459736910030341
coil20,ICL,0.35,100,512,1,0.18,200,0.5653472222222222,0.028630067210134,0.6861390992311669,0.012108247147965212
coil20,ICL,0.25,100,512,1,0.02,50,0.5653125000000001,0.021366414734965332,0.6702970546737039,0.014210232135965846
coil20,ICL,1.0,100,512,1,0.01,250,0.5652083333333332,0.0243123998300009,0.6863750373622864,0.010511811123582937
coil20,ICL,0.75,100,512,1,0.13,150,0.5651041666666667,0.02444491299266856,0.6949621114635381,0.012238112739851011
coil20,ICL,0.5,100,512,1,0.08,50,0.5650347222222223,0.027606481384432394,0.6945051941361802,0.01604895252803219
coil20,ICL,0.5,100,512,1,0.08,50,0.5650347222222223,0.027606481384432394,0.6945051941361802,0.01604895252803219
coil20,ICL,0.2,100,512,1,0.12,100,0.5649305555555556,0.035395895325082506,0.6944135162564391,0.012879128002367483
coil20,ICL,0.85,100,512,1,0.17,250,0.5645833333333334,0.031143336484831034,0.6979563744561208,0.014027912382685812
coil20,ICL,0.2,100,512,1,0.13,50,0.564513888888889,0.03207243381476481,0.639524136813016,0.015183838520338432
coil20,ICL,0.25,100,512,1,0.19,250,0.5643055555555556,0.03134045550458014,0.7017033773366284,0.012681538181629926
coil20,ICL,0.55,100,512,1,0.02,250,0.5642708333333333,0.02329286648834419,0.7029550965724828,0.00749553303615744
coil20,ICL,0.7,100,512,1,0.15,250,0.564201388888889,0.03281385946625279,0.7179628249296197,0.01717873971066057
coil20,ICL,0.65,100,512,1,0.12,100,0.5641319444444445,0.029377770259443905,0.6736195800851,0.01208295022721435
coil20,ICL,0.9,100,512,1,0.03,50,0.5640277777777778,0.025895981384219665,0.6991787054193059,0.011935152257741288
coil20,ICL,0.9,100,512,1,0.15,100,0.5640277777777778,0.0367298750220553,0.6762806572460797,0.016444302624955623
coil20,ICL,0.35,100,512,1,0.01,200,0.5639930555555555,0.027600366614748413,0.6935923534285011,0.011686726188102146
coil20,ICL,0.25,100,512,1,0.17,200,0.5639236111111111,0.034410037558819696,0.6876383590415928,0.013219528635514162
coil20,ICL,0.95,100,512,1,0.2,250,0.5637847222222223,0.035002531737136654,0.6969938255591955,0.01994954443552825
coil20,ICL,0.9,100,512,1,0.2,200,0.5636805555555557,0.02651841385053314,0.6884708889881663,0.013261075532970576
coil20,ICL,0.65,100,512,1,0.05,50,0.5636458333333333,0.02688251312581985,0.6663609796277468,0.010833627504924424
coil20,ICL,0.6,100,512,1,0.05,50,0.5636111111111111,0.03317555250407469,0.6716771108375948,0.0110203951356907
coil20,ICL,0.15,100,512,1,0.03,50,0.5635416666666667,0.031003269814610376,0.6763515909218256,0.01628710040017434
coil20,ICL,0.1,100,512,1,0.15,100,0.5635069444444445,0.03889662311483677,0.7019821869739382,0.018626763861448323
coil20,ICL,0.1,100,512,1,0.15,100,0.5635069444444445,0.03889662311483677,0.7019821869739382,0.018626763861448323
coil20,ICL,0.4,100,512,1,0.17,200,0.5632986111111111,0.023226311898986725,0.6822913320231707,0.012954298275304723
coil20,ICL,0.1,100,512,1,0.17,150,0.5631944444444444,0.029452959984555913,0.7042160848412515,0.014843340304582935
coil20,ICL,0.1,100,512,1,0.17,150,0.5631944444444444,0.029452959984555913,0.7042160848412515,0.014843340304582935
coil20,ICL,0.2,100,512,1,0.17,100,0.5630555555555555,0.031221128638420324,0.7000752879863384,0.01260223548374562
coil20,ICL,0.4,100,512,1,0.03,100,0.5630555555555555,0.04772586811839383,0.6861359304744468,0.01697232944875236
coil20,ICL,0.25,100,512,1,0.06,200,0.5628472222222223,0.036435839621869796,0.7103570271196409,0.015960093425934404
coil20,ICL,0.15,100,512,1,0.16,250,0.5627777777777777,0.02712105634983387,0.7157881938541102,0.015474460685671548
coil20,ICL,0.5,100,512,1,0.19,250,0.5626388888888888,0.02935176057352322,0.7073518221486097,0.015043562071168528
coil20,ICL,0.5,100,512,1,0.19,250,0.5626388888888888,0.02935176057352322,0.7073518221486097,0.015043562071168528
coil20,ICL,0.1,100,512,1,0.13,50,0.5626388888888888,0.031126763175802086,0.6779607647531658,0.014863139309157484
coil20,ICL,0.1,100,512,1,0.13,50,0.5626388888888888,0.031126763175802086,0.6779607647531658,0.014863139309157484
coil20,ICL,0.65,100,512,1,0.16,300,0.5626041666666666,0.03152752921463446,0.7140074208750407,0.012865027998716827
coil20,ICL,0.25,100,512,1,0.17,100,0.5625347222222223,0.02741118778279372,0.6644664657156888,0.013982294985504996
coil20,ICL,0.2,100,512,1,0.14,150,0.5624652777777779,0.029107475487300975,0.7162677414925268,0.01257068713621149
coil20,ICL,0.6,100,512,1,0.08,50,0.5624652777777778,0.02572958839060586,0.6494453554955538,0.012487854612947803
coil20,ICL,0.85,100,512,1,0.18,300,0.5622569444444444,0.028789119755228094,0.7087476774291617,0.011533134713275191
coil20,ICL,0.9,100,512,1,0.14,300,0.5621875000000001,0.028696167898925692,0.7108313090179487,0.016472634469468384
coil20,ICL,0.35,100,512,1,0.18,250,0.5621875000000001,0.028052010055122895,0.6995939450695605,0.011793040176078878
coil20,ICL,0.7,100,512,1,0.15,200,0.5621875,0.02686654241740178,0.7051289432091985,0.0161682126196348
coil20,ICL,0.7,100,512,1,0.01,150,0.5621527777777778,0.024259380742557003,0.6770430536053104,0.00964679976769166
coil20,ICL,1.0,100,512,1,0.12,150,0.5621527777777777,0.030807437198319423,0.6900614394092732,0.013764378773221697
coil20,ICL,0.85,100,512,1,0.12,150,0.5621180555555556,0.031379726876973574,0.6876255253678105,0.016197947034374067
coil20,ICL,0.15,100,512,1,0.18,50,0.5620833333333335,0.029757086250148303,0.6642570293556603,0.009969396860612621
coil20,ICL,1.0,100,512,1,0.08,150,0.562048611111111,0.031461686570119225,0.6931693570526613,0.012577523490091044
coil20,ICL,0.55,100,512,1,0.14,200,0.5620138888888889,0.023040595045738896,0.6927901208741731,0.014365839491157273
coil20,ICL,0.7,100,512,1,0.19,200,0.5619791666666666,0.028413621096434163,0.7045226801241073,0.01570019459574632
coil20,ICL,0.55,100,512,1,0.03,100,0.5619097222222222,0.017194022331472797,0.7150687084837195,0.009041267597743406
coil20,ICL,0.55,100,512,1,0.15,300,0.5618055555555557,0.031054946823690133,0.6988662358029666,0.011743666217065034
coil20,ICL,0.75,100,512,1,0.01,300,0.5614930555555556,0.024835953868383415,0.7108277730712044,0.010978211858739559
coil20,ICL,0.7,100,512,1,0.17,150,0.5614930555555555,0.033815576296013075,0.6842820048794839,0.008588532110566871
coil20,ICL,0.55,100,512,1,0.18,300,0.5613888888888889,0.025866913658614592,0.6850107779206371,0.011990036501333469
coil20,ICL,0.85,100,512,1,0.17,200,0.5613194444444446,0.02446584054135606,0.6851526104677287,0.013258211086115987
coil20,ICL,0.1,100,512,1,0.14,100,0.5613194444444446,0.034779189379410345,0.6753550209992373,0.017710185404955885
coil20,ICL,0.1,100,512,1,0.14,100,0.5613194444444446,0.034779189379410345,0.6753550209992373,0.017710185404955885
coil20,ICL,0.4,100,512,1,0.17,50,0.56125,0.01925578115851682,0.6548339502604241,0.01094950812727522
coil20,ICL,1.0,100,512,1,0.01,50,0.5612152777777778,0.028653955077606756,0.6572850811744961,0.012350948707863452
coil20,ICL,0.55,100,512,1,0.19,200,0.5610763888888889,0.0310491034777929,0.6937078125372842,0.0138190310931614
coil20,ICL,1.0,100,512,1,0.14,150,0.5610069444444444,0.02442458453814744,0.6967356296941667,0.014203418680169408
coil20,ICL,0.5,100,512,1,0.19,300,0.5610069444444443,0.04136772098049845,0.7100212550824238,0.01599794978860979
coil20,ICL,0.5,100,512,1,0.19,300,0.5610069444444443,0.04136772098049845,0.7100212550824238,0.01599794978860979
coil20,ICL,0.7,100,512,1,0.17,200,0.5609722222222222,0.03179736672846036,0.6883208313329784,0.014252233616485685
coil20,ICL,0.95,100,512,1,0.13,300,0.5608680555555555,0.02663289510109723,0.6989796295036411,0.01627804025359346
coil20,ICL,0.5,100,512,1,0.2,300,0.5608333333333333,0.03803273849633844,0.7074050980177796,0.016557255711918652
coil20,ICL,0.5,100,512,1,0.2,300,0.5608333333333333,0.03803273849633844,0.7074050980177796,0.016557255711918652
coil20,ICL,1.0,100,512,1,0.08,100,0.5607638888888891,0.024884474589938282,0.6772848109000467,0.014923006397528709
coil20,ICL,0.8,100,512,1,0.13,250,0.5607638888888888,0.023301172445730677,0.6818152286215267,0.013914847973386444
coil20,ICL,0.1,100,512,1,0.09,50,0.5606597222222223,0.019387658897232336,0.6696974461710081,0.010871590152155776
coil20,ICL,0.1,100,512,1,0.09,50,0.5606597222222223,0.019387658897232336,0.6696974461710081,0.010871590152155776
coil20,ICL,0.25,100,512,1,0.03,150,0.560625,0.02715632969095696,0.7172496159143952,0.016939056242719817
coil20,ICL,0.55,100,512,1,0.08,50,0.5604513888888889,0.025437410895588174,0.6749125904660997,0.013083619420460046
coil20,ICL,0.7,100,512,1,0.11,150,0.5603819444444443,0.02984937996310978,0.6951972465112921,0.014081658480420969
coil20,ICL,0.1,100,512,1,0.13,150,0.5602430555555556,0.0317444486677456,0.7015762890458532,0.01537991607619849
coil20,ICL,0.1,100,512,1,0.13,150,0.5602430555555556,0.0317444486677456,0.7015762890458532,0.01537991607619849
coil20,ICL,0.95,100,512,1,0.03,100,0.5602430555555555,0.032326277001835255,0.692612305048958,0.011390306766084832
coil20,ICL,0.8,100,512,1,0.14,250,0.5601736111111111,0.03472796827455351,0.6998734592822073,0.011285291921673135
coil20,ICL,0.8,100,512,1,0.16,300,0.5600694444444445,0.03855230083524664,0.6903515950187753,0.01980636653925083
coil20,ICL,1.0,100,512,1,0.17,300,0.5599305555555555,0.036669099771966314,0.6994895764289432,0.019808727573017333
coil20,ICL,0.6,100,512,1,0.13,100,0.5598958333333334,0.02038389636687938,0.6801087349236973,0.013417919997763242
coil20,ICL,0.55,100,512,1,0.16,300,0.5596180555555557,0.03877293912326189,0.7005578013248728,0.017401153519269182
coil20,ICL,0.15,100,512,1,0.16,150,0.5596180555555554,0.027311428207351385,0.701097887553283,0.014239430068166792
coil20,ICL,0.75,100,512,1,0.19,150,0.5594097222222223,0.03188057851813913,0.6698574605296137,0.011659196316267424
coil20,ICL,0.35,100,512,1,0.13,100,0.559375,0.028350433973424138,0.7041190308189803,0.01600032578014144
coil20,ICL,0.95,100,512,1,0.16,300,0.5593055555555556,0.04356519610570341,0.6952207370044632,0.021160916758671454
coil20,ICL,0.85,100,512,1,0.1,100,0.5592708333333334,0.029443359355006096,0.6864528402867452,0.014690534263692665
coil20,ICL,0.85,100,512,1,0.16,200,0.559236111111111,0.035998823819091974,0.6921135282986647,0.016339712913731506
coil20,ICL,0.65,100,512,1,0.13,200,0.5592013888888889,0.023592593841756746,0.6867996428170429,0.010210100742282733
coil20,ICL,0.45,100,512,1,0.2,150,0.5592013888888888,0.036978677618049426,0.6627553855525514,0.014537376582680606
coil20,ICL,0.35,100,512,1,0.19,150,0.5591666666666666,0.02798757578190987,0.675278426180726,0.013607662898027994
coil20,ICL,0.55,100,512,1,0.17,300,0.5590972222222222,0.037742847924400774,0.6998785174194087,0.016466372479967295
coil20,ICL,0.25,100,512,1,0.06,300,0.5590972222222221,0.03454740715378482,0.7052916524065913,0.012677325447810205
coil20,ICL,0.75,100,512,1,0.01,150,0.5590624999999999,0.02931466666556118,0.6725285645416476,0.014276842803962901
coil20,ICL,0.2,100,512,1,0.2,100,0.5587500000000001,0.027647611688874058,0.6854745050132585,0.011353038258991779
coil20,ICL,0.2,100,512,1,0.14,100,0.5587152777777777,0.04091360861601636,0.709336561681854,0.014355543015081865
coil20,ICL,0.75,100,512,1,0.19,250,0.5587152777777776,0.03177299628338622,0.6901596398662463,0.01389526471272494
coil20,ICL,0.5,100,512,1,0.02,200,0.5585416666666666,0.01580543961097876,0.6981381258321603,0.008002574794622328
coil20,ICL,0.5,100,512,1,0.02,200,0.5585416666666666,0.01580543961097876,0.6981381258321603,0.008002574794622328
coil20,ICL,0.65,100,512,1,0.2,150,0.5585416666666666,0.026756485743105123,0.6759896091894648,0.009381674797333947
coil20,ICL,0.3,100,512,1,0.02,50,0.5585416666666666,0.017789302904821926,0.6565397579279612,0.010044631971730578
coil20,ICL,1.0,100,512,1,0.03,50,0.5585069444444445,0.0300260906029764,0.7003585067414011,0.008865736551160287
coil20,ICL,0.55,100,512,1,0.19,250,0.5584375,0.033189268395841964,0.7005217361414855,0.021242148109795626
coil20,ICL,0.85,100,512,1,0.01,200,0.5583680555555556,0.01591092555709231,0.6807650717219166,0.008508529526827565
coil20,ICL,0.65,100,512,1,0.19,300,0.558298611111111,0.03704486860197582,0.702690462018872,0.01214432704929082
coil20,ICL,0.2,100,512,1,0.05,100,0.558263888888889,0.0366189583353746,0.7215990924387407,0.018296240397064404
coil20,ICL,0.8,100,512,1,0.01,250,0.5582638888888888,0.01666362819525297,0.6913463698605146,0.010738336600548605
coil20,ICL,0.75,100,512,1,0.01,250,0.5580555555555555,0.02100898176530254,0.696332431524782,0.01113100471241826
coil20,ICL,0.35,100,512,1,0.06,50,0.5579861111111112,0.0333539432812285,0.6670444340414565,0.010597373963563146
coil20,ICL,0.5,100,512,1,0.16,250,0.5578124999999998,0.03433736365570418,0.7044081492728436,0.014594963768035266
coil20,ICL,0.5,100,512,1,0.16,250,0.5578124999999998,0.03433736365570418,0.7044081492728436,0.014594963768035266
coil20,ICL,0.95,100,512,1,0.12,150,0.5576388888888888,0.029318388448797257,0.6885108319173111,0.009911907234605935
coil20,ICL,0.3,100,512,1,0.17,100,0.5576388888888888,0.02008373674099223,0.6702069305588418,0.010251927509654882
coil20,ICL,0.35,100,512,1,0.14,150,0.5575347222222222,0.023430966167448653,0.6757430930147243,0.01289102691312604
coil20,ICL,0.85,100,512,1,0.11,100,0.5575,0.03314370250035592,0.683170789030391,0.015394584915801163
coil20,ICL,0.7,100,512,1,0.17,250,0.5574652777777778,0.03772302187317218,0.6867696707403704,0.016129496856362543
coil20,ICL,0.25,100,512,1,0.16,150,0.5571527777777777,0.01971305048864587,0.6768910080291465,0.012714069667987398
coil20,ICL,0.65,100,512,1,0.14,200,0.5571180555555555,0.0285879043896536,0.6794013100625824,0.01182614272650896
coil20,ICL,0.85,100,512,1,0.13,150,0.5570833333333334,0.03599915872645285,0.6726429356240649,0.011872593178263674
coil20,ICL,0.2,100,512,1,0.05,150,0.5570486111111111,0.02964088282759781,0.7172248826354316,0.015404029856804547
coil20,ICL,0.8,100,512,1,0.03,100,0.5569097222222222,0.033856196520342836,0.7088704036337109,0.015173762592050478
coil20,ICL,0.85,100,512,1,0.13,100,0.5568749999999999,0.028728437297700356,0.6579128301476008,0.011506388030694014
coil20,ICL,0.35,100,512,1,0.2,300,0.5568055555555556,0.02670010201349171,0.6776352860960468,0.009934693356005449
coil20,ICL,0.4,100,512,1,0.02,50,0.5567361111111112,0.012360525891265382,0.6651822216352099,0.007618303421490217
coil20,ICL,0.9,100,512,1,0.16,250,0.5567361111111111,0.02924023459968207,0.6720438094163006,0.012764024096930093
coil20,ICL,0.4,100,512,1,0.18,150,0.5566666666666666,0.03414478183475787,0.6592380270083569,0.018436282708198738
coil20,ICL,0.9,100,512,1,0.12,100,0.5564930555555555,0.034807724587686314,0.6763038011753538,0.019015719731674274
coil20,ICL,0.3,100,512,1,0.2,50,0.5564236111111112,0.027494102727664765,0.6827729159181619,0.008958682358634345
coil20,ICL,0.5,100,512,1,0.09,50,0.5564236111111109,0.017155553925140253,0.6600450416589166,0.008934306806386932
coil20,ICL,0.5,100,512,1,0.09,50,0.5564236111111109,0.017155553925140253,0.6600450416589166,0.008934306806386932
coil20,ICL,1.0,100,512,1,0.01,200,0.5563888888888889,0.019136449610722032,0.6746726786706946,0.010428527749354145
coil20,ICL,0.8,100,512,1,0.01,300,0.5563541666666667,0.02541920429803146,0.6954901308707788,0.009455663537472223
coil20,ICL,0.3,100,512,1,0.15,50,0.5563194444444445,0.02987717591125539,0.6498646850769177,0.011185926067535195
coil20,ICL,0.4,100,512,1,0.18,200,0.5563194444444444,0.03040992758931948,0.6743774700446429,0.013873070017867485
coil20,ICL,0.6,100,512,1,0.16,100,0.55625,0.03027252120526893,0.6722623357830345,0.012843123640687848
coil20,ICL,1.0,100,512,1,0.15,250,0.5562152777777778,0.026709018560286034,0.6822202079012736,0.01484794370397294
coil20,ICL,0.2,100,512,1,0.01,50,0.5562152777777778,0.025080382924486812,0.6544884921693206,0.010432731580761533
coil20,ICL,0.45,100,512,1,0.14,50,0.5561805555555557,0.022994291931254452,0.6548928914393135,0.012536524930285406
coil20,ICL,0.9,100,512,1,0.16,100,0.556111111111111,0.0229855866002594,0.6536604931480169,0.011844075165027059
coil20,ICL,0.7,100,512,1,0.18,250,0.5560416666666667,0.027624664821160844,0.7085825689394245,0.017805420671135108
coil20,ICL,1.0,100,512,1,0.16,250,0.5559722222222223,0.03090113915755482,0.6838175365664558,0.016766161089926457
coil20,ICL,0.6,100,512,1,0.04,50,0.5559375,0.023278369249645464,0.6976746723428737,0.012662928134307532
coil20,ICL,0.95,100,512,1,0.19,300,0.5558333333333334,0.023976341863090837,0.6930053633515773,0.010146179395761748
coil20,ICL,1.0,100,512,1,0.01,150,0.5558333333333334,0.028633014808731493,0.6699295047114211,0.012023062892382483
coil20,ICL,1.0,100,512,1,0.19,100,0.5557638888888888,0.036462698151418824,0.6892987228835036,0.015161052717946393
coil20,ICL,0.65,100,512,1,0.14,250,0.5557638888888888,0.02095807561876746,0.6889796487132885,0.0084989830712963
coil20,ICL,0.3,100,512,1,0.18,300,0.5557291666666667,0.024102199894151865,0.6755287244154953,0.012905379038019244
coil20,ICL,0.95,100,512,1,0.14,100,0.5555902777777778,0.029540816963959347,0.6763277333734651,0.012096722680312718
coil20,ICL,0.85,100,512,1,0.01,150,0.5554861111111111,0.024113227153689562,0.6740757925022478,0.011732308405648397
coil20,ICL,0.7,100,512,1,0.18,150,0.5553819444444444,0.031121553152146042,0.69983890964872,0.011933900565655575
coil20,ICL,0.75,100,512,1,0.2,300,0.5552430555555556,0.04339720797595191,0.6956155118050459,0.02265734647399849
coil20,ICL,0.6,100,512,1,0.01,50,0.555138888888889,0.016497112074242676,0.6485053079863469,0.009563964810866542
coil20,ICL,0.9,100,512,1,0.17,150,0.5551388888888888,0.039424266161156116,0.6890615590080506,0.015653724379504762
coil20,ICL,0.45,100,512,1,0.17,150,0.5550694444444445,0.022461923371412573,0.668101301845627,0.011425425289744237
coil20,ICL,0.8,100,512,1,0.12,100,0.5550694444444444,0.02355702547169472,0.6655329095196254,0.010345026412203327
coil20,ICL,0.8,100,512,1,0.17,100,0.5549305555555556,0.031615074321954637,0.6607828368730589,0.01123611390752874
coil20,ICL,0.45,100,512,1,0.12,100,0.5548263888888888,0.023622826954407913,0.6729755172187317,0.007651256877060036
coil20,ICL,0.75,100,512,1,0.03,50,0.5547569444444445,0.023556180997658424,0.7001933539140446,0.010446081564324994
coil20,ICL,0.3,100,512,1,0.16,150,0.5547569444444445,0.026313190953069828,0.684231202420201,0.011149702367166081
coil20,ICL,0.8,100,512,1,0.05,50,0.5546875,0.016331814165462005,0.6700039590367071,0.009460273717208563
coil20,ICL,0.7,100,512,1,0.18,300,0.5546527777777778,0.029243532971907016,0.7123862135086381,0.015878106411535486
coil20,ICL,0.8,100,512,1,0.15,250,0.5545833333333332,0.037433969644339524,0.684085875953114,0.01764461701730212
coil20,ICL,0.75,100,512,1,0.16,300,0.554513888888889,0.03478917156721807,0.6844378492438383,0.016193942338910344
coil20,ICL,0.15,100,512,1,0.2,150,0.5544791666666666,0.04147553093428539,0.6812420313275875,0.01481671306575772
coil20,ICL,0.45,100,512,1,0.01,100,0.5544791666666666,0.02138108060035528,0.6697934552099957,0.01266281793523554
coil20,ICL,0.7,100,512,1,0.11,50,0.5542708333333335,0.031496921850141975,0.6856402617888224,0.014152939522579597
coil20,ICL,0.6,100,512,1,0.14,200,0.5542708333333334,0.03000472168989858,0.6822834392122265,0.013456674566757894
coil20,ICL,0.9,100,512,1,0.19,300,0.5542361111111112,0.0316661336456115,0.6936185344934207,0.01548946655272522
coil20,ICL,0.6,100,512,1,0.09,100,0.5541319444444446,0.01661954420597019,0.6789491530911363,0.011676428027491054
coil20,ICL,0.6,100,512,1,0.17,250,0.5541319444444445,0.02265366231497381,0.6896773422144091,0.010125454281702475
coil20,ICL,0.8,100,512,1,0.2,300,0.5540625000000001,0.028147089233706693,0.6777158441221932,0.010916074812451737
coil20,ICL,0.55,100,512,1,0.1,150,0.5540624999999999,0.03167251027344699,0.6918052125645997,0.015235254630190754
coil20,ICL,0.2,100,512,1,0.03,100,0.5539930555555556,0.03950459700844172,0.6985793414342147,0.018456376245318467
coil20,ICL,0.6,100,512,1,0.17,300,0.5539583333333333,0.02827003072771021,0.7013947184132361,0.011576337143425043
coil20,ICL,0.9,100,512,1,0.17,250,0.5537500000000001,0.03553520467937307,0.691408906112384,0.01631206568913123
coil20,ICL,0.4,100,512,1,0.11,100,0.55375,0.03559080284165532,0.6713106957520395,0.01827525226457397
coil20,ICL,0.9,100,512,1,0.01,150,0.5536458333333333,0.022748621032349578,0.6829038190494041,0.010904142559818118
coil20,ICL,0.1,100,512,1,0.13,100,0.5536111111111113,0.024701731520754912,0.683523450033893,0.012785043989248807
coil20,ICL,0.1,100,512,1,0.13,100,0.5536111111111113,0.024701731520754912,0.683523450033893,0.012785043989248807
coil20,ICL,0.9,100,512,1,0.15,150,0.5535763888888889,0.03573878231477107,0.6897681920884503,0.014756038818147795
coil20,ICL,1.0,100,512,1,0.12,100,0.5534027777777778,0.0271126088213356,0.6689023830700893,0.011822731819864738
coil20,ICL,0.9,100,512,1,0.16,300,0.5532638888888889,0.03218590805724046,0.6798287549629594,0.018320373041923323
coil20,ICL,0.95,100,512,1,0.01,200,0.5532291666666668,0.02749708440632871,0.6756797598113788,0.012588399868373621
coil20,ICL,0.85,100,512,1,0.14,300,0.5530208333333333,0.036116636195914265,0.7130997712713657,0.01626240954920685
coil20,ICL,0.9,100,512,1,0.2,300,0.552986111111111,0.02744250794450008,0.6893088612533486,0.015266796969700706
coil20,ICL,0.6,100,512,1,0.18,300,0.5528472222222222,0.027737731550060284,0.7022600676046366,0.008680221699172985
coil20,ICL,0.15,100,512,1,0.04,50,0.5527777777777777,0.02867643567396343,0.6979538275375361,0.01233731726141653
coil20,ICL,0.5,100,512,1,0.15,100,0.5527083333333334,0.028370329196251928,0.6920472804026107,0.01661468586292436
coil20,ICL,0.5,100,512,1,0.15,100,0.5527083333333334,0.028370329196251928,0.6920472804026107,0.01661468586292436
coil20,ICL,0.25,100,512,1,0.18,300,0.5526736111111112,0.03919416083348843,0.7121933954053723,0.015908461359146867
coil20,ICL,0.9,100,512,1,0.16,200,0.5526736111111112,0.0241625505354801,0.6618234755004242,0.012358286839794029
coil20,ICL,0.55,100,512,1,0.16,250,0.5525347222222222,0.029842755178623077,0.697271197737824,0.013524968498354033
coil20,ICL,1.0,100,512,1,0.19,50,0.5523611111111111,0.02780502136238998,0.6690895391560188,0.0106535029736804
coil20,ICL,0.5,100,512,1,0.11,150,0.5523263888888889,0.031050501321721807,0.7040966899177931,0.01312811752965014
coil20,ICL,0.5,100,512,1,0.11,150,0.5523263888888889,0.031050501321721807,0.7040966899177931,0.01312811752965014
coil20,ICL,0.35,100,512,1,0.18,150,0.5522916666666667,0.016173400897923056,0.673978516305809,0.0079130947842497
coil20,ICL,0.7,100,512,1,0.16,300,0.5522916666666666,0.053734520811596076,0.7139839188687416,0.022179632785470537
coil20,ICL,0.5,100,512,1,0.01,100,0.5522569444444445,0.020396904409511283,0.6754415969982135,0.008835808951899457
coil20,ICL,0.5,100,512,1,0.01,100,0.5522569444444445,0.020396904409511283,0.6754415969982135,0.008835808951899457
coil20,ICL,0.95,100,512,1,0.19,250,0.5522222222222222,0.015669843058610435,0.6854561400616521,0.007787798419889494
coil20,ICL,0.85,100,512,1,0.13,200,0.5522222222222222,0.03522592974703734,0.6788447956169821,0.010069714535669405
coil20,ICL,0.75,100,512,1,0.16,200,0.552048611111111,0.02535100333289727,0.6806299741378133,0.013226725891980932
coil20,ICL,0.65,100,512,1,0.16,250,0.5519791666666667,0.032593996165458924,0.696154792107166,0.016718944395707803
coil20,ICL,0.2,100,512,1,0.12,50,0.5518749999999999,0.023102257752687403,0.6491016401853883,0.01283805625962258
coil20,ICL,0.85,100,512,1,0.17,100,0.5518402777777778,0.02668354771671114,0.65494768203172,0.011767257929854147
coil20,ICL,0.9,100,512,1,0.13,300,0.5518055555555555,0.03422589716920562,0.7008364388412008,0.015311703697841728
coil20,ICL,0.35,100,512,1,0.19,100,0.5515277777777777,0.032589057704983826,0.668312355256037,0.015743325179258034
coil20,ICL,0.2,100,512,1,0.16,150,0.5514930555555556,0.03496807061559389,0.6799121271276982,0.01806572817575075
coil20,ICL,0.8,100,512,1,0.13,150,0.5514236111111112,0.01993608977558346,0.6686687005309875,0.008927995209664329
coil20,ICL,0.4,100,512,1,0.01,50,0.5512847222222221,0.01900961597755719,0.6578701310627114,0.011822124847746052
coil20,ICL,0.75,100,512,1,0.1,50,0.5512499999999999,0.04059121339573716,0.6691898384867968,0.01704517576455431
coil20,ICL,0.5,100,512,1,0.16,200,0.5512152777777778,0.026547290489431247,0.6874157853681869,0.014651983557229038
coil20,ICL,0.5,100,512,1,0.16,200,0.5512152777777778,0.026547290489431247,0.6874157853681869,0.014651983557229038
coil20,ICL,0.85,100,512,1,0.2,100,0.5511458333333332,0.04004077481471039,0.6637355383136876,0.014893945422618293
coil20,ICL,0.85,100,512,1,0.1,50,0.5510416666666667,0.018122871309651033,0.6771906320610677,0.014531262715689875
coil20,ICL,0.95,100,512,1,0.13,250,0.5509027777777777,0.03310621410003017,0.6923886624683647,0.014867293428346159
coil20,ICL,0.95,100,512,1,0.16,250,0.5508680555555555,0.04045511427766747,0.6841206734908825,0.01875700841012666
coil20,ICL,0.85,100,512,1,0.12,100,0.5508333333333334,0.03374642756584451,0.6644054859623851,0.01457496172719208
coil20,ICL,0.1,100,512,1,0.17,100,0.5508333333333333,0.036735782922289545,0.6790841319390022,0.01821944447405174
coil20,ICL,0.1,100,512,1,0.17,100,0.5508333333333333,0.036735782922289545,0.6790841319390022,0.01821944447405174
coil20,ICL,0.8,100,512,1,0.18,50,0.5507638888888888,0.03408930095814249,0.6491232154445781,0.009978636234200441
coil20,ICL,0.25,100,512,1,0.17,150,0.5506597222222223,0.02548570901136022,0.6684889495372606,0.013521280311656404
coil20,ICL,0.25,100,512,1,0.18,250,0.5505555555555556,0.03257647697114977,0.701840989868771,0.016405997113293897
coil20,ICL,1.0,100,512,1,0.18,150,0.5505208333333335,0.01971889031909927,0.6621884193524623,0.013185401605954727
coil20,ICL,0.1,100,512,1,0.14,50,0.5503472222222222,0.029050280352868326,0.6493588162536755,0.01176342818774951
coil20,ICL,0.1,100,512,1,0.14,50,0.5503472222222222,0.029050280352868326,0.6493588162536755,0.01176342818774951
coil20,ICL,1.0,100,512,1,0.14,100,0.5498958333333334,0.026771058508924736,0.6847697626274409,0.014891065675421955
coil20,ICL,0.9,100,512,1,0.17,200,0.5498611111111111,0.035848134324786014,0.6914604536498342,0.015043674010801865
coil20,ICL,0.7,100,512,1,0.18,200,0.5497569444444445,0.029419600203901608,0.7007515676304447,0.014407494182819393
coil20,ICL,0.65,100,512,1,0.03,50,0.5496527777777778,0.02320473407824307,0.6978545652203859,0.009624186597446044
coil20,ICL,0.15,100,512,1,0.12,50,0.5494791666666667,0.0193248741770775,0.6690634365467941,0.009751972264518434
coil20,ICL,0.1,100,512,1,0.16,100,0.5494444444444445,0.030233147535057334,0.6726119821740845,0.012354557427153273
coil20,ICL,0.1,100,512,1,0.16,100,0.5494444444444445,0.030233147535057334,0.6726119821740845,0.012354557427153273
coil20,ICL,0.5,100,512,1,0.17,250,0.5494097222222222,0.029514522052031884,0.6881568312160331,0.017806415697831094
coil20,ICL,0.5,100,512,1,0.17,250,0.5494097222222222,0.029514522052031884,0.6881568312160331,0.017806415697831094
coil20,ICL,0.2,100,512,1,0.19,50,0.5493402777777776,0.020463705968369394,0.6624643367918769,0.011629822339611658
coil20,ICL,0.25,100,512,1,0.06,150,0.5493055555555556,0.03406177440047189,0.7002595808551804,0.01919385309511467
coil20,ICL,0.25,100,512,1,0.13,150,0.5492361111111111,0.03753464192097484,0.6681816750706052,0.015773349486408298
coil20,ICL,0.45,100,512,1,0.19,100,0.5492013888888889,0.03311362415309548,0.6826999061677339,0.014218265561532282
coil20,ICL,0.65,100,512,1,0.08,100,0.5490972222222223,0.02803105021640409,0.6873704830244841,0.011508899785998594
coil20,ICL,0.15,100,512,1,0.02,100,0.5490972222222222,0.02759234984668266,0.6770076646217584,0.0123464483096851
coil20,ICL,0.45,100,512,1,0.19,150,0.5488888888888889,0.029095813410604146,0.6920750983787873,0.01194469045916226
coil20,ICL,0.5,100,512,1,0.02,150,0.5486458333333334,0.02301166651745358,0.682883237221565,0.015194557392730712
coil20,ICL,0.5,100,512,1,0.02,150,0.5486458333333334,0.02301166651745358,0.682883237221565,0.015194557392730712
coil20,ICL,0.7,100,512,1,0.19,150,0.5485763888888889,0.03605328904342523,0.6946419165294486,0.01817309013696626
coil20,ICL,0.35,100,512,1,0.14,50,0.5485763888888888,0.012604644925116756,0.6477210265423529,0.011017362933881246
coil20,ICL,0.75,100,512,1,0.15,250,0.5485416666666667,0.030952207658753814,0.7037784726032529,0.013945903376341261
coil20,ICL,0.3,100,512,1,0.19,100,0.5484722222222224,0.027924611915249305,0.6627897660930684,0.013982247006713803
coil20,ICL,0.5,100,512,1,0.1,50,0.5484375,0.029925540150812665,0.6761314386365136,0.011038877862440191
coil20,ICL,0.5,100,512,1,0.1,50,0.5484375,0.029925540150812665,0.6761314386365136,0.011038877862440191
coil20,ICL,0.85,100,512,1,0.15,250,0.5482986111111112,0.028507325075277236,0.6927603634652163,0.012819127097179294
coil20,ICL,0.25,100,512,1,0.17,50,0.5481944444444444,0.0247425010462704,0.6509154122657546,0.01235702131491127
coil20,ICL,0.65,100,512,1,0.15,150,0.5479861111111111,0.020322320750323086,0.6611880108983056,0.01050656434317533
coil20,ICL,0.3,100,512,1,0.06,50,0.5479861111111111,0.02225247506694341,0.6434420531445936,0.009750027458025102
coil20,ICL,0.4,100,512,1,0.16,150,0.5479513888888888,0.024360528111293297,0.6595762963011345,0.012267649724111313
coil20,ICL,1.0,100,512,1,0.01,100,0.5479513888888888,0.025256663762837167,0.6522171106379748,0.01231216736505473
coil20,ICL,0.45,100,512,1,0.19,200,0.5479166666666666,0.029215402404456473,0.6931107344069198,0.014673606281654171
coil20,ICL,0.45,100,512,1,0.16,200,0.5478472222222222,0.02430843236943221,0.6684136577179223,0.01248157982492806
coil20,ICL,0.75,100,512,1,0.16,150,0.5478124999999999,0.03828352931611908,0.669041701087505,0.015327511869747243
coil20,ICL,0.65,100,512,1,0.18,200,0.5477777777777778,0.027246304540453025,0.6867814724225784,0.01015496931294959
coil20,ICL,0.9,100,512,1,0.16,150,0.5477777777777778,0.024116926781980477,0.6594299968973465,0.013737713597564094
coil20,ICL,0.5,100,512,1,0.14,50,0.5475347222222221,0.02162887886250153,0.6529257848197101,0.009078700592955987
coil20,ICL,0.5,100,512,1,0.14,50,0.5475347222222221,0.02162887886250153,0.6529257848197101,0.009078700592955987
coil20,ICL,0.1,100,512,1,0.03,100,0.5475,0.028498801956625533,0.6614256573414381,0.010608547086526216
coil20,ICL,0.1,100,512,1,0.03,100,0.5475,0.028498801956625533,0.6614256573414381,0.010608547086526216
coil20,ICL,0.9,100,512,1,0.2,250,0.5472916666666665,0.030587814410841765,0.6807796355098392,0.016489529506392177
coil20,ICL,0.35,100,512,1,0.12,150,0.5471875,0.0294377899647589,0.6623821583295334,0.011423445836912363
coil20,ICL,1.0,100,512,1,0.2,50,0.5471874999999999,0.026897040022275248,0.666145048398606,0.013653071740910098
coil20,ICL,0.1,100,512,1,0.11,150,0.5471527777777777,0.04182833220438033,0.6971171718332485,0.01611500401556876
coil20,ICL,0.1,100,512,1,0.11,150,0.5471527777777777,0.04182833220438033,0.6971171718332485,0.01611500401556876
coil20,ICL,0.65,100,512,1,0.17,300,0.5470833333333334,0.033704244246784615,0.6911942260195147,0.015753632384288296
coil20,ICL,0.9,100,512,1,0.17,100,0.5469791666666667,0.02604423598436436,0.6783610949887607,0.01458343079086221
coil20,ICL,0.85,100,512,1,0.17,150,0.5466666666666667,0.02911089243980637,0.6663122987609795,0.011736572548403408
coil20,ICL,0.15,100,512,1,0.2,50,0.5465972222222223,0.0243213242499582,0.6348131460150871,0.00804182520641911
coil20,ICL,0.7,100,512,1,0.11,100,0.5465625,0.029637791392520194,0.6878117334311878,0.011377830726555672
coil20,ICL,0.7,100,512,1,0.2,200,0.5464236111111112,0.035538512489756355,0.6782756645370307,0.013930031836141336
coil20,ICL,0.15,100,512,1,0.02,50,0.5464236111111112,0.03258955713387494,0.6603200431921702,0.009589928989980394
coil20,ICL,0.95,100,512,1,0.19,200,0.5463541666666666,0.014110856501968133,0.6690370483814092,0.010518195487475557
coil20,ICL,0.35,100,512,1,0.18,100,0.5461805555555556,0.02228019781119937,0.6726578990635075,0.013007039759819962
coil20,ICL,0.75,100,512,1,0.04,50,0.546111111111111,0.02353685217895178,0.6875758971215207,0.012962586318119492
coil20,ICL,0.95,100,512,1,0.17,250,0.546076388888889,0.02758900701830664,0.6824543641955615,0.013326829044323777
coil20,ICL,0.9,100,512,1,0.01,100,0.5459375000000001,0.017695767600537208,0.6581565651359836,0.009890909790332742
coil20,ICL,0.6,100,512,1,0.14,150,0.5459027777777778,0.03108823874012426,0.6605589085532266,0.01413619542639491
coil20,ICL,0.55,100,512,1,0.03,50,0.5459027777777777,0.027955939070633772,0.6926863947886966,0.010655307489930342
coil20,ICL,0.15,100,512,1,0.19,100,0.5458333333333334,0.02238977631271321,0.6716580464751316,0.013565548189635474
coil20,ICL,0.35,100,512,1,0.1,50,0.5458333333333332,0.023827642742033365,0.6550126546734597,0.00989174996552627
coil20,ICL,0.55,100,512,1,0.1,100,0.5457638888888889,0.026901902985834638,0.6768901699263659,0.011669185133222184
coil20,ICL,0.95,100,512,1,0.08,100,0.5457291666666666,0.017469488116321444,0.6668643350189691,0.010393460845481348
coil20,ICL,0.7,100,512,1,0.16,250,0.5456944444444445,0.030345394681813936,0.7081893726811663,0.014222361144915457
coil20,ICL,0.55,100,512,1,0.19,150,0.545625,0.019959812053780026,0.6726369943888005,0.010556363019775935
coil20,ICL,0.25,100,512,1,0.13,100,0.5455902777777778,0.029287345415145587,0.6657762669492837,0.016477414184938154
coil20,ICL,0.3,100,512,1,0.2,100,0.5455555555555556,0.03322276221225962,0.667282246264686,0.015055149768452323
coil20,ICL,0.85,100,512,1,0.15,200,0.5455555555555555,0.03417725107056945,0.6875744597705429,0.011746751468779135
coil20,ICL,0.25,100,512,1,0.16,50,0.5454861111111111,0.019027651053917013,0.6258825493265187,0.008431058310745638
coil20,ICL,0.55,100,512,1,0.2,200,0.5454166666666665,0.037978810490802574,0.6935453025520151,0.017442344517236464
coil20,ICL,0.7,100,512,1,0.01,100,0.5453472222222222,0.01951636006496051,0.6549998221530734,0.010683390038429556
coil20,ICL,0.9,100,512,1,0.11,50,0.5452777777777778,0.019629083675147076,0.6457436161133193,0.01180823709484929
coil20,ICL,0.45,100,512,1,0.05,50,0.545138888888889,0.02829722644874154,0.66972689723694,0.013106696443531704
coil20,ICL,0.15,100,512,1,0.17,300,0.5450347222222222,0.04413426648319035,0.6944843589523233,0.019981262586929345
coil20,ICL,0.15,100,512,1,0.17,250,0.5450000000000002,0.03605404144227091,0.6899694092437969,0.018658751385533277
coil20,ICL,0.5,100,512,1,0.02,100,0.545,0.022362405069531917,0.665087216871591,0.010152860476020036
coil20,ICL,0.5,100,512,1,0.02,100,0.545,0.022362405069531917,0.665087216871591,0.010152860476020036
coil20,ICL,0.8,100,512,1,0.16,250,0.5448958333333335,0.02828552867333837,0.6755813049779026,0.015600964900032176
coil20,ICL,0.2,100,512,1,0.02,50,0.5446875000000001,0.011174461330818175,0.6452549164797425,0.010680269179614938
coil20,ICL,0.4,100,512,1,0.05,50,0.5446875,0.018891282272797,0.650382062315456,0.011325187969949945
coil20,ICL,0.95,100,512,1,0.15,100,0.5446180555555556,0.02744582468835787,0.6691446611007346,0.014943516959530768
coil20,ICL,0.35,100,512,1,0.11,50,0.5446180555555555,0.028981617837065352,0.6606578974085171,0.01166345475074561
coil20,ICL,0.15,100,512,1,0.16,100,0.5445833333333334,0.03866540447333274,0.6882812776386136,0.016701761725924514
coil20,ICL,0.95,100,512,1,0.12,100,0.5445138888888889,0.039011401764004756,0.6644605811460778,0.011083317371995414
coil20,ICL,0.55,100,512,1,0.18,250,0.5444791666666666,0.02321613569059935,0.6646812446519375,0.011165963559866564
coil20,ICL,0.8,100,512,1,0.03,50,0.5444444444444445,0.025335328259659312,0.6765401627995002,0.009771981012454146
coil20,ICL,0.7,100,512,1,0.19,100,0.5441666666666668,0.02612200570589412,0.6795843541316067,0.01618743930269827
coil20,ICL,0.5,100,512,1,0.17,200,0.5441319444444443,0.03515938343374864,0.682918009313817,0.01564026654717369
coil20,ICL,0.5,100,512,1,0.17,200,0.5441319444444443,0.03515938343374864,0.682918009313817,0.01564026654717369
coil20,ICL,1.0,100,512,1,0.16,200,0.5440972222222222,0.025960057311517702,0.6707920485591434,0.01445166553101155
coil20,ICL,0.2,100,512,1,0.03,50,0.5440277777777778,0.03947683040580752,0.683019287827239,0.01668947146962075
coil20,ICL,0.65,100,512,1,0.19,250,0.5439236111111112,0.031058731793198697,0.6857738902745466,0.012162531948997836
coil20,ICL,0.15,100,512,1,0.2,100,0.5439236111111111,0.026334808437060382,0.6645493920410981,0.008328780692203767
coil20,ICL,0.9,100,512,1,0.18,150,0.543923611111111,0.03307617456248942,0.6674732355986381,0.01804142819883737
coil20,ICL,0.9,100,512,1,0.19,250,0.5438888888888889,0.02827983784244637,0.6799076080006,0.01329031120933024
coil20,ICL,1.0,100,512,1,0.18,200,0.5438194444444444,0.03415996151460087,0.6726060635201148,0.015517116083556378
coil20,ICL,0.65,100,512,1,0.04,50,0.5437847222222222,0.027445473264285633,0.6949355256339211,0.017084520920867586
coil20,ICL,0.2,100,512,1,0.2,50,0.5437847222222222,0.026840502370772283,0.6554378980063381,0.009923401488457906
coil20,ICL,0.55,100,512,1,0.15,250,0.5436458333333334,0.026473981046561613,0.6920167386159829,0.012787995318588881
coil20,ICL,0.8,100,512,1,0.14,200,0.5435763888888889,0.03247288977904264,0.6908912868797048,0.015616595242515989
coil20,ICL,1.0,100,512,1,0.17,100,0.5435069444444445,0.0227596419585927,0.682464626699615,0.014035515587193811
coil20,ICL,0.3,100,512,1,0.17,50,0.5432638888888889,0.027997481836721155,0.6553312675988419,0.009853861256430436
coil20,ICL,0.5,100,512,1,0.18,300,0.5431944444444443,0.033330873751849475,0.7089990713232615,0.02141841303107409
coil20,ICL,0.5,100,512,1,0.18,300,0.5431944444444443,0.033330873751849475,0.7089990713232615,0.02141841303107409
coil20,ICL,0.75,100,512,1,0.15,300,0.5430555555555555,0.03316435758758989,0.7090189592667981,0.013094045801949802
coil20,ICL,0.5,100,512,1,0.13,100,0.5429166666666667,0.030143688813890072,0.6558519090447225,0.01522893866180519
coil20,ICL,0.5,100,512,1,0.13,100,0.5429166666666667,0.030143688813890072,0.6558519090447225,0.01522893866180519
coil20,ICL,0.55,100,512,1,0.17,250,0.5426736111111111,0.028369967975793182,0.6900080299227266,0.01143633330261424
coil20,ICL,0.5,100,512,1,0.11,100,0.5423958333333333,0.022476276716713924,0.6869728517569832,0.013812700666361307
coil20,ICL,0.5,100,512,1,0.11,100,0.5423958333333333,0.022476276716713924,0.6869728517569832,0.013812700666361307
coil20,ICL,0.3,100,512,1,0.14,50,0.5422569444444445,0.030609386767071523,0.6833488834845595,0.015066684876068402
coil20,ICL,0.75,100,512,1,0.2,250,0.5422222222222222,0.039758748746054014,0.6793746892069253,0.018290467501150657
coil20,ICL,0.55,100,512,1,0.09,50,0.5421527777777778,0.032290621249505436,0.6544189205294082,0.012389450298372568
coil20,ICL,0.95,100,512,1,0.17,300,0.5420833333333334,0.034308226391758415,0.6888847936317118,0.012939712731995658
coil20,ICL,0.6,100,512,1,0.19,200,0.5420486111111111,0.030125985300981255,0.6627635628132167,0.012305344672367113
coil20,ICL,0.25,100,512,1,0.18,50,0.5420486111111111,0.023736874012510643,0.641864582475246,0.00914274409623348
coil20,ICL,0.7,100,512,1,0.14,300,0.5419791666666666,0.01961664203363884,0.7005447727141784,0.011679488625831918
coil20,ICL,0.35,100,512,1,0.12,100,0.5416319444444444,0.029938912696378234,0.6498657898117891,0.015254566112136622
coil20,ICL,0.3,100,512,1,0.17,150,0.5415625000000002,0.031217015771663234,0.6702920656637639,0.012490276846176467
coil20,ICL,0.85,100,512,1,0.2,50,0.5414930555555555,0.027474801691900516,0.6383650081251361,0.011141299898569039
coil20,ICL,0.1,100,512,1,0.19,50,0.5413541666666668,0.02684140072395765,0.6343770187117853,0.012866396678764975
coil20,ICL,0.1,100,512,1,0.19,50,0.5413541666666668,0.02684140072395765,0.6343770187117853,0.012866396678764975
coil20,ICL,0.15,100,512,1,0.1,50,0.5412847222222223,0.02075387044633088,0.6496787899227258,0.01171847210412611
coil20,ICL,0.45,100,512,1,0.1,100,0.54125,0.031920582875491335,0.6737895085268589,0.019326197645856177
coil20,ICL,0.6,100,512,1,0.15,300,0.5411805555555554,0.034498655256490394,0.686693631199657,0.014163686930188756
coil20,ICL,0.75,100,512,1,0.16,250,0.541111111111111,0.02684420788389146,0.6774195596009155,0.013566164441089719
coil20,ICL,0.8,100,512,1,0.01,150,0.5410416666666666,0.025509752885591635,0.6545752010596978,0.011689297118228586
coil20,ICL,1.0,100,512,1,0.14,50,0.5409722222222222,0.0339845246644214,0.6596643650175081,0.014384365154900084
coil20,ICL,0.85,100,512,1,0.01,100,0.5409375,0.013626824475761403,0.6562138834104199,0.009127807014362195
coil20,ICL,0.8,100,512,1,0.19,300,0.5406597222222221,0.019484674404547653,0.6801305050020685,0.011828171073399292
coil20,ICL,0.2,100,512,1,0.04,50,0.5405555555555556,0.032170396540612406,0.6832102863367624,0.01178729015070727
coil20,ICL,0.5,100,512,1,0.12,100,0.5402777777777779,0.02478008988963258,0.63361403326909,0.016141338365750893
coil20,ICL,0.5,100,512,1,0.12,100,0.5402777777777779,0.02478008988963258,0.63361403326909,0.016141338365750893
coil20,ICL,0.15,100,512,1,0.19,50,0.5402777777777776,0.031614387889139,0.6390367560281519,0.011293237325403492
coil20,ICL,0.45,100,512,1,0.13,100,0.5401388888888888,0.031266662224591034,0.682280812446811,0.009523567907553135
coil20,ICL,0.6,100,512,1,0.18,250,0.5400347222222222,0.027543521782930926,0.6905900915808356,0.01062966371835479
coil20,ICL,0.6,100,512,1,0.15,250,0.5397569444444444,0.025317119682082972,0.6695824090246705,0.011592902644791736
coil20,ICL,0.9,100,512,1,0.13,250,0.5395486111111111,0.024378338446593668,0.6853464319213911,0.014247882913964845
coil20,ICL,0.8,100,512,1,0.2,250,0.5395486111111111,0.03099002586829997,0.6674731148836326,0.018485201813219998
coil20,ICL,0.65,100,512,1,0.17,250,0.539513888888889,0.027053847909833364,0.6806737093715426,0.013833831355570916
coil20,ICL,1.0,100,512,1,0.15,200,0.539513888888889,0.034414539549548054,0.6681387036532154,0.011816957667140663
coil20,ICL,0.95,100,512,1,0.03,50,0.5391666666666667,0.030338878207082698,0.6617456884562192,0.01526726781928779
coil20,ICL,0.65,100,512,1,0.19,200,0.5391319444444445,0.038320042860093245,0.6771484922495581,0.01066275006317415
coil20,ICL,0.5,100,512,1,0.16,150,0.5391319444444445,0.021055842996792015,0.6620463482778465,0.008368437948257146
coil20,ICL,0.5,100,512,1,0.16,150,0.5391319444444445,0.021055842996792015,0.6620463482778465,0.008368437948257146
coil20,ICL,0.2,100,512,1,0.17,50,0.5390972222222222,0.021518927392207805,0.6539118865716668,0.011524279630534914
coil20,ICL,0.95,100,512,1,0.14,50,0.5390624999999999,0.024496152499290953,0.650146413773272,0.01017509655749568
coil20,ICL,0.2,100,512,1,0.07,50,0.5387500000000001,0.027273725372215143,0.6897099271776532,0.012739843768282855
coil20,ICL,0.9,100,512,1,0.18,200,0.5386458333333334,0.028605948664515806,0.6766345118830756,0.0144192283433203
coil20,ICL,0.25,100,512,1,0.18,200,0.538611111111111,0.028755702601375704,0.6780943004545739,0.01128092560593325
coil20,ICL,0.5,100,512,1,0.14,100,0.5385069444444445,0.029290803125936064,0.6586362627088751,0.013792137527140234
coil20,ICL,0.5,100,512,1,0.14,100,0.5385069444444445,0.029290803125936064,0.6586362627088751,0.013792137527140234
coil20,ICL,0.75,100,512,1,0.18,200,0.5384722222222222,0.027932209603490608,0.6829441821488393,0.013224537233629785
coil20,ICL,0.9,100,512,1,0.14,200,0.5384374999999999,0.04111514326604052,0.6933474236036579,0.011625916927336473
coil20,ICL,0.1,100,512,1,0.11,100,0.5384374999999999,0.023717362036277896,0.6779719284605782,0.010701149608020022
coil20,ICL,0.1,100,512,1,0.11,100,0.5384374999999999,0.023717362036277896,0.6779719284605782,0.010701149608020022
coil20,ICL,0.8,100,512,1,0.15,200,0.5383333333333333,0.031173208117243674,0.6755398566255619,0.014562186711384621
coil20,ICL,0.4,100,512,1,0.12,100,0.5382986111111111,0.0313126493922165,0.6541622882923722,0.015143911100361073
coil20,ICL,0.7,100,512,1,0.2,150,0.5381944444444444,0.027538027859581034,0.6592968727712096,0.012207927628616689
coil20,ICL,0.9,100,512,1,0.14,250,0.5381250000000001,0.028964161417257325,0.6983842092088898,0.012086093244332989
coil20,ICL,0.55,100,512,1,0.16,200,0.5380555555555556,0.03176853740945282,0.680390392106599,0.016480004733267703
coil20,ICL,0.1,100,512,1,0.03,50,0.5379166666666666,0.02911983674362389,0.6366261660363868,0.010594144256840417
coil20,ICL,0.1,100,512,1,0.03,50,0.5379166666666666,0.02911983674362389,0.6366261660363868,0.010594144256840417
coil20,ICL,0.4,100,512,1,0.14,50,0.5376041666666667,0.030786121105144396,0.6550695790494078,0.013863909220320958
coil20,ICL,1.0,100,512,1,0.16,150,0.5373263888888888,0.02308113854220197,0.6587274512089821,0.012434407430074585
coil20,ICL,0.85,100,512,1,0.16,150,0.5372222222222223,0.0319447463753847,0.6639307844907512,0.01650617455542234
coil20,ICL,0.75,100,512,1,0.17,300,0.5371180555555556,0.03721760634211207,0.6764741079201003,0.016941290112298866
coil20,ICL,0.75,100,512,1,0.12,150,0.5370833333333335,0.02360436995270574,0.65545828619797,0.010703502173147743
coil20,ICL,0.95,100,512,1,0.01,150,0.5370486111111111,0.02280515271501022,0.6546047627601227,0.009021489461251524
coil20,ICL,1.0,100,512,1,0.08,50,0.5370138888888889,0.03332544756258967,0.6456673584342812,0.016236934328195278
coil20,ICL,0.5,100,512,1,0.2,250,0.5369791666666667,0.023537338794252675,0.6831219763403416,0.020461665912365437
coil20,ICL,0.5,100,512,1,0.2,250,0.5369791666666667,0.023537338794252675,0.6831219763403416,0.020461665912365437
coil20,ICL,0.35,100,512,1,0.2,250,0.5367013888888887,0.03210878244511965,0.6642796147729821,0.014291482274031615
coil20,ICL,0.85,100,512,1,0.18,250,0.5366319444444445,0.04257905852555736,0.6819709122993333,0.014760265964343119
coil20,ICL,0.1,100,512,1,0.16,50,0.5365624999999999,0.029490002589023574,0.6419582806475923,0.013579924680699766
coil20,ICL,0.1,100,512,1,0.16,50,0.5365624999999999,0.029490002589023574,0.6419582806475923,0.013579924680699766
coil20,ICL,0.25,100,512,1,0.03,100,0.5364930555555556,0.04577304273229192,0.6951381913120768,0.019721829376754617
coil20,ICL,0.25,100,512,1,0.19,200,0.5362847222222222,0.02776377685347858,0.6901853448500549,0.012018528138160208
coil20,ICL,0.4,100,512,1,0.16,100,0.5359722222222223,0.021076817907037578,0.6530225356043989,0.01367890541381471
coil20,ICL,0.55,100,512,1,0.14,150,0.5359375,0.038392086491486156,0.6777505625939414,0.015119811076169361
coil20,ICL,0.2,100,512,1,0.15,50,0.5359027777777778,0.025981040540990513,0.6484076611643752,0.011501324637080722
coil20,ICL,0.5,100,512,1,0.2,150,0.5358333333333334,0.03710595439888123,0.6743923975598783,0.01615142059877544
coil20,ICL,0.5,100,512,1,0.2,150,0.5358333333333334,0.03710595439888123,0.6743923975598783,0.01615142059877544
coil20,ICL,0.6,100,512,1,0.12,100,0.5354861111111111,0.026141844354111054,0.6622121421719679,0.011178552638193109
coil20,ICL,0.15,100,512,1,0.15,50,0.5352430555555556,0.01832185430826284,0.6358596612273348,0.009829077987481342
coil20,ICL,0.55,100,512,1,0.02,200,0.5351736111111112,0.022144258854869838,0.6986507697475629,0.008838900798917854
coil20,ICL,0.7,100,512,1,0.16,200,0.5351736111111111,0.03169686288732921,0.6972871426834003,0.013069514612353837
coil20,ICL,0.3,100,512,1,0.05,100,0.5351388888888889,0.02645313816012229,0.6880073266619403,0.00995832540801133
coil20,ICL,0.25,100,512,1,0.18,150,0.5351388888888888,0.028196838978776704,0.6637888152423886,0.011824473089905373
coil20,ICL,0.35,100,512,1,0.14,100,0.535034722222222,0.038324573148589725,0.6710732173423557,0.012626335323975437
coil20,ICL,0.9,100,512,1,0.2,100,0.5347569444444444,0.03496131225444017,0.6590198955307313,0.013870365976174649
coil20,ICL,0.4,100,512,1,0.18,100,0.5347569444444444,0.025981388571116315,0.6391296099928255,0.01178642132337146
coil20,ICL,0.3,100,512,1,0.16,100,0.5345138888888888,0.02884001942924124,0.6638830295588857,0.009416611868842777
coil20,ICL,0.45,100,512,1,0.17,100,0.5342361111111111,0.035423542360908264,0.6464638819296512,0.01618417909952066
coil20,ICL,0.85,100,512,1,0.18,200,0.5341319444444446,0.029128840385549,0.6763758216468763,0.014088628151172726
coil20,ICL,0.8,100,512,1,0.2,150,0.5341319444444445,0.028731269898571613,0.667782218458381,0.01364431078339494
coil20,ICL,0.75,100,512,1,0.2,200,0.5339930555555555,0.030637890175875575,0.6700979195187393,0.02017905313432083
coil20,ICL,0.8,100,512,1,0.19,250,0.5334722222222222,0.027240994094549113,0.6654877503614601,0.015455004433469175
coil20,ICL,0.15,100,512,1,0.17,150,0.5334027777777778,0.02628534143553621,0.6635351185853711,0.012891546201774061
coil20,ICL,0.1,100,512,1,0.2,50,0.5331597222222223,0.028005899228368047,0.6653056482232204,0.010424980289174197
coil20,ICL,0.1,100,512,1,0.2,50,0.5331597222222223,0.028005899228368047,0.6653056482232204,0.010424980289174197
coil20,ICL,0.9,100,512,1,0.13,200,0.533125,0.025746100477835755,0.6840499053970309,0.013327694562966888
coil20,ICL,1.0,100,512,1,0.15,150,0.5330208333333333,0.02038224020228346,0.6514077897650997,0.010289630896516518
coil20,ICL,0.4,100,512,1,0.03,50,0.532986111111111,0.032451070123502776,0.6624871585728908,0.009281708109805465
coil20,ICL,0.45,100,512,1,0.12,50,0.5329166666666666,0.027958957739895,0.6458945787602851,0.013692001728351286
coil20,ICL,0.95,100,512,1,0.18,300,0.5327430555555556,0.03108542699110206,0.6985015589952774,0.014520890570391356
coil20,ICL,0.1,100,512,1,0.18,50,0.5326041666666667,0.016771192772775743,0.6384890516400097,0.010422857017812084
coil20,ICL,0.1,100,512,1,0.18,50,0.5326041666666667,0.016771192772775743,0.6384890516400097,0.010422857017812084
coil20,ICL,1.0,100,512,1,0.16,100,0.5324305555555556,0.021683020003714464,0.6588941009311109,0.012077081463432568
coil20,ICL,0.35,100,512,1,0.17,250,0.5321180555555556,0.0327140645780853,0.6839283632941036,0.013635629997152324
coil20,ICL,0.7,100,512,1,0.04,50,0.5318402777777778,0.027224768694672052,0.671605328008704,0.011599122115492296
coil20,ICL,0.55,100,512,1,0.14,100,0.5318402777777778,0.04034374088537828,0.65477973375284,0.014751966939306112
coil20,ICL,0.85,100,512,1,0.14,250,0.5317013888888888,0.025945911918705225,0.699445135030551,0.01049685300788741
coil20,ICL,0.35,100,512,1,0.18,50,0.5316666666666667,0.02082106120028883,0.6509639041576457,0.013669211294754836
coil20,ICL,0.6,100,512,1,0.2,100,0.5313541666666667,0.023881494131646717,0.6398656727210419,0.010948377517808786
coil20,ICL,0.95,100,512,1,0.12,50,0.5313194444444443,0.026573640546857333,0.6191577451970521,0.01484389596950514
coil20,ICL,0.95,100,512,1,0.01,100,0.5312847222222222,0.01802946164666374,0.6365175913872672,0.00737482846180434
coil20,ICL,0.6,100,512,1,0.12,50,0.5311805555555555,0.019707912453418425,0.653690772854372,0.010469268266257967
coil20,ICL,0.2,100,512,1,0.16,100,0.5307986111111112,0.0315527579391218,0.6526696293789886,0.012748836881224718
coil20,ICL,0.15,100,512,1,0.17,200,0.5307291666666667,0.04390343190398139,0.6749877191320517,0.020213242416961683
coil20,ICL,0.7,100,512,1,0.19,50,0.530486111111111,0.03566761583627989,0.666684254290868,0.021709399974117263
coil20,ICL,0.55,100,512,1,0.02,100,0.5302430555555555,0.029025347951200712,0.6820073971524045,0.011540898844955162
coil20,ICL,0.85,100,512,1,0.11,50,0.5302430555555555,0.021273673949694278,0.6483613499869125,0.01044661321539026
coil20,ICL,0.6,100,512,1,0.17,200,0.5301736111111112,0.02160210622697144,0.6709367902220701,0.011046918188087403
coil20,ICL,0.15,100,512,1,0.16,50,0.5298611111111111,0.015854031305695567,0.6560424420456703,0.012377168566319867
coil20,ICL,0.5,100,512,1,0.17,150,0.5297916666666667,0.029970648578810703,0.6562105483723828,0.010983049035762372
coil20,ICL,0.5,100,512,1,0.17,150,0.5297916666666667,0.029970648578810703,0.6562105483723828,0.010983049035762372
coil20,ICL,0.95,100,512,1,0.16,200,0.5294444444444444,0.038190277550480246,0.6696632281062367,0.018283113623526435
coil20,ICL,0.2,100,512,1,0.14,50,0.5293055555555555,0.03336558046665071,0.6767383093677029,0.013537358139188709
coil20,ICL,0.6,100,512,1,0.14,100,0.5292708333333332,0.01814251893870744,0.6359516229456925,0.012733292073345946
coil20,ICL,0.25,100,512,1,0.06,100,0.529236111111111,0.034867681430421106,0.6756427837817215,0.018917770141706484
coil20,ICL,0.45,100,512,1,0.1,50,0.5291319444444443,0.02764942132512356,0.6466530502143835,0.01200215490533657
coil20,ICL,0.15,100,512,1,0.01,50,0.5290972222222221,0.02005478126390837,0.6464367007364086,0.012916932019960236
coil20,ICL,0.55,100,512,1,0.02,150,0.5290277777777778,0.02780085846662801,0.6952932008539169,0.011521306035779819
coil20,ICL,0.8,100,512,1,0.12,50,0.5289236111111111,0.02828297113820118,0.632908653828768,0.01562771356962658
coil20,ICL,0.75,100,512,1,0.01,100,0.528888888888889,0.015118168797105615,0.6434988680018351,0.009364123971691216
coil20,ICL,0.55,100,512,1,0.15,200,0.5288541666666667,0.030941747432588526,0.6773099380846442,0.014233872439060005
coil20,ICL,0.95,100,512,1,0.17,200,0.528576388888889,0.03447500534360159,0.660754406226097,0.02058488503599363
coil20,ICL,0.25,100,512,1,0.18,100,0.5283333333333334,0.031598824745687,0.6503511155249616,0.01537288744040557
coil20,ICL,0.25,100,512,1,0.13,50,0.5283333333333334,0.01909229734477322,0.6242668247118632,0.011339642453781941
coil20,ICL,0.85,100,512,1,0.19,150,0.5282638888888889,0.036860611337983476,0.6653223566714142,0.015439316746780772
coil20,ICL,0.9,100,512,1,0.13,150,0.5282291666666666,0.023393889467743765,0.6745097906806576,0.014447091966190108
coil20,ICL,0.75,100,512,1,0.17,250,0.5281944444444444,0.04261388608232107,0.6603713350031962,0.016817252900362706
coil20,ICL,0.95,100,512,1,0.15,50,0.5281597222222223,0.031217170255325836,0.6414128888031116,0.018315348994053324
coil20,ICL,0.3,100,512,1,0.19,50,0.5281597222222222,0.027047229318577688,0.6426908961195619,0.014264200746505582
coil20,ICL,0.7,100,512,1,0.14,250,0.5279166666666667,0.03128747752695956,0.6891196004263092,0.011612742982669474
coil20,ICL,0.4,100,512,1,0.11,50,0.5279166666666667,0.03134676376861624,0.6476662658930203,0.015257661144976413
coil20,ICL,0.35,100,512,1,0.13,50,0.5277083333333333,0.031033120871890783,0.6655487164638374,0.013813935957172958
coil20,ICL,0.8,100,512,1,0.17,50,0.5276736111111111,0.02826079613846061,0.6393465408489625,0.012871976848505863
coil20,ICL,0.25,100,512,1,0.19,100,0.5275000000000001,0.029696250334859068,0.6623023755574803,0.01005694900160198
coil20,ICL,0.5,100,512,1,0.19,200,0.5272569444444444,0.0324141754672109,0.6903772048050864,0.014883657973001056
coil20,ICL,0.5,100,512,1,0.19,200,0.5272569444444444,0.0324141754672109,0.6903772048050864,0.014883657973001056
coil20,ICL,0.4,100,512,1,0.12,50,0.5272222222222223,0.024021755828548836,0.6284530566268736,0.014489247126517847
coil20,ICL,0.95,100,512,1,0.2,200,0.5269444444444444,0.02774963852506199,0.6717258527011731,0.015134829130506967
coil20,ICL,0.7,100,512,1,0.14,200,0.526875,0.03125162032836295,0.6794110179879167,0.01306040120494491
coil20,ICL,0.55,100,512,1,0.17,200,0.5268402777777779,0.029568393299776157,0.6774227182142184,0.013287104159271352
coil20,ICL,0.35,100,512,1,0.2,200,0.5267361111111112,0.03240720072685418,0.6525786017409124,0.017735704229583187
coil20,ICL,0.65,100,512,1,0.18,150,0.5264583333333333,0.028765344134012157,0.6632745641611508,0.011049264457591593
coil20,ICL,0.9,100,512,1,0.12,50,0.5263888888888889,0.026777115021766062,0.6216033031422097,0.012132157385612415
coil20,ICL,0.5,100,512,1,0.2,200,0.5262499999999999,0.0383152131085755,0.6772572712437503,0.015353042253480222
coil20,ICL,0.5,100,512,1,0.2,200,0.5262499999999999,0.0383152131085755,0.6772572712437503,0.015353042253480222
coil20,ICL,0.95,100,512,1,0.19,100,0.5262152777777778,0.027511637373522916,0.6469842076325109,0.008348292038386048
coil20,ICL,0.85,100,512,1,0.14,150,0.5259722222222222,0.037478388834495405,0.6877516394438368,0.014295258674962624
coil20,ICL,0.6,100,512,1,0.16,50,0.5259722222222222,0.025575362191659533,0.6379978276666655,0.01537184165865509
coil20,ICL,0.8,100,512,1,0.16,200,0.5255555555555554,0.03620553893236111,0.6590244340053176,0.014396254912509503
coil20,ICL,0.5,100,512,1,0.16,100,0.5253819444444445,0.01693714978454386,0.6502229455685227,0.010306226729402231
coil20,ICL,0.5,100,512,1,0.16,100,0.5253819444444445,0.01693714978454386,0.6502229455685227,0.010306226729402231
coil20,ICL,0.55,100,512,1,0.2,150,0.5251736111111113,0.03239259540803297,0.6754180426872487,0.01582328114406384
coil20,ICL,0.55,100,512,1,0.11,50,0.5249305555555556,0.030107910987186494,0.6614395194845661,0.014071361925226867
coil20,ICL,0.6,100,512,1,0.11,50,0.5248263888888889,0.02251636386252244,0.6654501506428586,0.012233106590697056
coil20,ICL,0.75,100,512,1,0.18,150,0.5247222222222222,0.035233321726407564,0.6646961317010162,0.01688294640130871
coil20,ICL,0.9,100,512,1,0.14,150,0.5247222222222222,0.030533767484379047,0.6642388426782808,0.013468793196011568
coil20,ICL,0.7,100,512,1,0.17,100,0.5246527777777777,0.04267896460859527,0.6545698212758364,0.0222594795143486
coil20,ICL,0.95,100,512,1,0.18,250,0.5245138888888888,0.038591434334737364,0.6832193368790433,0.016973878331320948
coil20,ICL,0.8,100,512,1,0.13,100,0.5243749999999999,0.0245689105525813,0.6402571996509554,0.008957961257328305
coil20,ICL,0.25,100,512,1,0.16,100,0.5240972222222222,0.016498135182685728,0.644874717959793,0.011363818438129244
coil20,ICL,0.3,100,512,1,0.18,250,0.5239236111111112,0.03500611374623292,0.6614900977830274,0.012750893143348546
coil20,ICL,0.7,100,512,1,0.15,150,0.523611111111111,0.026641698380407225,0.6739236784668406,0.010272596186856471
coil20,ICL,0.25,100,512,1,0.19,150,0.5235416666666667,0.03299371257443522,0.6775911224562499,0.012684992702115783
coil20,ICL,0.25,100,512,1,0.06,50,0.5234027777777778,0.029786810015943736,0.6468933943833897,0.015011724930816237
coil20,ICL,0.95,100,512,1,0.11,50,0.5231944444444444,0.027670278099857545,0.6496976398577209,0.010127901577739259
coil20,ICL,0.3,100,512,1,0.13,50,0.5231944444444444,0.023731718109830244,0.6202683558482535,0.010469942762109987
coil20,ICL,0.65,100,512,1,0.15,100,0.523125,0.016539007622833602,0.6387139413596422,0.012268990509928263
coil20,ICL,0.55,100,512,1,0.17,150,0.5230208333333335,0.029037640369977944,0.6568183879487377,0.008593117573115238
coil20,ICL,0.75,100,512,1,0.14,200,0.5226388888888889,0.043022724938235966,0.6660260459716387,0.017691389004805904
coil20,ICL,0.95,100,512,1,0.19,150,0.5226388888888889,0.024257293354045036,0.6573261473708196,0.010859804266908768
coil20,ICL,0.95,100,512,1,0.13,150,0.5226041666666666,0.030825414242057557,0.6644942332421474,0.011728553606829954
coil20,ICL,0.65,100,512,1,0.2,100,0.5225000000000001,0.0246780973264618,0.6516420090313634,0.011699735005300178
coil20,ICL,0.8,100,512,1,0.14,150,0.5223611111111112,0.03226410113767657,0.6691951250165469,0.013242779668145991
coil20,ICL,0.65,100,512,1,0.19,150,0.5223263888888888,0.015547299086126079,0.6550915096984992,0.009286499922784503
coil20,ICL,0.4,100,512,1,0.2,300,0.5222916666666667,0.04829605243242511,0.6989051114395355,0.01763979721568088
coil20,ICL,0.1,100,512,1,0.15,50,0.5221527777777777,0.02654549655489005,0.6586629151377257,0.011765984069649488
coil20,ICL,0.1,100,512,1,0.15,50,0.5221527777777777,0.02654549655489005,0.6586629151377257,0.011765984069649488
coil20,ICL,0.35,100,512,1,0.08,50,0.5221527777777777,0.0258319332057852,0.6261370106401009,0.014960509596231832
coil20,ICL,0.45,100,512,1,0.18,300,0.5213541666666667,0.04862543191832673,0.6725152641079611,0.023207747698932146
coil20,ICL,0.7,100,512,1,0.18,100,0.5212152777777778,0.023731794313591056,0.6482858104451159,0.011217346227891632
coil20,ICL,0.75,100,512,1,0.17,200,0.5211458333333334,0.03263037344590368,0.6422465761551489,0.016130405890291258
coil20,ICL,0.35,100,512,1,0.01,50,0.5210763888888889,0.021492214128207364,0.6353839554377152,0.011530351489186078
coil20,ICL,0.7,100,512,1,0.12,50,0.5210069444444445,0.034105548174466635,0.6470587342753789,0.016218663998795468
coil20,ICL,0.6,100,512,1,0.19,150,0.5210069444444443,0.03190809752846136,0.6354811627863828,0.014794565918492254
coil20,ICL,1.0,100,512,1,0.18,100,0.5209722222222222,0.022926765451630415,0.6359259907719687,0.009397849052977171
coil20,ICL,0.75,100,512,1,0.17,150,0.5209374999999998,0.020958276958542833,0.6354088805357683,0.012930334652745444
coil20,ICL,0.6,100,512,1,0.18,200,0.5195486111111112,0.024384074561212898,0.6812131809969941,0.00899354237010259
coil20,ICL,0.95,100,512,1,0.13,100,0.5195486111111112,0.028419051810133242,0.6479402399028874,0.008464562564395777
coil20,ICL,0.8,100,512,1,0.2,200,0.5193750000000001,0.02736666257838197,0.6562208976579231,0.013264462974363116
coil20,ICL,0.95,100,512,1,0.13,200,0.5193749999999999,0.03970795441115694,0.6691626005080088,0.01956032837871285
coil20,ICL,0.45,100,512,1,0.18,250,0.5193055555555556,0.03914388127610783,0.6623138707754307,0.019515719918868232
coil20,ICL,0.4,100,512,1,0.13,100,0.5189930555555556,0.02679176656711977,0.6552873907888472,0.013035450223327461
coil20,ICL,0.85,100,512,1,0.14,200,0.5187847222222223,0.04318722865327202,0.6973090440482725,0.013154172282153515
coil20,ICL,0.2,100,512,1,0.18,50,0.5185416666666666,0.02798197515619609,0.6369902304230217,0.01365456103922709
coil20,ICL,0.9,100,512,1,0.13,100,0.5185069444444445,0.023470039140753865,0.660810339587115,0.010224868767503026
coil20,ICL,0.95,100,512,1,0.2,100,0.5184027777777777,0.0207492516226787,0.6588234476676644,0.0112899595050413
coil20,ICL,0.45,100,512,1,0.17,50,0.5180902777777778,0.021578652922735378,0.620719098400958,0.011445736655796892
coil20,ICL,0.65,100,512,1,0.14,150,0.5179166666666666,0.02626120425200323,0.6496884324144834,0.007735084019404374
coil20,ICL,0.45,100,512,1,0.2,100,0.5178472222222222,0.030422770189245663,0.6269526215829475,0.011939712648118854
coil20,ICL,0.45,100,512,1,0.16,150,0.5177083333333334,0.029165426560938252,0.6448656375918473,0.013800689575998459
coil20,ICL,0.65,100,512,1,0.17,200,0.5177083333333333,0.030187572687334206,0.6666292881025383,0.013318392820842014
coil20,ICL,1.0,100,512,1,0.12,50,0.5174652777777778,0.021239416164219625,0.624326557478485,0.008902378204315749
coil20,ICL,0.4,100,512,1,0.2,250,0.5173611111111112,0.03611378195251197,0.6864665136015735,0.015404896211922706
coil20,ICL,0.75,100,512,1,0.15,200,0.5172916666666666,0.03773454174138198,0.6913738047506685,0.01251449477427315
coil20,ICL,0.55,100,512,1,0.01,50,0.5171875,0.018663477065043572,0.6351421443076698,0.010035753591535393
coil20,ICL,0.8,100,512,1,0.19,200,0.5169444444444444,0.020965322632538235,0.6552465065932892,0.011391170660193283
coil20,ICL,0.8,100,512,1,0.01,100,0.5169444444444444,0.018871008694179615,0.6289674103309287,0.007371526564945289
coil20,ICL,0.55,100,512,1,0.2,100,0.5167708333333334,0.024836730557772354,0.6475844723954622,0.011992187028436843
coil20,ICL,0.35,100,512,1,0.2,150,0.5165972222222223,0.031487446670689354,0.6370410912191786,0.014121073034964925
coil20,ICL,1.0,100,512,1,0.15,100,0.5165972222222222,0.020228369219892545,0.6321795548985351,0.010612519820828602
coil20,ICL,0.65,100,512,1,0.16,200,0.5164930555555556,0.03740979054507714,0.6817284032704943,0.01667462134931251
coil20,ICL,0.95,100,512,1,0.16,150,0.5164930555555556,0.030447944186262444,0.6507043757285148,0.013657950992356933
coil20,ICL,0.55,100,512,1,0.15,150,0.5163888888888889,0.029134737814692356,0.6692762539954801,0.013292918818128514
coil20,ICL,0.5,100,512,1,0.17,100,0.5161805555555556,0.028828311888801684,0.6404554960680464,0.011070329344579345
coil20,ICL,0.5,100,512,1,0.17,100,0.5161805555555556,0.028828311888801684,0.6404554960680464,0.011070329344579345
coil20,ICL,0.5,100,512,1,0.18,250,0.516076388888889,0.029432711072812836,0.6908578077209547,0.018856917821487337
coil20,ICL,0.5,100,512,1,0.18,250,0.516076388888889,0.029432711072812836,0.6908578077209547,0.018856917821487337
coil20,ICL,0.65,100,512,1,0.13,150,0.515,0.022713111118177247,0.6693414100482963,0.01186361416905546
coil20,ICL,0.95,100,512,1,0.2,150,0.5149305555555557,0.031404325727242034,0.6613502645150962,0.013479658945969414
coil20,ICL,0.85,100,512,1,0.18,150,0.5146180555555556,0.02537192004509497,0.6567407911967996,0.01227180204347845
coil20,ICL,0.1,100,512,1,0.17,50,0.5143402777777778,0.033064070886156996,0.6393117327348471,0.012785632528144695
coil20,ICL,0.1,100,512,1,0.17,50,0.5143402777777778,0.033064070886156996,0.6393117327348471,0.012785632528144695
coil20,ICL,0.75,100,512,1,0.19,100,0.5142013888888888,0.0319372538706662,0.63031150383817,0.01658838129797483
coil20,ICL,0.45,100,512,1,0.18,200,0.5140277777777776,0.029230749706346256,0.661674818919066,0.01541796107215826
coil20,ICL,0.45,100,512,1,0.18,150,0.5137500000000002,0.03224615969095878,0.6540566530171793,0.009735694034472891
coil20,ICL,0.6,100,512,1,0.15,200,0.5136458333333334,0.02184386563004773,0.6421336429153327,0.012042279127644858
coil20,ICL,0.35,100,512,1,0.17,200,0.5136111111111111,0.03393510623506556,0.663517879975213,0.01082609183181944
coil20,ICL,0.55,100,512,1,0.15,100,0.5131944444444445,0.021855701363689185,0.6530320222454401,0.011305545679270735
coil20,ICL,0.85,100,512,1,0.18,100,0.512986111111111,0.030749934131215212,0.6553492862664857,0.013371684339932558
coil20,ICL,0.35,100,512,1,0.17,150,0.5123958333333334,0.03342455327988508,0.6517515675207708,0.014741876634888748
coil20,ICL,0.9,100,512,1,0.18,100,0.5122916666666667,0.03776149822844414,0.6434312048880021,0.01734751330755386
coil20,ICL,0.6,100,512,1,0.18,150,0.5122569444444445,0.02065114200912056,0.6711108117922497,0.009942811463311102
coil20,ICL,0.75,100,512,1,0.13,100,0.5116666666666667,0.028460024487465922,0.6468996210777397,0.011663665018223371
coil20,ICL,0.7,100,512,1,0.15,100,0.5112847222222221,0.028563433677367255,0.6567225286163801,0.014739331393823078
coil20,ICL,0.5,100,512,1,0.17,50,0.5109375,0.025743079908869572,0.6198914094204471,0.010508487856638389
coil20,ICL,0.5,100,512,1,0.17,50,0.5109375,0.025743079908869572,0.6198914094204471,0.010508487856638389
coil20,ICL,0.5,100,512,1,0.13,50,0.5109374999999999,0.025858033106897507,0.6250262429587088,0.013941606963591755
coil20,ICL,0.5,100,512,1,0.13,50,0.5109374999999999,0.025858033106897507,0.6250262429587088,0.013941606963591755
coil20,ICL,0.85,100,512,1,0.12,50,0.5108680555555555,0.037959044160315925,0.6229051805898875,0.013567922683595869
coil20,ICL,0.9,100,512,1,0.2,150,0.5107986111111111,0.040739969676520715,0.6573082849460573,0.017528579929016058
coil20,ICL,0.95,100,512,1,0.08,50,0.5107638888888889,0.025481947888846262,0.6380087200353484,0.010777922559871587
coil20,ICL,0.75,100,512,1,0.19,50,0.5104166666666667,0.03830476491811559,0.6220067669095191,0.0134107953848648
coil20,ICL,0.95,100,512,1,0.2,50,0.5103819444444444,0.0221988538155759,0.6179057710500558,0.010840246270247707
coil20,ICL,0.35,100,512,1,0.17,50,0.5102083333333333,0.020379430329514992,0.6235363066780709,0.008720788110508446
coil20,ICL,0.55,100,512,1,0.18,200,0.5097222222222222,0.024619989933405487,0.6393220796872819,0.01108981206064488
coil20,ICL,0.15,100,512,1,0.17,100,0.5095138888888889,0.029283084460039854,0.6443972670093676,0.01164972847514884
coil20,ICL,0.4,100,512,1,0.13,50,0.5094444444444445,0.023877581303157345,0.6290298023864515,0.010734649207907619
coil20,ICL,0.9,100,512,1,0.19,150,0.5090277777777776,0.027449448486667676,0.648092074626361,0.017407134093296743
coil20,ICL,0.85,100,512,1,0.15,150,0.5088888888888888,0.032059424713537246,0.6674458329165909,0.011784002531237214
coil20,ICL,0.4,100,512,1,0.16,50,0.5085416666666667,0.022793333949443734,0.6284087594066343,0.0095962973887539
coil20,ICL,0.5,100,512,1,0.12,50,0.5084374999999998,0.02443050719311744,0.5888311085222704,0.013242166099897182
coil20,ICL,0.5,100,512,1,0.12,50,0.5084374999999998,0.02443050719311744,0.5888311085222704,0.013242166099897182
coil20,ICL,0.9,100,512,1,0.19,200,0.5082986111111112,0.03718844017900631,0.6625700058426321,0.014966104687239298
coil20,ICL,0.8,100,512,1,0.16,150,0.5081597222222223,0.027784612874343965,0.642712749561235,0.016296074962875214
coil20,ICL,0.35,100,512,1,0.19,50,0.5080902777777777,0.02121442533293773,0.6407352422263303,0.012408014970393556
coil20,ICL,0.7,100,512,1,0.16,150,0.5079166666666667,0.027575128857024067,0.6733241963981911,0.01338796250412076
coil20,ICL,0.9,100,512,1,0.17,50,0.5079166666666667,0.03033331425518326,0.6355882232206655,0.015998677833325765
coil20,ICL,0.75,100,512,1,0.01,50,0.5078819444444445,0.015603032397087687,0.6180328714406708,0.00824454312044866
coil20,ICL,0.5,100,512,1,0.19,150,0.5078125,0.04225046741194443,0.6473349032876449,0.01625284474006865
coil20,ICL,0.5,100,512,1,0.19,150,0.5078125,0.04225046741194443,0.6473349032876449,0.01625284474006865
coil20,ICL,0.7,100,512,1,0.18,50,0.5075000000000001,0.033078889989885736,0.6419335966774976,0.01786473860491006
coil20,ICL,0.7,100,512,1,0.14,150,0.5073958333333333,0.024484731439986668,0.6571408756863757,0.009289383351571884
coil20,ICL,0.8,100,512,1,0.2,100,0.5071875000000001,0.02538028190329534,0.6347771507841077,0.012553101247517002
coil20,ICL,0.5,100,512,1,0.18,200,0.5071874999999999,0.03870135524451755,0.6825250543100966,0.016911059563664368
coil20,ICL,0.5,100,512,1,0.18,200,0.5071874999999999,0.03870135524451755,0.6825250543100966,0.016911059563664368
coil20,ICL,0.75,100,512,1,0.2,150,0.5062152777777778,0.02617003085680825,0.6483266472772998,0.01068626484116557
coil20,ICL,0.85,100,512,1,0.18,50,0.5060763888888888,0.03055624604649112,0.6248063925492716,0.014079026554497196
coil20,ICL,0.95,100,512,1,0.01,50,0.5059722222222222,0.01365497467347829,0.6139618904091354,0.009825958160219927
coil20,ICL,0.25,100,512,1,0.03,50,0.5055208333333333,0.035485686423855765,0.6671778368358785,0.019192059174525235
coil20,ICL,0.85,100,512,1,0.13,50,0.5052430555555556,0.02006989498725349,0.6215557959518432,0.00824127134366513
coil20,ICL,0.75,100,512,1,0.16,100,0.505173611111111,0.030840273086641792,0.643931098990537,0.010688414515623126
coil20,ICL,0.3,100,512,1,0.16,50,0.5051388888888888,0.03162460657052891,0.6185845875115066,0.014434912000377909
coil20,ICL,0.8,100,512,1,0.15,150,0.5050347222222222,0.04124431486730574,0.6496703924492006,0.01846931235274396
coil20,ICL,0.9,100,512,1,0.13,50,0.504652777777778,0.01835502189330494,0.6187620463895869,0.012120394910187376
coil20,ICL,0.75,100,512,1,0.14,100,0.5045138888888889,0.027040118656827455,0.6249201389575012,0.015576858032612185
coil20,ICL,0.55,100,512,1,0.16,150,0.5043402777777779,0.03012550506082434,0.6537235793128371,0.01482818750439239
coil20,ICL,0.95,100,512,1,0.18,200,0.5040277777777777,0.023592312778153438,0.6553254432872787,0.011910310243527455
coil20,ICL,0.65,100,512,1,0.17,150,0.5038888888888888,0.025415528207654352,0.6443451665072012,0.012494784631252734
coil20,ICL,0.75,100,512,1,0.12,100,0.5038194444444445,0.026605017714570172,0.6204766146042735,0.009090759055027268
coil20,ICL,0.45,100,512,1,0.19,50,0.5037152777777778,0.034030098418600406,0.6390363894972969,0.01645773320985707
coil20,ICL,0.85,100,512,1,0.16,100,0.5036458333333333,0.03807675998360109,0.634365077361121,0.018056325343529786
coil20,ICL,0.55,100,512,1,0.02,50,0.5036458333333332,0.020738063417435,0.6254625581969211,0.010901675173123593
coil20,ICL,0.75,100,512,1,0.14,150,0.5035069444444444,0.02887375655358048,0.6408905581728498,0.01789175821448697
coil20,ICL,0.45,100,512,1,0.16,100,0.5030555555555556,0.027778993028972503,0.6282206532045073,0.009819271333726268
coil20,ICL,0.6,100,512,1,0.17,150,0.5025,0.02848610772522868,0.6511607003047125,0.013893322152495245
coil20,ICL,0.7,100,512,1,0.13,50,0.5024652777777778,0.015966899777448553,0.6203329720919243,0.006552582165890429
coil20,ICL,0.65,100,512,1,0.19,100,0.5022222222222223,0.027377850209590337,0.63950382313481,0.01142018893372296
coil20,ICL,0.65,100,512,1,0.16,150,0.5020486111111111,0.027414706215791347,0.6670091818047912,0.011145575735148797
coil20,ICL,0.6,100,512,1,0.15,150,0.5015972222222222,0.020318998248309753,0.629575265751553,0.011188927258655647
coil20,ICL,0.85,100,512,1,0.14,100,0.5015625,0.0332405211066457,0.6681440453790817,0.013888626731689757
coil20,ICL,1.0,100,512,1,0.16,50,0.5013541666666668,0.02042950630850534,0.6238467298901849,0.012025865413605437
coil20,ICL,0.6,100,512,1,0.17,100,0.5005208333333334,0.017795774040155487,0.6292243398990596,0.011487882542322423
coil20,ICL,0.3,100,512,1,0.18,200,0.5002083333333334,0.02950375643063979,0.6502992420686915,0.012927985320382682
coil20,ICL,0.35,100,512,1,0.17,100,0.5002083333333334,0.025797559609198,0.6423502991634593,0.012179135387581672
coil20,ICL,0.5,100,512,1,0.01,50,0.5000694444444443,0.019685877113200956,0.6249533840552061,0.012043079949492903
coil20,ICL,0.5,100,512,1,0.01,50,0.5000694444444443,0.019685877113200956,0.6249533840552061,0.012043079949492903
coil20,ICL,0.7,100,512,1,0.2,100,0.4997916666666667,0.03349289069118776,0.622228274419423,0.0132202118071543
coil20,ICL,0.55,100,512,1,0.18,150,0.4997569444444445,0.024711173990415093,0.6273690053400818,0.015321868979118535
coil20,ICL,0.55,100,512,1,0.18,100,0.4991666666666667,0.02122047694976031,0.6199949499114045,0.009038452818750643
coil20,ICL,0.75,100,512,1,0.18,100,0.4991319444444445,0.03317153658063445,0.629446217555077,0.01715015588268586
coil20,ICL,0.65,100,512,1,0.08,50,0.49857638888888883,0.027329256520437523,0.6353752619392937,0.014710072016533333
coil20,ICL,0.95,100,512,1,0.18,100,0.49847222222222226,0.024967764711550735,0.6297054730690881,0.01326775206068101
coil20,ICL,0.65,100,512,1,0.18,50,0.49829861111111107,0.024749394984187656,0.6170662315210761,0.012647597458189047
coil20,ICL,0.65,100,512,1,0.15,50,0.4979166666666666,0.017441480639945103,0.6044192709606829,0.009985620938571978
coil20,ICL,1.0,100,512,1,0.15,50,0.497673611111111,0.01787337982599601,0.6299019995792987,0.009476294757948249
coil20,ICL,0.65,100,512,1,0.19,50,0.49749999999999994,0.027459460860343583,0.6023773105573846,0.013176399269100894
coil20,ICL,0.7,100,512,1,0.01,50,0.49725694444444446,0.022777857172964613,0.6177683891325885,0.008942330162899872
coil20,ICL,0.55,100,512,1,0.1,50,0.496736111111111,0.03001100942534914,0.6310158125141959,0.018390846273073445
coil20,ICL,0.8,100,512,1,0.14,100,0.4961805555555555,0.02632897071809063,0.656698844323852,0.007858054990105546
coil20,ICL,0.6,100,512,1,0.09,50,0.4961458333333332,0.014914356522438197,0.6273423760711667,0.009311404108155334
coil20,ICL,0.85,100,512,1,0.19,100,0.4961111111111112,0.028720462550867847,0.6371324220909723,0.012580090666698648
coil20,ICL,0.95,100,512,1,0.17,150,0.49534722222222216,0.02555432892587578,0.6367391192222749,0.010313623444193508
coil20,ICL,0.8,100,512,1,0.19,100,0.4951736111111111,0.014512850507777963,0.6206733211316335,0.010129292337921154
coil20,ICL,0.9,100,512,1,0.2,50,0.49510416666666657,0.023575826371950787,0.6032151835052186,0.012911326748783217
coil20,ICL,0.45,100,512,1,0.01,50,0.4947916666666667,0.021856252989775865,0.6262543942377957,0.016599594238294102
coil20,ICL,0.8,100,512,1,0.01,50,0.49430555555555544,0.018170839225202226,0.6154184238549664,0.010063154344860346
coil20,ICL,0.65,100,512,1,0.16,100,0.49423611111111104,0.02966025796883395,0.655978805377996,0.013018742521279865
coil20,ICL,0.55,100,512,1,0.15,50,0.49402777777777773,0.021757732412939688,0.6335508937365446,0.008622316883037435
coil20,ICL,0.65,100,512,1,0.18,100,0.49371527777777774,0.028295074761997663,0.6385475509226028,0.014080233402887096
coil20,ICL,0.8,100,512,1,0.13,50,0.4929166666666667,0.021005767873387007,0.5945405887833648,0.006958621379612573
coil20,ICL,0.65,100,512,1,0.14,100,0.4929166666666666,0.018728897590041742,0.6231510696820448,0.007715193363715539
coil20,ICL,0.85,100,512,1,0.17,50,0.4926388888888889,0.018720913653577153,0.5975292598812685,0.010235830845592882
coil20,ICL,0.55,100,512,1,0.17,100,0.49260416666666657,0.023728542735594587,0.6157676041149907,0.010852624107752028
coil20,ICL,0.95,100,512,1,0.19,50,0.4919791666666666,0.017381203650925277,0.6156931158005045,0.007409191844887373
coil20,ICL,0.35,100,512,1,0.2,100,0.4919444444444444,0.02365539148473972,0.608694426217417,0.00871890796697754
coil20,ICL,0.9,100,512,1,0.01,50,0.4916666666666667,0.018945737573982768,0.6196373743900826,0.010310083409609302
coil20,ICL,0.8,100,512,1,0.19,150,0.49163194444444436,0.026681921092650815,0.6312034466761444,0.0106436483585282
coil20,ICL,0.75,100,512,1,0.15,150,0.49079861111111117,0.023626297199673164,0.6661720731940006,0.011429969326343738
coil20,ICL,0.95,100,512,1,0.17,100,0.49006944444444434,0.01436526777369209,0.6134118064421437,0.009240237217685136
coil20,ICL,0.8,100,512,1,0.19,50,0.48993055555555554,0.017745059954189447,0.5862883771053515,0.012561601271629709
coil20,ICL,0.4,100,512,1,0.2,200,0.48989583333333336,0.04559834277483918,0.6619929773147267,0.015600213404987325
coil20,ICL,0.95,100,512,1,0.18,50,0.4897222222222222,0.018773904515064006,0.5956387274162378,0.009034661555624586
coil20,ICL,0.95,100,512,1,0.18,150,0.4888194444444444,0.025778672009154315,0.6325251284134584,0.013725550228150843
coil20,ICL,0.4,100,512,1,0.19,300,0.4882986111111111,0.03954632468271223,0.6591322071541633,0.01993382046996524
coil20,ICL,0.85,100,512,1,0.01,50,0.48791666666666667,0.011730562462175995,0.6080284929754796,0.008953560458016296
coil20,ICL,0.6,100,512,1,0.15,100,0.4877430555555556,0.020449325494852982,0.6112461053194097,0.00960773453542058
coil20,ICL,0.15,100,512,1,0.17,50,0.4873611111111111,0.020639842209177688,0.5899551726835477,0.01155198973267037
coil20,ICL,0.6,100,512,1,0.13,50,0.48715277777777766,0.02615899495346312,0.6052190664322342,0.010300090845102515
coil20,ICL,0.3,100,512,1,0.18,100,0.48670138888888886,0.02762394469661876,0.6302268741307292,0.00983524086245882
coil20,ICL,0.5,100,512,1,0.18,150,0.4857291666666666,0.046011582575430705,0.6584015676626389,0.020418442920053764
coil20,ICL,0.5,100,512,1,0.18,150,0.4857291666666666,0.046011582575430705,0.6584015676626389,0.020418442920053764
coil20,ICL,0.75,100,512,1,0.13,50,0.4851388888888889,0.017615360510813447,0.5892534114109859,0.011240687786160719
coil20,ICL,0.75,100,512,1,0.17,100,0.48506944444444444,0.029671962308250227,0.6063597202130067,0.012503616226086877
coil20,ICL,0.55,100,512,1,0.19,100,0.4848611111111111,0.030898954195415253,0.6288224889879604,0.018202897031931817
coil20,ICL,0.45,100,512,1,0.18,100,0.4845833333333333,0.021404891200002645,0.619386950370402,0.009142178754872466
coil20,ICL,0.6,100,512,1,0.18,100,0.48447916666666674,0.017767839832974818,0.640186553673491,0.009347152812998277
coil20,ICL,0.7,100,512,1,0.15,50,0.48375,0.023096307692190655,0.6100506459436923,0.014344267566068398
coil20,ICL,0.9,100,512,1,0.15,50,0.4835763888888889,0.02634799005353371,0.6133408129436492,0.01126751123553111
coil20,ICL,0.6,100,512,1,0.14,50,0.4834375000000001,0.0386383765392583,0.5972051485590874,0.015469620837729127
coil20,ICL,0.45,100,512,1,0.13,50,0.48298611111111106,0.021625561970861133,0.6290595806580568,0.010712059135997477
coil20,ICL,0.3,100,512,1,0.18,150,0.48291666666666666,0.025400343878298235,0.6359071814748702,0.01162522127552127
coil20,ICL,0.9,100,512,1,0.14,100,0.48277777777777786,0.031015011548571524,0.6400488624898719,0.011884603343100273
coil20,ICL,0.65,100,512,1,0.13,50,0.48267361111111107,0.01939412511871495,0.629173994423915,0.011105187440409784
coil20,ICL,0.5,100,512,1,0.2,100,0.48256944444444444,0.03269122576906456,0.6450202562214193,0.010049296931859884
coil20,ICL,0.5,100,512,1,0.2,100,0.48256944444444444,0.03269122576906456,0.6450202562214193,0.010049296931859884
coil20,ICL,0.4,100,512,1,0.19,250,0.4817013888888888,0.026369030356838623,0.6556172999223355,0.013498532875256394
coil20,ICL,0.5,100,512,1,0.15,50,0.48149305555555555,0.026389140166932303,0.635667075403278,0.011889867014811964
coil20,ICL,0.5,100,512,1,0.15,50,0.48149305555555555,0.026389140166932303,0.635667075403278,0.011889867014811964
coil20,ICL,0.25,100,512,1,0.19,50,0.4807986111111111,0.03012902664421434,0.5830538705719865,0.010558831813723897
coil20,ICL,0.65,100,512,1,0.13,100,0.48062499999999997,0.019241124497117637,0.6457471320630126,0.010340609130150506
coil20,ICL,0.4,100,512,1,0.18,50,0.47996527777777775,0.032890046520308004,0.602918018196873,0.015119660710974293
coil20,ICL,0.85,100,512,1,0.19,50,0.47875000000000006,0.031768385606984716,0.5998009394877005,0.01988282274320924
coil20,ICL,0.95,100,512,1,0.16,100,0.47815972222222225,0.03737212959682459,0.6225565548735198,0.01832667815668475
coil20,ICL,0.8,100,512,1,0.15,100,0.4769791666666666,0.02669438934408695,0.6204624206981444,0.015396171524936487
coil20,ICL,0.9,100,512,1,0.19,100,0.4769444444444445,0.028832075545248456,0.610778642836301,0.011644946580044615
coil20,ICL,0.5,100,512,1,0.19,100,0.4767013888888889,0.034650255280044076,0.6190924570459237,0.01359936754716139
coil20,ICL,0.5,100,512,1,0.19,100,0.4767013888888889,0.034650255280044076,0.6190924570459237,0.01359936754716139
coil20,ICL,0.35,100,512,1,0.12,50,0.47586805555555556,0.030410700676958752,0.5813935836005885,0.01747275221356674
coil20,ICL,0.5,100,512,1,0.11,50,0.4748611111111112,0.020181468397187225,0.6301195781980403,0.011811253397767313
coil20,ICL,0.5,100,512,1,0.11,50,0.4748611111111112,0.020181468397187225,0.6301195781980403,0.011811253397767313
coil20,ICL,0.7,100,512,1,0.14,100,0.47413194444444445,0.028683056623528092,0.6217595165099665,0.011687248278603521
coil20,ICL,0.75,100,512,1,0.2,100,0.47406249999999994,0.025905919343300762,0.6206216171111341,0.013760431214925735
coil20,ICL,0.65,100,512,1,0.17,100,0.4731597222222222,0.03242042356002969,0.6204094290367076,0.01445161753466668
coil20,ICL,0.55,100,512,1,0.2,50,0.4729861111111111,0.01754472349542346,0.6157082733097937,0.009416129793938532
coil20,ICL,0.7,100,512,1,0.17,50,0.4725694444444445,0.01992039036164938,0.5876647214615172,0.008433789989952131
coil20,ICL,0.75,100,512,1,0.16,50,0.4721875,0.02745689224426105,0.6055283595874867,0.008629304523028056
coil20,ICL,0.6,100,512,1,0.17,50,0.47093750000000006,0.029385156341160484,0.6005604467082004,0.01344980759970407
coil20,ICL,0.8,100,512,1,0.16,100,0.47086805555555555,0.03999932182584822,0.622835061758922,0.01960160289292689
coil20,ICL,0.95,100,512,1,0.17,50,0.46857638888888886,0.02673554743273042,0.5815533091270733,0.010716619685602669
coil20,ICL,0.45,100,512,1,0.16,50,0.46798611111111105,0.029621861322507676,0.5804433038983252,0.017352560913444472
coil20,ICL,0.6,100,512,1,0.18,50,0.46774305555555556,0.024115801955049827,0.5854373439966659,0.011025581181454493
coil20,ICL,0.6,100,512,1,0.2,50,0.46593750000000006,0.02315894134948772,0.5799497856538083,0.01107839278921648
coil20,ICL,0.9,100,512,1,0.16,50,0.46572916666666675,0.024149573896184665,0.5536666719607477,0.009152835428597106
coil20,ICL,0.75,100,512,1,0.15,100,0.4649652777777777,0.029905066969970077,0.6318917814315013,0.009580206777352801
coil20,ICL,0.95,100,512,1,0.13,50,0.4645833333333334,0.03165402403572602,0.5972340977102374,0.017892361826293404
coil20,ICL,1.0,100,512,1,0.17,50,0.4645833333333333,0.02441147555738671,0.6161601770225575,0.011324514291145647
coil20,ICL,0.75,100,512,1,0.18,50,0.4644444444444444,0.027369922439075114,0.5799839222938009,0.015779387565694632
coil20,ICL,0.75,100,512,1,0.12,50,0.46420138888888884,0.03226251297467943,0.5939321474584454,0.014803832306914372
coil20,ICL,0.55,100,512,1,0.14,50,0.46329861111111115,0.021708776520321427,0.6019664660947318,0.011530358604006365
coil20,ICL,0.55,100,512,1,0.18,50,0.4624305555555555,0.01903069219367415,0.5869313060675936,0.009775636795191172
coil20,ICL,0.85,100,512,1,0.15,100,0.46218750000000003,0.01805886054153589,0.6072158588710365,0.007232596064024819
coil20,ICL,0.55,100,512,1,0.17,50,0.46218750000000003,0.027261234623443677,0.5849418253781379,0.012886329784850404
coil20,ICL,0.9,100,512,1,0.14,50,0.4616666666666666,0.02309129592575662,0.5845730256389677,0.010675107900200645
coil20,ICL,0.65,100,512,1,0.14,50,0.4613194444444445,0.01807570990529133,0.5830469045871777,0.008658246066052231
coil20,ICL,0.45,100,512,1,0.18,50,0.4609375,0.022503509457100293,0.5827413616982435,0.00825881769801959
coil20,ICL,0.4,100,512,1,0.19,200,0.4604513888888889,0.03475864409208694,0.6406590730251408,0.012477512467325603
coil20,ICL,0.5,100,512,1,0.16,50,0.4601736111111112,0.022572408993333997,0.5918155737473977,0.013096399280031541
coil20,ICL,0.5,100,512,1,0.16,50,0.4601736111111112,0.022572408993333997,0.5918155737473977,0.013096399280031541
coil20,ICL,0.75,100,512,1,0.14,50,0.45628472222222227,0.0300289814680628,0.593426090321383,0.015160079020105674
coil20,ICL,0.85,100,512,1,0.16,50,0.45395833333333335,0.03144775392379957,0.5712559641196631,0.012405575159135361
coil20,ICL,0.7,100,512,1,0.16,100,0.4531944444444444,0.027269127673507892,0.6417847972464432,0.010975187250510627
coil20,ICL,0.65,100,512,1,0.17,50,0.4530208333333333,0.030262383796901843,0.5645129935543094,0.015323331032878548
coil20,ICL,0.5,100,512,1,0.18,100,0.4529166666666667,0.029348474364621815,0.6303229666371811,0.014915814165863253
coil20,ICL,0.5,100,512,1,0.18,100,0.4529166666666667,0.029348474364621815,0.6303229666371811,0.014915814165863253
coil20,ICL,0.8,100,512,1,0.14,50,0.452326388888889,0.027285812738027274,0.6088723803341322,0.009967754832430247
coil20,ICL,0.7,100,512,1,0.14,50,0.4522222222222222,0.035359840031270455,0.582560380658608,0.010008998955901877
coil20,ICL,0.3,100,512,1,0.18,50,0.45107638888888885,0.025303401047141263,0.6002077393758963,0.009796317993966066
coil20,ICL,0.9,100,512,1,0.18,50,0.4495833333333333,0.037343681394895405,0.5742295902064067,0.012675719343061572
coil20,ICL,1.0,100,512,1,0.18,50,0.4494097222222222,0.012463826904112517,0.5652520500487977,0.008514215446718692
coil20,ICL,0.6,100,512,1,0.19,100,0.44930555555555546,0.02557687063986513,0.5736989942999947,0.010429936694441469
coil20,ICL,0.6,100,512,1,0.15,50,0.4490277777777778,0.02065595787367442,0.5900248861976234,0.00910144100735311
coil20,ICL,0.75,100,512,1,0.15,50,0.4447222222222222,0.02368900549794105,0.5856682248730384,0.015015586176806863
coil20,ICL,0.85,100,512,1,0.15,50,0.4428819444444444,0.03221269839497776,0.5935005258108773,0.014391505393664267
coil20,ICL,0.45,100,512,1,0.2,50,0.44281250000000005,0.029614839606569528,0.5658992343286521,0.011325962875017873
coil20,ICL,0.7,100,512,1,0.2,50,0.4412847222222222,0.028397152899966468,0.5755156381200603,0.013358591005774289
coil20,ICL,0.85,100,512,1,0.14,50,0.4411805555555556,0.024515069219301848,0.5881520122552638,0.014033614219434994
coil20,ICL,0.8,100,512,1,0.15,50,0.4400694444444445,0.026894910798362058,0.5764433852569726,0.010443689929675226
coil20,ICL,0.4,100,512,1,0.2,150,0.43954861111111104,0.024527238063459265,0.6328330174158237,0.011399009369891494
coil20,ICL,0.4,100,512,1,0.19,150,0.43923611111111116,0.027836309859694736,0.6165289307196772,0.012968225302620788
coil20,ICL,0.65,100,512,1,0.2,50,0.4369791666666666,0.021808071112860494,0.576202300095743,0.010148479106703861
coil20,ICL,0.8,100,512,1,0.2,50,0.43520833333333336,0.02252088793805694,0.5865168454350905,0.009493451632958132
coil20,ICL,0.65,100,512,1,0.16,50,0.4334027777777777,0.027993003011334675,0.5927359651002821,0.01293987727294032
coil20,ICL,0.55,100,512,1,0.16,100,0.43152777777777773,0.0450824433402945,0.6021363785474091,0.01960803167302787
coil20,ICL,0.7,100,512,1,0.16,50,0.42822916666666666,0.02483964292668694,0.6111923173732405,0.01146877332076456
coil20,ICL,0.5,100,512,1,0.18,50,0.426875,0.030435448919408532,0.5708711614516906,0.017020933105841483
coil20,ICL,0.5,100,512,1,0.18,50,0.426875,0.030435448919408532,0.5708711614516906,0.017020933105841483
coil20,ICL,0.5,100,512,1,0.2,50,0.42673611111111115,0.027050817375432717,0.5688859134549371,0.012140435289199614
coil20,ICL,0.5,100,512,1,0.2,50,0.42673611111111115,0.027050817375432717,0.5688859134549371,0.012140435289199614
coil20,ICL,0.5,100,512,1,0.19,50,0.42541666666666667,0.03268126681475619,0.5502523441289406,0.019763780970859488
coil20,ICL,0.5,100,512,1,0.19,50,0.42541666666666667,0.03268126681475619,0.5502523441289406,0.019763780970859488
coil20,ICL,0.2,100,512,1,0.16,50,0.42437500000000006,0.01496990937609159,0.5859312278615577,0.009176386841169766
coil20,ICL,0.4,100,512,1,0.2,100,0.42197916666666674,0.026323269107916252,0.6014327574071306,0.018021861990038125
coil20,ICL,0.8,100,512,1,0.16,50,0.42062499999999997,0.02467096355842703,0.5812272924193858,0.013023444613555485
coil20,ICL,0.35,100,512,1,0.2,50,0.41885416666666664,0.02282628959177942,0.5283379891688305,0.012021852424814246
coil20,ICL,0.75,100,512,1,0.17,50,0.41833333333333333,0.024089716250141797,0.5483442379873263,0.01724368658151855
coil20,ICL,0.9,100,512,1,0.19,50,0.41375,0.0256000518421543,0.566812446592024,0.015000398173384088
coil20,ICL,0.6,100,512,1,0.19,50,0.3980208333333333,0.024819249167608335,0.515061678409219,0.012794890997208588
coil20,ICL,0.4,100,512,1,0.19,100,0.39319444444444446,0.0349896644792483,0.5797710932976987,0.01810586378967619
coil20,ICL,0.4,100,512,1,0.2,50,0.3882986111111111,0.02003839269285246,0.5076239248325393,0.01341538668996959
coil20,ICL,0.95,100,512,1,0.16,50,0.38385416666666666,0.03499605563642887,0.526841104455657,0.01888242769636894
coil20,ICL,0.55,100,512,1,0.19,50,0.37725694444444446,0.02583097640831236,0.5198377532575497,0.013096644014483277
coil20,ICL,0.75,100,512,1,0.2,50,0.37545138888888896,0.02480856003174641,0.5279774043291555,0.014406141220560408
coil20,ICL,0.55,100,512,1,0.16,50,0.36625,0.03180707177366089,0.5375444856972366,0.01431562645868687
coil20,ICL,0.4,100,512,1,0.19,50,0.340763888888889,0.017606734691063004,0.4780113176164039,0.01623578956920964
prostate,ICL,0.2,100,512,1,0.01,50,0.7637254901960786,0.05774335028481262,0.24349950179958363,0.08629234118855822
prostate,ICL,0.95,100,512,1,0.05,100,0.7450980392156862,0.10504388420375589,0.24169253541219543,0.15630551551022884
prostate,ICL,0.3,100,512,1,0.05,50,0.7446078431372548,0.033315306544208216,0.19320991969793525,0.05017003684351612
prostate,ICL,0.15,100,512,1,0.01,50,0.7406862745098041,0.0918368976129312,0.21450389550918736,0.12625650766487095
prostate,ICL,0.95,100,512,1,0.05,50,0.7328431372549019,0.08822848557609461,0.21761051792111777,0.13341875609222317
prostate,ICL,0.25,100,512,1,0.03,50,0.7235294117647059,0.08022459821756386,0.17829640669773206,0.1027509767644589
prostate,ICL,0.35,100,512,1,0.03,50,0.7215686274509804,0.07312963215282946,0.1773743932661505,0.09715085239913425
prostate,ICL,1.0,100,512,1,0.05,100,0.718627450980392,0.08502323449323065,0.18494082245943605,0.11293216123664429
prostate,ICL,0.45,100,512,1,0.03,50,0.7058823529411764,0.09264576199943098,0.17862797698944022,0.12367192256511597
prostate,ICL,0.45,100,512,1,0.03,100,0.7004901960784313,0.10565857798533866,0.1657619667621459,0.1435184950135227
prostate,ICL,0.35,100,512,1,0.01,50,0.6838235294117647,0.09175313107828094,0.13848111056307827,0.1303953192025401
prostate,ICL,1.0,100,512,1,0.09,50,0.681862745098039,0.07127086863963034,0.13269356973727292,0.08851217217928593
prostate,ICL,0.3,100,512,1,0.03,50,0.6808823529411765,0.08286923825974327,0.13599687001000998,0.11266843180619238
prostate,ICL,0.6,100,512,1,0.08,50,0.6794117647058823,0.0656277175340375,0.1250327621286872,0.07539718987918739
prostate,ICL,0.3,100,512,1,0.05,100,0.6784313725490196,0.07360127207499398,0.1283249955615285,0.08712331648136033
prostate,ICL,0.35,100,512,1,0.03,100,0.6774509803921568,0.10035979104498398,0.13315932385916923,0.12702705829409258
prostate,ICL,0.95,100,512,1,0.05,200,0.6745098039215687,0.08611839708234412,0.1287973920498888,0.11701520406821285
prostate,ICL,0.95,100,512,1,0.05,150,0.6740196078431371,0.08323956662398796,0.1312467231237781,0.11195627166465824
prostate,ICL,1.0,100,512,1,0.05,150,0.6681372549019609,0.08726454011540567,0.12207676438816406,0.10136492554275216
prostate,ICL,0.25,100,512,1,0.05,50,0.6642156862745098,0.06648439615968689,0.11116594935157967,0.06888883294327706
prostate,ICL,0.15,100,512,1,0.02,50,0.6637254901960784,0.04863575197965674,0.0925697266287517,0.04835622947838258
prostate,ICL,1.0,100,512,1,0.05,50,0.6612745098039216,0.09618216688773601,0.12371324823881877,0.13713865251387558
prostate,ICL,0.3,100,512,1,0.01,50,0.6602941176470588,0.04735152029695469,0.09509742760750706,0.05998100012184476
prostate,ICL,0.35,100,512,1,0.03,150,0.6573529411764705,0.08361975000746555,0.10883320328754838,0.10335741251148273
prostate,ICL,1.0,100,512,1,0.05,200,0.6553921568627451,0.10128333579596255,0.11686943048464563,0.12092515387488202
prostate,ICL,0.2,100,512,1,0.03,50,0.651470588235294,0.08880399516836145,0.101649700265747,0.10070517412375465
prostate,ICL,0.4,100,512,1,0.07,50,0.6509803921568627,0.0523753348595807,0.08515182456463424,0.05961762816995075
prostate,ICL,0.4,100,512,1,0.03,100,0.6504901960784314,0.10834442317472646,0.109142236432229,0.12564380368314243
prostate,ICL,0.5,100,512,1,0.06,100,0.6465686274509803,0.06409958071311446,0.08866401159016972,0.07280602218390086
prostate,ICL,0.5,100,512,1,0.06,100,0.6465686274509803,0.06409958071311446,0.08866401159016972,0.07280602218390086
prostate,ICL,0.4,100,512,1,0.03,50,0.6450980392156862,0.05410841069233972,0.08805269606133839,0.056100714277025746
prostate,ICL,0.2,100,512,1,0.05,50,0.6392156862745098,0.04868513340366723,0.08283215764698958,0.04831668465138824
prostate,ICL,0.2,100,512,1,0.07,50,0.6392156862745096,0.011004874666982202,0.06560240686603372,0.007487758917731843
prostate,ICL,0.85,100,512,1,0.06,250,0.6377450980392155,0.0021367151684023073,0.05949745758445738,0.0020918621976378014
prostate,ICL,0.15,100,512,1,0.03,100,0.6367647058823528,0.015021130829455486,0.08027264119574558,0.020003884937790217
prostate,ICL,0.7,100,512,1,0.08,100,0.6348039215686274,0.08277639729566809,0.08952058285940073,0.09741034383576284
prostate,ICL,0.25,100,512,1,0.01,50,0.6348039215686273,0.011957167566323996,0.05919913497723246,0.011423772542218762
prostate,ICL,0.85,100,512,1,0.06,150,0.6343137254901959,0.009352345111930858,0.057965371315522166,0.0073858485076927815
prostate,ICL,0.85,100,512,1,0.06,200,0.6343137254901959,0.004492721269564533,0.057163559340725,0.0030920697529071657
prostate,ICL,0.4,100,512,1,0.07,100,0.6338235294117647,0.038257283772245805,0.07811510723280278,0.033569280461510795
prostate,ICL,0.3,100,512,1,0.05,150,0.6338235294117646,0.014632168192744415,0.08193143770128822,0.014204932493416962
prostate,ICL,0.2,100,512,1,0.04,50,0.6338235294117646,0.053093010304330064,0.07795127390694999,0.055895192517905486
prostate,ICL,0.7,100,512,1,0.04,50,0.6338235294117646,0.051250697428699504,0.07539267883695043,0.050224783387948196
prostate,ICL,0.5,100,512,1,0.07,50,0.6338235294117646,0.04021699599209544,0.06414861666504595,0.02744653796690805
prostate,ICL,0.5,100,512,1,0.07,50,0.6338235294117646,0.04021699599209544,0.06414861666504595,0.02744653796690805
prostate,ICL,0.25,100,512,1,0.05,200,0.6333333333333332,0.004802921064280724,0.0772495186844411,0.001507681811016272
prostate,ICL,0.75,100,512,1,0.05,50,0.6333333333333332,0.016521862300345802,0.05853343959882791,0.01246255144244832
prostate,ICL,0.3,100,512,1,0.03,100,0.6328431372549018,0.018465498237095493,0.07570806205953334,0.02453357091378326
prostate,ICL,0.5,100,512,1,0.06,50,0.6323529411764705,0.05471782847990519,0.08036209304413518,0.05547496185449298
prostate,ICL,0.5,100,512,1,0.06,50,0.6323529411764705,0.05471782847990519,0.08036209304413518,0.05547496185449298
prostate,ICL,0.45,100,512,1,0.07,150,0.6308823529411764,0.06765949019052105,0.08034047731548576,0.07198404377611263
prostate,ICL,0.35,100,512,1,0.07,300,0.6308823529411763,0.009937811241526097,0.07472934325185565,0.007752715837239573
prostate,ICL,0.4,100,512,1,0.07,150,0.6299019607843136,0.01310759015404014,0.07805597980733638,0.012738386397081154
prostate,ICL,0.35,100,512,1,0.08,50,0.6294117647058823,0.04937128749809479,0.05989758247902055,0.05974976250248977
prostate,ICL,0.65,100,512,1,0.08,50,0.6289215686274509,0.06578679753354269,0.06785374934084634,0.08540095484272589
prostate,ICL,0.2,100,512,1,0.07,100,0.6284313725490195,0.06207516124814405,0.0746401379333631,0.04497978228924871
prostate,ICL,0.85,100,512,1,0.06,300,0.6284313725490195,0.010235594616578943,0.05079801609709411,0.009583880511559022
prostate,ICL,0.65,100,512,1,0.08,100,0.6279411764705881,0.07672625686743327,0.07736996347479866,0.09283983476063806
prostate,ICL,0.85,100,512,1,0.06,100,0.6279411764705881,0.012960102025884573,0.05448213022398544,0.008469580231543533
prostate,ICL,0.35,100,512,1,0.07,50,0.6274509803921569,0.0792845749770813,0.08096975358727096,0.10478224486616929
prostate,ICL,0.25,100,512,1,0.05,100,0.6274509803921567,0.030847319063828,0.0760449609173761,0.03008067407250779
prostate,ICL,0.45,100,512,1,0.03,150,0.6269607843137254,0.09099576230885664,0.07904829182650505,0.11806038873491574
prostate,ICL,0.3,100,512,1,0.07,200,0.6259803921568627,0.06325429111213264,0.0704727384284019,0.08417779563000556
prostate,ICL,0.15,100,512,1,0.03,50,0.6259803921568626,0.01967512964744066,0.0672944446434405,0.0176274442905263
prostate,ICL,0.55,100,512,1,0.08,100,0.6254901960784313,0.0039215686274509665,0.07356785328502505,0.0036702796673670273
prostate,ICL,0.3,100,512,1,0.07,50,0.6254901960784313,0.06228384382066114,0.06957786833048045,0.0555248307987671
prostate,ICL,0.55,100,512,1,0.08,200,0.6254901960784313,0.003921568627450966,0.06643291613289286,0.0027559525649505628
prostate,ICL,0.25,100,512,1,0.03,100,0.6245098039215685,0.02632494427862266,0.06556017084813459,0.03279097937508991
prostate,ICL,0.9,100,512,1,0.07,50,0.6240196078431371,0.02198243855370456,0.06537009914490158,0.02194415458929791
prostate,ICL,0.85,100,512,1,0.07,150,0.6235294117647058,0.007843137254901976,0.0718039239866488,0.007198138264119527
prostate,ICL,0.45,100,512,1,0.07,200,0.6235294117647058,0.03901911518065177,0.06953492421672677,0.04012246705729911
prostate,ICL,0.7,100,512,1,0.08,200,0.6235294117647058,0.027971260034680603,0.06502422900506348,0.030642512533165734
prostate,ICL,0.35,100,512,1,0.07,100,0.6220588235294117,0.014697710147612713,0.0685195291005695,0.01031070266275923
prostate,ICL,0.5,100,512,1,0.06,150,0.6215686274509803,0.04464822563425764,0.061482539755848276,0.04375393357905314
prostate,ICL,0.5,100,512,1,0.06,150,0.6215686274509803,0.04464822563425764,0.061482539755848276,0.04375393357905314
prostate,ICL,0.9,100,512,1,0.09,100,0.6215686274509803,0.012166346711755755,0.05081695652590999,0.010965233577622382
prostate,ICL,0.3,100,512,1,0.05,200,0.6210784313725489,0.020394749081092886,0.06478770498432838,0.02540708583858679
prostate,ICL,0.3,100,512,1,0.07,250,0.6210784313725489,0.04045528571463783,0.05644901263145609,0.031597115934806054
prostate,ICL,0.6,100,512,1,0.08,100,0.6210784313725489,0.02994211383152051,0.0562397566705166,0.030087726701039395
prostate,ICL,0.85,100,512,1,0.06,50,0.6210784313725489,0.005610550559931156,0.05110704025415909,0.006142817718982662
prostate,ICL,0.3,100,512,1,0.05,300,0.6200980392156862,0.013821443313599708,0.059589552692393286,0.01941231545331448
prostate,ICL,0.25,100,512,1,0.06,100,0.6191176470588234,0.041394729673619304,0.06100663069825919,0.03851402501920668
prostate,ICL,0.3,100,512,1,0.03,150,0.6191176470588234,0.02198243855370454,0.05814857916824766,0.021776878337916843
prostate,ICL,0.4,100,512,1,0.07,200,0.6186274509803921,0.02167974939950585,0.06369745402217669,0.025716531395643904
prostate,ICL,0.25,100,512,1,0.05,150,0.6186274509803921,0.012362274718547549,0.06326344727264023,0.017756746298008205
prostate,ICL,0.15,100,512,1,0.08,200,0.6186274509803921,0.03846087303124123,0.055445344585358526,0.03317102657438978
prostate,ICL,0.3,100,512,1,0.05,250,0.6181372549019607,0.019230436515620633,0.0588519070081171,0.024228157018635635
prostate,ICL,0.55,100,512,1,0.08,150,0.6181372549019607,0.0037652675234650054,0.05754160493000732,0.007480134686883315
prostate,ICL,0.95,100,512,1,0.06,200,0.6176470588235293,0.009300816647554076,0.06638751765473234,0.008536109015617627
prostate,ICL,0.1,100,512,1,0.01,50,0.617156862745098,0.016250572994363496,0.04467394390805565,0.012503645738967449
prostate,ICL,0.1,100,512,1,0.01,50,0.617156862745098,0.016250572994363496,0.04467394390805565,0.012503645738967449
prostate,ICL,0.95,100,512,1,0.06,150,0.6166666666666666,0.011967211387974222,0.06559915916421855,0.010765720112163238
prostate,ICL,0.45,100,512,1,0.07,250,0.6161764705882352,0.0377514636852748,0.06028782874151203,0.039962787797079624
prostate,ICL,0.8,100,512,1,0.04,100,0.6161764705882352,0.016191318200895838,0.05316779466238221,0.011376677986601061
prostate,ICL,0.3,100,512,1,0.07,150,0.6151960784313725,0.08125286497181752,0.07320744914817776,0.07988117749429618
prostate,ICL,0.3,100,512,1,0.06,150,0.6151960784313725,0.04949524150037369,0.05737636841422587,0.052467553775402055
prostate,ICL,0.7,100,512,1,0.08,50,0.6147058823529411,0.044830836726171275,0.05580984934400638,0.03819884645372375
prostate,ICL,0.45,100,512,1,0.06,200,0.6147058823529411,0.02739840904408257,0.04365318781299545,0.0197273233375295
prostate,ICL,0.35,100,512,1,0.04,150,0.6142156862745097,0.012885724929504823,0.062027628208297415,0.013107657777191273
prostate,ICL,0.85,100,512,1,0.07,200,0.6142156862745097,0.017337979591987643,0.05693721093092252,0.022851445293308622
prostate,ICL,0.3,100,512,1,0.07,300,0.6142156862745097,0.02580406311421932,0.049468620168507046,0.026191609689186057
prostate,ICL,0.2,100,512,1,0.05,100,0.6137254901960784,0.007204381596421129,0.06161538528149463,0.00751626458909072
prostate,ICL,0.6,100,512,1,0.07,100,0.6137254901960784,0.008433652222590826,0.061427374557697714,0.007541923589898414
prostate,ICL,0.25,100,512,1,0.02,50,0.6137254901960784,0.06446777342264157,0.05243918031659206,0.04974588427894455
prostate,ICL,0.9,100,512,1,0.08,100,0.6137254901960784,0.008985442539129111,0.04761296989877172,0.010421859830749882
prostate,ICL,0.35,100,512,1,0.04,100,0.613235294117647,0.02180683962699533,0.05808601172659822,0.018036482415018654
prostate,ICL,0.8,100,512,1,0.04,150,0.613235294117647,0.01564793107795329,0.052673722008570754,0.020319778325632788
prostate,ICL,0.25,100,512,1,0.04,100,0.6132352941176469,0.035817873063003075,0.05670506435583898,0.028916776113420268
prostate,ICL,0.7,100,512,1,0.04,100,0.6132352941176469,0.03828239933954792,0.05138213770624485,0.03254218878499542
prostate,ICL,0.9,100,512,1,0.07,300,0.6127450980392156,0.03431372549019607,0.05719026519147126,0.03759032388502392
prostate,ICL,0.15,100,512,1,0.03,200,0.6127450980392156,0.021367151684022884,0.05095913773256842,0.023406269750008143
prostate,ICL,0.35,100,512,1,0.03,200,0.6127450980392156,0.02091247941931523,0.04846159035183029,0.022955871517869146
prostate,ICL,0.15,100,512,1,0.04,100,0.6122549019607842,0.008476282581269912,0.06043569857112009,0.008140340981645558
prostate,ICL,0.1,100,512,1,0.03,50,0.6122549019607842,0.0165436637555747,0.052104581209329245,0.01690495508770916
prostate,ICL,0.1,100,512,1,0.03,50,0.6122549019607842,0.0165436637555747,0.052104581209329245,0.01690495508770916
prostate,ICL,0.75,100,512,1,0.09,50,0.6122549019607841,0.020906733443270698,0.05305116509736285,0.017711447878932217
prostate,ICL,0.25,100,512,1,0.06,250,0.6117647058823529,0.021344648095173755,0.05398341900118655,0.026374829890077976
prostate,ICL,0.9,100,512,1,0.07,250,0.6117647058823529,0.028817526385684456,0.05276204257866703,0.034308643538884354
prostate,ICL,0.7,100,512,1,0.08,150,0.6117647058823529,0.026741532739187966,0.052326586404083275,0.02011668136728688
prostate,ICL,0.6,100,512,1,0.07,300,0.6117647058823529,0.007843137254901976,0.051981800886079385,0.012407655188958998
prostate,ICL,0.1,100,512,1,0.09,150,0.6117647058823529,0.03814720874185042,0.051611647281133585,0.0318815562970752
prostate,ICL,0.1,100,512,1,0.09,150,0.6117647058823529,0.03814720874185042,0.051611647281133585,0.0318815562970752
prostate,ICL,0.55,100,512,1,0.06,200,0.6112745098039215,0.022840191680826946,0.05259353989605042,0.026760504630299435
prostate,ICL,0.55,100,512,1,0.08,300,0.6112745098039215,0.014632168192744413,0.05145278354136534,0.019539282130101875
prostate,ICL,0.7,100,512,1,0.08,300,0.6112745098039215,0.025239148356580397,0.05018546186911038,0.029551274207182034
prostate,ICL,0.55,100,512,1,0.08,250,0.6112745098039215,0.014632168192744413,0.0496490471934169,0.01740618387083268
prostate,ICL,0.85,100,512,1,0.07,300,0.6107843137254901,0.018627450980392143,0.05347714023698145,0.024379020066986
prostate,ICL,0.25,100,512,1,0.05,250,0.6107843137254901,0.021276994523735965,0.05238306141879771,0.024513280067961326
prostate,ICL,0.95,100,512,1,0.06,100,0.6102941176470588,0.01310759015404014,0.057651858465969916,0.014710346403298723
prostate,ICL,0.9,100,512,1,0.07,100,0.6102941176470588,0.01907990240787113,0.05327878058616621,0.024503185029274902
prostate,ICL,0.85,100,512,1,0.07,100,0.6098039215686274,0.00664934312071107,0.056977519836955294,0.007268695634591783
prostate,ICL,0.3,100,512,1,0.09,300,0.6098039215686274,0.023117306122650158,0.055361106920553904,0.025962211438224896
prostate,ICL,0.25,100,512,1,0.04,150,0.6098039215686274,0.019754354587852817,0.053413127838033224,0.022546195232623335
prostate,ICL,0.9,100,512,1,0.07,200,0.6098039215686274,0.019996154955265806,0.050797142832383055,0.0250717171794048
prostate,ICL,0.9,100,512,1,0.09,200,0.6098039215686274,0.028850860724631694,0.03866008098550629,0.021240985043130798
prostate,ICL,0.3,100,512,1,0.09,150,0.609313725490196,0.02131648520113615,0.05348880349153231,0.024236103187868934
prostate,ICL,1.0,100,512,1,0.05,250,0.6093137254901959,0.04755407290714086,0.05276036795151693,0.03727973648449396
prostate,ICL,0.7,100,512,1,0.07,200,0.6088235294117647,0.02030619135020388,0.05518509398625025,0.02318748879531849
prostate,ICL,0.3,100,512,1,0.04,200,0.6088235294117647,0.013478163808693652,0.05431591801688832,0.01819492728196434
prostate,ICL,0.4,100,512,1,0.04,300,0.6088235294117647,0.017510363823031137,0.046634616654391996,0.02378052612814987
prostate,ICL,0.25,100,512,1,0.04,300,0.6088235294117647,0.015470327292215182,0.045514503599600784,0.019753696420548337
prostate,ICL,0.15,100,512,1,0.08,250,0.6088235294117645,0.025546694550579174,0.04624342560515583,0.023195900236694083
prostate,ICL,0.55,100,512,1,0.07,100,0.6083333333333333,0.0065583765491469045,0.05539427268669287,0.006515469895319546
prostate,ICL,0.25,100,512,1,0.06,200,0.6083333333333333,0.021806839626995304,0.049888042496916724,0.024910727107029434
prostate,ICL,0.2,100,512,1,0.07,300,0.6083333333333333,0.026755007939206234,0.04851639038644607,0.029010100597333326
prostate,ICL,1.0,100,512,1,0.09,100,0.6083333333333333,0.03273320789175794,0.04168066674080455,0.03761554701011552
prostate,ICL,0.5,100,512,1,0.03,150,0.6083333333333332,0.0908371823359399,0.0613922609784265,0.1118766776076085
prostate,ICL,0.5,100,512,1,0.03,150,0.6083333333333332,0.0908371823359399,0.0613922609784265,0.1118766776076085
prostate,ICL,0.7,100,512,1,0.08,250,0.6078431372549019,0.03641995219805238,0.05139164022651471,0.03325974123684562
prostate,ICL,0.25,100,512,1,0.05,300,0.6078431372549019,0.0169808902702831,0.04996141447781943,0.02159452049516462
prostate,ICL,0.1,100,512,1,0.04,50,0.6078431372549018,1.1102230246251565e-16,0.05740764745840974,0.0
prostate,ICL,0.1,100,512,1,0.04,50,0.6078431372549018,1.1102230246251565e-16,0.05740764745840974,0.0
prostate,ICL,0.15,100,512,1,0.05,100,0.6078431372549018,1.1102230246251565e-16,0.05740764745840974,0.0
prostate,ICL,0.75,100,512,1,0.07,150,0.6078431372549018,1.1102230246251565e-16,0.05740764745840974,0.0
prostate,ICL,0.9,100,512,1,0.09,50,0.6078431372549018,1.1102230246251565e-16,0.040607516300516885,6.938893903907228e-18
prostate,ICL,0.15,100,512,1,0.04,150,0.6073529411764705,0.017937425944639197,0.05333206669477937,0.020301476560384328
prostate,ICL,0.65,100,512,1,0.06,250,0.6073529411764705,0.027464107505551835,0.04837296974721852,0.025616810372223887
prostate,ICL,0.4,100,512,1,0.07,300,0.6073529411764705,0.023707455469301433,0.04801139634488642,0.02346505283151187
prostate,ICL,1.0,100,512,1,0.07,100,0.6073529411764705,0.02639331495288588,0.04768712137438357,0.028228055078099546
prostate,ICL,0.25,100,512,1,0.03,150,0.6073529411764705,0.0192304365156206,0.043593744068196764,0.0210756909988141
prostate,ICL,0.35,100,512,1,0.04,200,0.6068627450980392,0.014836025441589762,0.05211770889968115,0.019248333215680695
prostate,ICL,0.4,100,512,1,0.07,250,0.6068627450980392,0.027712341225691273,0.050245516071024156,0.02981221779031114
prostate,ICL,0.25,100,512,1,0.04,200,0.6068627450980392,0.0160796269282909,0.04906001910790317,0.02151165098147036
prostate,ICL,0.95,100,512,1,0.06,300,0.6063725490196078,0.014632168192744403,0.04917957812776301,0.017445705138823774
prostate,ICL,0.25,100,512,1,0.06,300,0.6063725490196078,0.024855406537425895,0.04915628321727235,0.02609224885368992
prostate,ICL,0.85,100,512,1,0.07,250,0.6063725490196078,0.019180389751484155,0.04785593418723953,0.024972913576825826
prostate,ICL,0.8,100,512,1,0.04,200,0.6063725490196078,0.017337979591987622,0.04563673161607583,0.022023783834083842
prostate,ICL,0.55,100,512,1,0.06,300,0.6063725490196078,0.025804063114219327,0.044930907887933025,0.029928850625977433
prostate,ICL,0.55,100,512,1,0.06,250,0.6063725490196078,0.021982438553704544,0.04452435053074097,0.025526457726308977
prostate,ICL,0.2,100,512,1,0.03,100,0.6063725490196078,0.02086070865779724,0.04332393284989183,0.023275605131292766
prostate,ICL,0.55,100,512,1,0.07,150,0.6063725490196077,0.006410145505206879,0.0504172292413248,0.010646083707474413
prostate,ICL,0.75,100,512,1,0.05,100,0.6063725490196077,0.042877448458519034,0.04482371301744792,0.03284396313529969
prostate,ICL,0.5,100,512,1,0.07,300,0.6058823529411764,0.01440876319284223,0.048746488152562995,0.019797657358831763
prostate,ICL,0.5,100,512,1,0.07,300,0.6058823529411764,0.01440876319284223,0.048746488152562995,0.019797657358831763
prostate,ICL,0.7,100,512,1,0.06,200,0.6058823529411764,0.019509557590325872,0.0431633987366178,0.025248052782306924
prostate,ICL,0.45,100,512,1,0.07,300,0.6053921568627451,0.027182687515709333,0.05054045130951891,0.029714158415064133
prostate,ICL,0.8,100,512,1,0.07,150,0.6053921568627451,0.023380862779827094,0.0495768466182548,0.022472515544835772
prostate,ICL,0.2,100,512,1,0.04,250,0.6053921568627451,0.013107590154040113,0.03811841803115263,0.013117851384025289
prostate,ICL,0.1,100,512,1,0.05,100,0.605392156862745,0.01068357584201144,0.05144646084119846,0.008544021135117362
prostate,ICL,0.1,100,512,1,0.05,100,0.605392156862745,0.01068357584201144,0.05144646084119846,0.008544021135117362
prostate,ICL,0.45,100,512,1,0.06,150,0.6049019607843137,0.02632494427862264,0.03662090033047607,0.01852326139915891
prostate,ICL,0.65,100,512,1,0.06,150,0.6044117647058823,0.044310580315246324,0.05230343155759772,0.03313910976231114
prostate,ICL,0.65,100,512,1,0.07,300,0.6044117647058823,0.02154075739482334,0.0501280057896407,0.02465029394025813
prostate,ICL,0.35,100,512,1,0.07,200,0.6044117647058823,0.023462937144655503,0.0498985897000908,0.02482113396744831
prostate,ICL,0.35,100,512,1,0.04,250,0.6044117647058823,0.014632168192744412,0.04836023005018699,0.019752782353982996
prostate,ICL,0.55,100,512,1,0.07,200,0.6044117647058823,0.008918335979735426,0.0452667684608905,0.014415204260497999
prostate,ICL,0.9,100,512,1,0.08,200,0.6044117647058823,0.01918038975148415,0.04503091026344804,0.023145163799286567
prostate,ICL,0.25,100,512,1,0.04,250,0.6044117647058823,0.013959834182253082,0.04388192507971749,0.01910453784378046
prostate,ICL,0.8,100,512,1,0.04,250,0.6044117647058823,0.019180389751484152,0.04277723741582068,0.023384753749921626
prostate,ICL,0.3,100,512,1,0.06,100,0.6044117647058823,0.017612984532570257,0.03729424615937953,0.013712199837319927
prostate,ICL,0.1,100,512,1,0.01,150,0.6044117647058823,0.019180389751484152,0.035316235832819544,0.012878361806893876
prostate,ICL,0.1,100,512,1,0.01,150,0.6044117647058823,0.019180389751484152,0.035316235832819544,0.012878361806893876
prostate,ICL,0.1,100,512,1,0.08,200,0.6039215686274509,0.07520317219907885,0.058048143920907715,0.07512097838958195
prostate,ICL,0.1,100,512,1,0.08,200,0.6039215686274509,0.07520317219907885,0.058048143920907715,0.07512097838958195
prostate,ICL,0.3,100,512,1,0.09,200,0.6039215686274509,0.02328302370007432,0.048372573454427185,0.025903781354434413
prostate,ICL,0.1,100,512,1,0.05,150,0.6039215686274509,0.01844596835512429,0.04699247665054921,0.021859804938314548
prostate,ICL,0.1,100,512,1,0.05,150,0.6039215686274509,0.01844596835512429,0.04699247665054921,0.021859804938314548
prostate,ICL,0.1,100,512,1,0.03,100,0.6039215686274509,0.012932260743404828,0.04018428208930417,0.01170485950995187
prostate,ICL,0.1,100,512,1,0.03,100,0.6039215686274509,0.012932260743404828,0.04018428208930417,0.01170485950995187
prostate,ICL,0.4,100,512,1,0.03,150,0.6039215686274509,0.029313561544560884,0.039431055720555615,0.022311756947397964
prostate,ICL,0.25,100,512,1,0.03,200,0.6039215686274509,0.017093721347218312,0.038067219516638565,0.015535694773208555
prostate,ICL,0.1,100,512,1,0.05,200,0.6034313725490196,0.02329849929081595,0.04638310582053378,0.022761505816107894
prostate,ICL,0.1,100,512,1,0.05,200,0.6034313725490196,0.02329849929081595,0.04638310582053378,0.022761505816107894
prostate,ICL,0.1,100,512,1,0.03,150,0.6034313725490196,0.015021130829455453,0.04147853913832285,0.015140552721104972
prostate,ICL,0.1,100,512,1,0.03,150,0.6034313725490196,0.015021130829455453,0.04147853913832285,0.015140552721104972
prostate,ICL,0.8,100,512,1,0.04,300,0.6034313725490196,0.021806839626995304,0.041166612791855205,0.023778208035877626
prostate,ICL,0.1,100,512,1,0.03,300,0.6034313725490196,0.01766747185386283,0.04036157521757147,0.01530071897060496
prostate,ICL,0.1,100,512,1,0.03,300,0.6034313725490196,0.01766747185386283,0.04036157521757147,0.01530071897060496
prostate,ICL,0.25,100,512,1,0.01,100,0.6034313725490195,0.007888959284034816,0.03258510299194741,0.0050204635730235385
prostate,ICL,0.3,100,512,1,0.04,150,0.6029411764705882,0.020447699622170783,0.04910132512213997,0.02157245073017715
prostate,ICL,0.3,100,512,1,0.09,250,0.6029411764705882,0.024705104251674773,0.047563290100358896,0.02759653594168858
prostate,ICL,0.15,100,512,1,0.05,150,0.6029411764705882,0.01470588235294118,0.0463750007279532,0.019852293222337787
prostate,ICL,0.55,100,512,1,0.07,300,0.6029411764705882,0.01470588235294118,0.044884135090138735,0.01864174163649331
prostate,ICL,0.2,100,512,1,0.04,150,0.6029411764705882,0.029817463383814812,0.04344643499828602,0.02679814214054558
prostate,ICL,0.15,100,512,1,0.03,150,0.6029411764705882,0.018472003609232117,0.04044169613511299,0.015363326373386981
prostate,ICL,0.5,100,512,1,0.03,50,0.6024509803921568,0.08738561480438577,0.05966368456159908,0.10563193419962628
prostate,ICL,0.5,100,512,1,0.03,50,0.6024509803921568,0.08738561480438577,0.05966368456159908,0.10563193419962628
prostate,ICL,0.35,100,512,1,0.07,150,0.6024509803921568,0.01502113082945545,0.04707175765115747,0.017572790563231404
prostate,ICL,0.35,100,512,1,0.07,250,0.6024509803921568,0.02430799268277927,0.04653977681096753,0.02531806614322135
prostate,ICL,0.65,100,512,1,0.06,300,0.6024509803921568,0.020906733443270684,0.04350827126152566,0.024775568433522074
prostate,ICL,0.2,100,512,1,0.08,300,0.6024509803921567,0.04389650457823324,0.03916344669934476,0.042038503548506544
prostate,ICL,1.0,100,512,1,0.06,300,0.6019607843137255,0.017917320473036315,0.0463263202315428,0.019606746902766443
prostate,ICL,0.95,100,512,1,0.06,250,0.6019607843137255,0.018959881966484005,0.04602206664854765,0.019683620110513063
prostate,ICL,0.45,100,512,1,0.06,250,0.6019607843137254,0.03137254901960782,0.035119829805331695,0.021357122764509757
prostate,ICL,0.3,100,512,1,0.04,100,0.6014705882352941,0.02086070865779726,0.04571773894754968,0.020736319796273394
prostate,ICL,0.75,100,512,1,0.07,250,0.6014705882352941,0.01733797959198762,0.04495677346400072,0.021397298542313835
prostate,ICL,0.2,100,512,1,0.05,200,0.6014705882352941,0.02284019168082692,0.044858926248557425,0.025751434103296843
prostate,ICL,0.35,100,512,1,0.04,300,0.6014705882352941,0.016774449639479085,0.043475989130805116,0.020975400099197267
prostate,ICL,0.6,100,512,1,0.07,250,0.6014705882352941,0.007766166430271985,0.041872122383414805,0.012172337232867344
prostate,ICL,0.4,100,512,1,0.09,50,0.601470588235294,0.06310215502242109,0.042782254965574106,0.033823003833900335
prostate,ICL,0.7,100,512,1,0.07,250,0.6009803921568627,0.020588235294117626,0.046452499295283736,0.02385109037424421
prostate,ICL,0.2,100,512,1,0.04,200,0.6009803921568627,0.04319292308217781,0.039928216311029004,0.04692425296900596
prostate,ICL,0.8,100,512,1,0.04,50,0.6009803921568627,0.016139291797210124,0.03754494516463981,0.019590422248298215
prostate,ICL,0.9,100,512,1,0.09,250,0.6009803921568627,0.0268670384432249,0.03247858758351998,0.018236043929587824
prostate,ICL,0.9,100,512,1,0.09,150,0.6009803921568626,0.03223388671132077,0.034408950404096215,0.021422994625499046
prostate,ICL,0.9,100,512,1,0.07,150,0.6004901960784313,0.02438694698790732,0.045065690766041215,0.02744112246964465
prostate,ICL,0.75,100,512,1,0.07,300,0.6004901960784313,0.01830867587939518,0.04504641373341646,0.021203033417150442
prostate,ICL,0.1,100,512,1,0.04,150,0.6004901960784313,0.01416488556549009,0.03937392029763187,0.017138115108303712
prostate,ICL,0.1,100,512,1,0.04,150,0.6004901960784313,0.01416488556549009,0.03937392029763187,0.017138115108303712
prostate,ICL,0.35,100,512,1,0.08,200,0.6004901960784313,0.011957167566323992,0.03730241739511011,0.01564752680674687
prostate,ICL,0.9,100,512,1,0.06,200,0.6004901960784313,0.027182687515709313,0.03323107638726559,0.019735578285639415
prostate,ICL,0.55,100,512,1,0.06,150,0.6004901960784312,0.03051445979899198,0.04415251431323367,0.02448648188105844
prostate,ICL,0.75,100,512,1,0.06,150,0.6004901960784312,0.008128982329302422,0.03458813373384753,0.004843760505936972
prostate,ICL,0.2,100,512,1,0.02,50,0.6004901960784312,0.014827924962994276,0.03283081574748418,0.010894155339701754
prostate,ICL,1.0,100,512,1,0.06,200,0.6,0.018498002219718812,0.046752388080032924,0.0212560351684053
prostate,ICL,0.7,100,512,1,0.07,150,0.6,0.026416065853544075,0.046579558900794744,0.02259263957824304
prostate,ICL,0.8,100,512,1,0.07,300,0.6,0.036101867920631296,0.04578454361314338,0.03202553044631948
prostate,ICL,0.55,100,512,1,0.07,250,0.6,0.009605842128561458,0.043715076325780935,0.014390105626589302
prostate,ICL,1.0,100,512,1,0.09,150,0.6,0.03663047390641059,0.033864258015836514,0.026199435898282577
prostate,ICL,0.2,100,512,1,0.07,200,0.5999999999999999,0.05294117647058824,0.04978076486292175,0.04376933953004572
prostate,ICL,0.2,100,512,1,0.05,150,0.5995098039215686,0.01841337252058129,0.043875179949397186,0.02093124045417112
prostate,ICL,0.9,100,512,1,0.08,250,0.5995098039215686,0.02542884774380964,0.04137728889710807,0.02887536105273578
prostate,ICL,0.35,100,512,1,0.05,250,0.5995098039215686,0.01648546247137277,0.038294026206668455,0.02154605711925032
prostate,ICL,1.0,100,512,1,0.06,250,0.5990196078431372,0.019583317995527597,0.04442882743360703,0.022581866923705576
prostate,ICL,0.15,100,512,1,0.05,200,0.5990196078431372,0.019086198366599777,0.04392010971574882,0.022495334017341027
prostate,ICL,0.15,100,512,1,0.04,300,0.5990196078431372,0.015156494935039505,0.03698092978465647,0.01895264834334708
prostate,ICL,0.75,100,512,1,0.05,200,0.5990196078431371,0.0800626916989188,0.05709072243663582,0.08910473502209375
prostate,ICL,0.15,100,512,1,0.08,100,0.5990196078431371,0.04227070811237274,0.045644647724651245,0.030600102650839626
prostate,ICL,0.6,100,512,1,0.07,150,0.5990196078431371,0.010235594616578955,0.04540373626097819,0.013833715138778865
prostate,ICL,0.45,100,512,1,0.06,100,0.5990196078431371,0.01113511440352991,0.033845102596657864,0.006480303568085889
prostate,ICL,0.65,100,512,1,0.07,250,0.5985294117647059,0.02067558500878737,0.044375880500733336,0.023551579565945557
prostate,ICL,0.8,100,512,1,0.07,250,0.5985294117647059,0.03107626639332443,0.042941101801781026,0.02898467710506965
prostate,ICL,0.15,100,512,1,0.05,300,0.5985294117647059,0.02309130532022326,0.042255755989379036,0.025912702513954246
prostate,ICL,0.3,100,512,1,0.04,250,0.5985294117647059,0.01502113082945545,0.040928037734500856,0.019212994451452737
prostate,ICL,0.45,100,512,1,0.06,300,0.5985294117647058,0.030608810324998362,0.032612881182387726,0.019886293100928223
prostate,ICL,0.8,100,512,1,0.07,200,0.5980392156862745,0.030376339970254244,0.04312538359851641,0.02560827184075467
prostate,ICL,0.2,100,512,1,0.05,250,0.5980392156862745,0.024014605321403676,0.042307754188526,0.027022149431480236
prostate,ICL,0.2,100,512,1,0.05,300,0.5980392156862745,0.024014605321403676,0.042307754188526,0.027022149431480236
prostate,ICL,0.4,100,512,1,0.04,150,0.5980392156862745,0.018077538151554662,0.04166109787000165,0.020800297472602612
prostate,ICL,0.3,100,512,1,0.04,300,0.5980392156862745,0.01726158515848922,0.04131019864547346,0.020290246636684068
prostate,ICL,0.25,100,512,1,0.08,150,0.5980392156862745,0.022782254977690656,0.04111320390680014,0.026017523003380342
prostate,ICL,0.55,100,512,1,0.06,50,0.5980392156862745,0.036021907982105555,0.040739574884925675,0.023992428597229918
prostate,ICL,0.8,100,512,1,0.07,100,0.5980392156862744,0.03438368218970625,0.03731491846299424,0.02300931543731531
prostate,ICL,0.4,100,512,1,0.08,300,0.5975490196078431,0.021361528009314606,0.04011326037074571,0.024478401707063696
prostate,ICL,0.1,100,512,1,0.04,200,0.5975490196078431,0.01296010202588459,0.035781218051351794,0.015556126660395122
prostate,ICL,0.1,100,512,1,0.04,200,0.5975490196078431,0.01296010202588459,0.035781218051351794,0.015556126660395122
prostate,ICL,1.0,100,512,1,0.07,50,0.597549019607843,0.035548511292776246,0.04081580113176909,0.028696790802353142
prostate,ICL,0.75,100,512,1,0.06,300,0.597549019607843,0.02693403307414932,0.03221294736239615,0.017940965308824292
prostate,ICL,0.15,100,512,1,0.08,150,0.5970588235294116,0.049691474107741905,0.042618714553939493,0.031202792071367533
prostate,ICL,0.75,100,512,1,0.09,100,0.5970588235294116,0.027009759439129238,0.04001365557103681,0.02631614628676597
prostate,ICL,0.4,100,512,1,0.04,100,0.5965686274509804,0.0186725460340597,0.04088428741642783,0.019470649477731396
prostate,ICL,0.95,100,512,1,0.07,300,0.5965686274509804,0.03400067281148989,0.039093947115825284,0.031273106844429216
prostate,ICL,0.4,100,512,1,0.04,200,0.5965686274509804,0.013959834182253055,0.03723572122766479,0.018167505991251182
prostate,ICL,0.1,100,512,1,0.02,50,0.5965686274509804,0.023462937144655548,0.03301983509681167,0.016156713113598165
prostate,ICL,0.1,100,512,1,0.02,50,0.5965686274509804,0.023462937144655548,0.03301983509681167,0.016156713113598165
prostate,ICL,0.7,100,512,1,0.06,250,0.5965686274509803,0.03684957524441719,0.044336720777970476,0.03449553618912742
prostate,ICL,0.85,100,512,1,0.08,100,0.5965686274509803,0.019180389751484173,0.032097747552382275,0.012577239773375505
prostate,ICL,0.5,100,512,1,0.07,250,0.596078431372549,0.019509557590325865,0.040381535745998766,0.022316353491816265
prostate,ICL,0.5,100,512,1,0.07,250,0.596078431372549,0.019509557590325865,0.040381535745998766,0.022316353491816265
prostate,ICL,0.6,100,512,1,0.07,200,0.596078431372549,0.014738525861149881,0.04002941794420019,0.017313521166333768
prostate,ICL,0.4,100,512,1,0.08,250,0.596078431372549,0.022484990080744508,0.03959908131869843,0.024977280854034077
prostate,ICL,0.4,100,512,1,0.04,250,0.596078431372549,0.021834370050313787,0.03955824817182473,0.022373992681119725
prostate,ICL,0.1,100,512,1,0.04,100,0.596078431372549,0.020935447553002546,0.03941770948928039,0.023720412116824633
prostate,ICL,0.1,100,512,1,0.04,100,0.596078431372549,0.020935447553002546,0.03941770948928039,0.023720412116824633
prostate,ICL,0.3,100,512,1,0.09,100,0.596078431372549,0.016287497770427584,0.038330066293888874,0.019205102854676963
prostate,ICL,0.1,100,512,1,0.09,100,0.5960784313725489,0.05384129497155286,0.04521544835485416,0.04336741509287783
prostate,ICL,0.1,100,512,1,0.09,100,0.5960784313725489,0.05384129497155286,0.04521544835485416,0.04336741509287783
prostate,ICL,0.15,100,512,1,0.05,50,0.5960784313725489,0.017427832190814865,0.03797277637595937,0.011722559097825849
prostate,ICL,0.75,100,512,1,0.07,200,0.5955882352941176,0.01804427678363328,0.041992856147298266,0.01996322583555068
prostate,ICL,0.65,100,512,1,0.09,150,0.5955882352941176,0.012735667702712325,0.03550537485924869,0.015162614711455462
prostate,ICL,0.15,100,512,1,0.04,200,0.5950980392156863,0.01810410324766605,0.03711187905919074,0.019790035635339362
prostate,ICL,0.75,100,512,1,0.09,300,0.5950980392156863,0.015838720020983826,0.03579000459607806,0.019902203482123695
prostate,ICL,0.75,100,512,1,0.09,250,0.5950980392156863,0.020115965224199193,0.03510563875827246,0.022132337747621748
prostate,ICL,0.55,100,512,1,0.06,100,0.5950980392156862,0.0549457108596159,0.04891614566642736,0.0364200945820037
prostate,ICL,0.1,100,512,1,0.01,100,0.5950980392156862,0.004492721269564533,0.02703527724235639,0.0026662139396459394
prostate,ICL,0.1,100,512,1,0.01,100,0.5950980392156862,0.004492721269564533,0.02703527724235639,0.0026662139396459394
prostate,ICL,1.0,100,512,1,0.06,100,0.5946078431372549,0.013611218996975306,0.04038395063683138,0.015515331581047486
prostate,ICL,0.75,100,512,1,0.09,150,0.5946078431372549,0.021982438553704544,0.03734519390722364,0.02350989873758707
prostate,ICL,0.3,100,512,1,0.07,100,0.5946078431372548,0.07192865393713946,0.05101419492969579,0.059096185556662
prostate,ICL,1.0,100,512,1,0.06,150,0.5946078431372548,0.01942933449275139,0.04209479215112662,0.020221949884830843
prostate,ICL,0.15,100,512,1,0.05,250,0.5941176470588235,0.02111829336131175,0.03706223345003102,0.02379763310648475
prostate,ICL,0.9,100,512,1,0.08,300,0.5941176470588235,0.022009749333964327,0.03699038311126367,0.02523018482840208
prostate,ICL,0.3,100,512,1,0.03,300,0.5941176470588235,0.01921168425712295,0.03405984128642706,0.01815073905425368
prostate,ICL,0.1,100,512,1,0.04,250,0.5941176470588234,0.01400280084028008,0.03321969897272749,0.012870075979212532
prostate,ICL,0.1,100,512,1,0.04,250,0.5941176470588234,0.01400280084028008,0.03321969897272749,0.012870075979212532
prostate,ICL,0.6,100,512,1,0.08,200,0.5941176470588234,0.004802921064280724,0.028305439120186293,0.002319246992467371
prostate,ICL,0.1,100,512,1,0.05,250,0.5936274509803922,0.02113535405618635,0.03602700295895489,0.023239259001044302
prostate,ICL,0.1,100,512,1,0.05,250,0.5936274509803922,0.02113535405618635,0.03602700295895489,0.023239259001044302
prostate,ICL,0.25,100,512,1,0.08,300,0.5936274509803922,0.015337733183492153,0.03265275009771347,0.018825642233227937
prostate,ICL,0.6,100,512,1,0.08,150,0.593627450980392,0.014367010676228255,0.030447105391913382,0.013761907521924698
prostate,ICL,0.25,100,512,1,0.07,250,0.593627450980392,0.028155353883871335,0.028170202759579904,0.019320540513325275
prostate,ICL,0.15,100,512,1,0.03,300,0.5931372549019608,0.020211302086361054,0.03347821832579595,0.020875139567247437
prostate,ICL,0.25,100,512,1,0.06,50,0.5931372549019607,0.02815962081636286,0.04072217784039066,0.02213931022733569
prostate,ICL,0.3,100,512,1,0.08,250,0.5931372549019607,0.03258974536979345,0.03884486093346908,0.030032884052109764
prostate,ICL,0.55,100,512,1,0.08,50,0.5931372549019607,0.015345564551469133,0.03747642810108961,0.01581684537841218
prostate,ICL,0.9,100,512,1,0.08,150,0.5931372549019607,0.02159089759367179,0.03230162405766155,0.01368143347103315
prostate,ICL,0.7,100,512,1,0.07,300,0.5926470588235294,0.0168316516797935,0.0357024748099912,0.01865318892574655
prostate,ICL,0.35,100,512,1,0.08,100,0.5926470588235293,0.014028517667896239,0.032859349963589,0.01378491649255915
prostate,ICL,0.25,100,512,1,0.06,150,0.5921568627450979,0.041176470588235294,0.03799860081419028,0.03592422674163349
prostate,ICL,0.2,100,512,1,0.07,250,0.5921568627450979,0.0331598716182113,0.03686841129548812,0.02931829917128674
prostate,ICL,0.1,100,512,1,0.04,300,0.5921568627450979,0.01467316622264289,0.030913707141556845,0.012174940261468932
prostate,ICL,0.1,100,512,1,0.04,300,0.5921568627450979,0.01467316622264289,0.030913707141556845,0.012174940261468932
prostate,ICL,0.65,100,512,1,0.09,100,0.5916666666666667,0.018150498609385866,0.035256278188187974,0.02086958417164665
prostate,ICL,0.4,100,512,1,0.08,150,0.5916666666666667,0.021540757394823345,0.035205270781126494,0.023644522859912944
prostate,ICL,0.25,100,512,1,0.08,200,0.5916666666666667,0.02198243855370455,0.034192339897666034,0.024313268693936397
prostate,ICL,0.75,100,512,1,0.04,50,0.5916666666666667,0.020394749081092848,0.03255599854559717,0.023757259144409317
prostate,ICL,0.7,100,512,1,0.06,150,0.5916666666666666,0.02689832336925284,0.03419136678163885,0.024498221563966395
prostate,ICL,0.3,100,512,1,0.03,200,0.5916666666666666,0.013611218996975266,0.028584612563479484,0.009857795931573526
prostate,ICL,0.75,100,512,1,0.08,200,0.5916666666666666,0.023666877852104518,0.028518473827428385,0.014138571503904507
prostate,ICL,0.35,100,512,1,0.05,200,0.5911764705882353,0.01672423736199212,0.031788725981091184,0.01787633240783666
prostate,ICL,0.15,100,512,1,0.04,250,0.5911764705882353,0.015532332860543962,0.030361036028618237,0.01590978176839195
prostate,ICL,0.7,100,512,1,0.06,300,0.5911764705882352,0.03311636422363634,0.03774161376006777,0.03128404608137791
prostate,ICL,0.2,100,512,1,0.04,300,0.5911764705882352,0.02704532200810532,0.032890629208590844,0.02225027800837567
prostate,ICL,0.45,100,512,1,0.07,50,0.5911764705882352,0.026506874185481925,0.028532384814384644,0.01219802186524028
prostate,ICL,0.9,100,512,1,0.09,300,0.5911764705882352,0.01424101867287639,0.024592603984066454,0.008494501704690776
prostate,ICL,0.8,100,512,1,0.05,100,0.5906862745098038,0.08680070151749499,0.05448346429873072,0.09443043441846902
prostate,ICL,0.4,100,512,1,0.08,200,0.5906862745098038,0.026826761357866925,0.035819718817113995,0.027551258171994924
prostate,ICL,0.35,100,512,1,0.08,150,0.5906862745098038,0.011957167566323958,0.028519865396910572,0.0116337163462601
prostate,ICL,1.0,100,512,1,0.07,200,0.5906862745098038,0.008700117328087668,0.02775649669289444,0.006337545297543323
prostate,ICL,0.75,100,512,1,0.04,200,0.5901960784313726,0.014071274602360124,0.028604729362356408,0.016233630776554906
prostate,ICL,0.5,100,512,1,0.07,100,0.5901960784313725,0.014408763192842223,0.03651050497860483,0.014924238255872411
prostate,ICL,0.5,100,512,1,0.07,100,0.5901960784313725,0.014408763192842223,0.03651050497860483,0.014924238255872411
prostate,ICL,0.3,100,512,1,0.04,50,0.5901960784313725,0.028176682084705692,0.036278869597814574,0.022002050779065238
prostate,ICL,0.15,100,512,1,0.04,50,0.5901960784313725,0.041778972064044136,0.0355909896989451,0.0254943102562856
prostate,ICL,0.85,100,512,1,0.08,200,0.5901960784313725,0.019754354587852848,0.026543466480802032,0.011827816294512914
prostate,ICL,0.55,100,512,1,0.02,300,0.5901960784313725,0.0039215686274509665,0.02352548517372157,0.0021132306884060546
prostate,ICL,0.3,100,512,1,0.08,100,0.5897058823529412,0.03211064948071043,0.03632536716177073,0.023530691665208783
prostate,ICL,0.25,100,512,1,0.08,100,0.5897058823529412,0.020394749081092848,0.033473220511454634,0.02082095162876177
prostate,ICL,0.25,100,512,1,0.08,250,0.5897058823529412,0.019917891817558847,0.031962791499303804,0.02248413263644114
prostate,ICL,0.65,100,512,1,0.09,200,0.5897058823529412,0.014957006178816025,0.031456994099000664,0.017635325590235205
prostate,ICL,0.65,100,512,1,0.06,200,0.5897058823529411,0.03073416046944553,0.03946163117975124,0.021712980101727578
prostate,ICL,0.95,100,512,1,0.07,250,0.5897058823529411,0.0308901328513493,0.03331043576231888,0.024818366797161033
prostate,ICL,0.3,100,512,1,0.01,100,0.5897058823529411,0.011713532495439714,0.024740459045765703,0.006473543311187997
prostate,ICL,0.85,100,512,1,0.05,150,0.5897058823529411,0.005610550559931155,0.02343474323434973,0.0028352116454213633
prostate,ICL,0.25,100,512,1,0.09,200,0.5892156862745098,0.01933635580717256,0.03272526155147705,0.021253621549818386
prostate,ICL,0.2,100,512,1,0.07,150,0.5892156862745097,0.053420128336569714,0.041059187882317855,0.03484717832958003
prostate,ICL,0.75,100,512,1,0.05,150,0.5892156862745097,0.043723731609760313,0.03675316537689747,0.03548326920085135
prostate,ICL,0.1,100,512,1,0.05,300,0.5892156862745097,0.018315236953205267,0.029665177614751043,0.014939764582493152
prostate,ICL,0.1,100,512,1,0.05,300,0.5892156862745097,0.018315236953205267,0.029665177614751043,0.014939764582493152
prostate,ICL,1.0,100,512,1,0.07,150,0.5892156862745097,0.0134781638086936,0.027770047699208333,0.010423299457997715
prostate,ICL,0.1,100,512,1,0.01,200,0.5892156862745097,0.009754778795162905,0.025208967239991414,0.0066171217949770435
prostate,ICL,0.1,100,512,1,0.01,200,0.5892156862745097,0.009754778795162905,0.025208967239991414,0.0066171217949770435
prostate,ICL,0.95,100,512,1,0.06,50,0.5887254901960783,0.008476282581269864,0.03597073957082744,0.010839829699141797
prostate,ICL,0.5,100,512,1,0.07,200,0.5887254901960783,0.02020535671129896,0.03436476675154756,0.018899851881061875
prostate,ICL,0.5,100,512,1,0.07,200,0.5887254901960783,0.02020535671129896,0.03436476675154756,0.018899851881061875
prostate,ICL,0.75,100,512,1,0.04,150,0.5887254901960783,0.01996609005334932,0.03228150417448985,0.02244841356627651
prostate,ICL,0.65,100,512,1,0.08,150,0.5887254901960783,0.04334564193924172,0.03191214593655476,0.04063805314482385
prostate,ICL,0.15,100,512,1,0.02,250,0.5887254901960783,0.002136715168402283,0.02464023054648042,0.0013659177053791274
prostate,ICL,0.2,100,512,1,0.01,100,0.5887254901960783,0.00954309918329986,0.023265988072265147,0.005154623689026623
prostate,ICL,0.95,100,512,1,0.01,250,0.5887254901960783,0.002136715168402283,0.022664327641037464,0.0011588256153885776
prostate,ICL,0.75,100,512,1,0.09,200,0.5882352941176471,0.01936119378248185,0.030836676123141706,0.021372543048108258
prostate,ICL,0.4,100,512,1,0.08,100,0.588235294117647,0.02079725827019259,0.03370919496358778,0.021411733727834607
prostate,ICL,0.5,100,512,1,0.07,150,0.588235294117647,0.011178190442148373,0.03299961137956798,0.012131040973601594
prostate,ICL,0.5,100,512,1,0.07,150,0.588235294117647,0.011178190442148373,0.03299961137956798,0.012131040973601594
prostate,ICL,0.9,100,512,1,0.08,50,0.588235294117647,0.02278225497769068,0.03248554099607055,0.018532216573598385
prostate,ICL,0.3,100,512,1,0.09,50,0.588235294117647,0.0031002722158513414,0.02710238311252507,0.003076381376007441
prostate,ICL,0.15,100,512,1,0.03,250,0.588235294117647,1.1102230246251565e-16,0.02615249351988505,0.0005045166198585872
prostate,ICL,0.1,100,512,1,0.03,200,0.588235294117647,1.1102230246251565e-16,0.025993830383143464,0.0005288771224719532
prostate,ICL,0.1,100,512,1,0.03,200,0.588235294117647,1.1102230246251565e-16,0.025993830383143464,0.0005288771224719532
prostate,ICL,0.1,100,512,1,0.03,250,0.588235294117647,1.1102230246251565e-16,0.025464953260671507,3.469446951953614e-18
prostate,ICL,0.1,100,512,1,0.03,250,0.588235294117647,1.1102230246251565e-16,0.025464953260671507,3.469446951953614e-18
prostate,ICL,0.15,100,512,1,0.02,100,0.588235294117647,1.1102230246251565e-16,0.023375622013340546,3.469446951953614e-18
prostate,ICL,0.15,100,512,1,0.02,300,0.588235294117647,1.1102230246251565e-16,0.02329301124598545,0.00016522153471018873
prostate,ICL,0.8,100,512,1,0.02,250,0.588235294117647,1.1102230246251565e-16,0.02238967783331929,3.469446951953614e-18
prostate,ICL,0.8,100,512,1,0.02,300,0.588235294117647,1.1102230246251565e-16,0.02238967783331929,3.469446951953614e-18
prostate,ICL,0.5,100,512,1,0.06,250,0.5877450980392156,0.07622351992914203,0.047501463082995396,0.08494888328439179
prostate,ICL,0.5,100,512,1,0.06,250,0.5877450980392156,0.07622351992914203,0.047501463082995396,0.08494888328439179
prostate,ICL,0.3,100,512,1,0.08,300,0.5877450980392156,0.027984143090572705,0.03262091416304867,0.026322917339334194
prostate,ICL,0.25,100,512,1,0.03,300,0.5877450980392156,0.0021367151684022834,0.024420656448871828,0.0013187285587937321
prostate,ICL,0.55,100,512,1,0.03,300,0.5877450980392156,0.014028517667896256,0.02273230995870396,0.006562678500216767
prostate,ICL,0.2,100,512,1,0.04,100,0.5872549019607842,0.04100102679671859,0.034591608890277015,0.03103015783208325
prostate,ICL,0.85,100,512,1,0.04,100,0.5872549019607842,0.03129586215590658,0.03328480921759192,0.023458000478617624
prostate,ICL,0.95,100,512,1,0.08,150,0.5872549019607842,0.02497595922128824,0.024564290357734504,0.015357429671632863
prostate,ICL,0.9,100,512,1,0.06,50,0.5867647058823529,0.05565614691779083,0.04204579051001612,0.043541653682793245
prostate,ICL,0.25,100,512,1,0.09,250,0.5867647058823529,0.018928171153242943,0.02566981069739065,0.01761871051647787
prostate,ICL,0.85,100,512,1,0.08,150,0.5867647058823529,0.028629297549899693,0.025347968591791708,0.01740131556965163
prostate,ICL,1.0,100,512,1,0.09,200,0.5867647058823529,0.01677444963947906,0.02361951121764248,0.010214197668449524
prostate,ICL,0.75,100,512,1,0.02,250,0.5867647058823529,0.0035007002100700116,0.021676817723325154,0.0016969464850287669
prostate,ICL,0.95,100,512,1,0.01,300,0.5867647058823529,0.0035007002100700116,0.021676817723325154,0.0016969464850287669
prostate,ICL,0.75,100,512,1,0.04,100,0.5862745098039215,0.037280692827120675,0.03742668223157043,0.028954129498559446
prostate,ICL,0.4,100,512,1,0.03,200,0.5862745098039215,0.025300956667772427,0.02713437496504299,0.018548299543023037
prostate,ICL,0.4,100,512,1,0.09,100,0.5862745098039215,0.016867304445181627,0.025427080298600774,0.010218653566416904
prostate,ICL,0.3,100,512,1,0.03,250,0.5862745098039215,0.0039215686274509665,0.023813622530043717,0.0022447371228358735
prostate,ICL,0.95,100,512,1,0.01,150,0.5862745098039215,0.003921568627450966,0.021542612721161376,0.0019253260771897474
prostate,ICL,0.75,100,512,1,0.02,300,0.5862745098039215,0.003921568627450966,0.02143919768666044,0.0019009602933176939
prostate,ICL,0.35,100,512,1,0.02,50,0.5857843137254902,0.09866832466888371,0.05373070750787425,0.11487061345919439
prostate,ICL,0.1,100,512,1,0.09,200,0.5857843137254901,0.028896632653312715,0.03047674382412634,0.026381882232538234
prostate,ICL,0.1,100,512,1,0.09,200,0.5857843137254901,0.028896632653312715,0.03047674382412634,0.026381882232538234
prostate,ICL,0.95,100,512,1,0.08,100,0.5857843137254901,0.033802209819724136,0.027379545235082525,0.029075970802567526
prostate,ICL,0.75,100,512,1,0.08,300,0.5857843137254901,0.018826337617325002,0.025539378909132694,0.011338536085153304
prostate,ICL,0.35,100,512,1,0.03,300,0.5857843137254901,0.02006213914674619,0.023899281270795363,0.010689161638328365
prostate,ICL,0.1,100,512,1,0.02,250,0.5857843137254901,0.004245222567570763,0.023193449821322893,0.002448112850257347
prostate,ICL,0.1,100,512,1,0.02,250,0.5857843137254901,0.004245222567570763,0.023193449821322893,0.002448112850257347
prostate,ICL,0.95,100,512,1,0.03,300,0.5857843137254901,0.0068452157077298495,0.021309466519972082,0.0034518464549434364
prostate,ICL,0.3,100,512,1,0.08,200,0.5852941176470587,0.03590163416392265,0.034903562925274904,0.029174156319452128
prostate,ICL,1.0,100,512,1,0.05,300,0.5852941176470587,0.03848585573802061,0.03314406843139529,0.030502845748835675
prostate,ICL,0.5,100,512,1,0.06,300,0.5852941176470587,0.029264336385488803,0.031223336981129047,0.023346690121272343
prostate,ICL,0.5,100,512,1,0.06,300,0.5852941176470587,0.029264336385488803,0.031223336981129047,0.023346690121272343
prostate,ICL,0.4,100,512,1,0.09,200,0.5852941176470587,0.025014413376809926,0.02795088489336355,0.018922639337517252
prostate,ICL,0.5,100,512,1,0.08,50,0.5852941176470587,0.009352345111930817,0.025850746425794425,0.007122313942813003
prostate,ICL,0.5,100,512,1,0.08,50,0.5852941176470587,0.009352345111930817,0.025850746425794425,0.007122313942813003
prostate,ICL,0.6,100,512,1,0.08,250,0.5852941176470587,0.012820291010413723,0.02391487380273136,0.008250806668873449
prostate,ICL,1.0,100,512,1,0.01,150,0.5852941176470587,0.004492721269564533,0.020963957613331016,0.002177823609308447
prostate,ICL,0.75,100,512,1,0.06,200,0.5848039215686274,0.022628801740360374,0.025110364528613028,0.013185442865726666
prostate,ICL,1.0,100,512,1,0.08,250,0.5848039215686274,0.016191318200895817,0.022782757420629053,0.010717704692336797
prostate,ICL,0.1,100,512,1,0.05,50,0.584313725490196,0.02526293867985316,0.03568906538705943,0.02050736588792663
prostate,ICL,0.1,100,512,1,0.05,50,0.584313725490196,0.02526293867985316,0.03568906538705943,0.02050736588792663
prostate,ICL,0.95,100,512,1,0.07,200,0.584313725490196,0.032868734537725895,0.03039620918470698,0.02310674289233997
prostate,ICL,0.3,100,512,1,0.06,200,0.584313725490196,0.028312802114105196,0.03009018286948651,0.02658223427460157
prostate,ICL,0.6,100,512,1,0.07,50,0.584313725490196,0.008985442539129066,0.029974497958104952,0.00947302732415503
prostate,ICL,0.55,100,512,1,0.04,150,0.584313725490196,0.024094521034204914,0.023801816719615197,0.014283882389544979
prostate,ICL,0.2,100,512,1,0.03,200,0.584313725490196,0.012932260743404816,0.022649780814404247,0.007044027632198848
prostate,ICL,0.35,100,512,1,0.08,300,0.584313725490196,0.004802921064280724,0.02257559734404837,0.0024877888503454615
prostate,ICL,0.45,100,512,1,0.08,150,0.584313725490196,0.004802921064280724,0.022162291799415923,0.002150326286274597
prostate,ICL,0.75,100,512,1,0.08,150,0.5838235294117646,0.0486727927445747,0.035309365841572904,0.03037154583890808
prostate,ICL,0.1,100,512,1,0.09,250,0.5838235294117646,0.029813433724578363,0.03000800765683479,0.026095250862483436
prostate,ICL,0.1,100,512,1,0.09,250,0.5838235294117646,0.029813433724578363,0.03000800765683479,0.026095250862483436
prostate,ICL,0.65,100,512,1,0.03,200,0.5838235294117646,0.05365128337339617,0.029672625453040363,0.0635940105015585
prostate,ICL,0.15,100,512,1,0.09,150,0.5838235294117646,0.022026119547706835,0.026831393692794712,0.018834904725942393
prostate,ICL,0.25,100,512,1,0.07,200,0.5838235294117646,0.03803049728267903,0.02579357372233862,0.023308977920450356
prostate,ICL,0.45,100,512,1,0.06,50,0.5838235294117646,0.004877389397581452,0.02507364943137703,0.0025422271160148763
prostate,ICL,0.2,100,512,1,0.03,150,0.5838235294117646,0.018723950249788495,0.023783953361210135,0.010500707544894352
prostate,ICL,0.5,100,512,1,0.08,150,0.5838235294117646,0.004877389397581452,0.02264369534471599,0.0021703695123631212
prostate,ICL,0.5,100,512,1,0.08,150,0.5838235294117646,0.004877389397581452,0.02264369534471599,0.0021703695123631212
prostate,ICL,0.15,100,512,1,0.01,100,0.5838235294117646,0.004877389397581452,0.020681471227203645,0.002521847563818735
prostate,ICL,0.55,100,512,1,0.02,250,0.5838235294117646,0.008476282581269864,0.020531539958597494,0.004263397661765853
prostate,ICL,0.8,100,512,1,0.02,200,0.5838235294117646,0.006558376549146865,0.020340483640461968,0.0032825261481560456
prostate,ICL,0.55,100,512,1,0.03,250,0.5838235294117646,0.004877389397581452,0.020293231783794396,0.0023531460374188393
prostate,ICL,0.2,100,512,1,0.06,50,0.5833333333333333,0.034453496844716804,0.025756956025333944,0.018215898898587567
prostate,ICL,0.75,100,512,1,0.06,250,0.5833333333333333,0.019730011566174602,0.02296643444923001,0.012696971595735481
prostate,ICL,0.1,100,512,1,0.02,300,0.5833333333333333,0.008490445135141573,0.02199328534916259,0.00452685869347808
prostate,ICL,0.1,100,512,1,0.02,300,0.5833333333333333,0.008490445135141573,0.02199328534916259,0.00452685869347808
prostate,ICL,0.6,100,512,1,0.03,300,0.5833333333333333,0.008490445135141526,0.020296162451547355,0.004283672708279152
prostate,ICL,0.65,100,512,1,0.06,100,0.5828431372549019,0.05311111070894843,0.03788358499621819,0.04643155139080076
prostate,ICL,0.25,100,512,1,0.08,50,0.5828431372549019,0.035140597486319175,0.0331763354620817,0.022309629601331177
prostate,ICL,0.35,100,512,1,0.05,150,0.5828431372549019,0.02916151709359969,0.030450937351851205,0.027509392393403175
prostate,ICL,0.35,100,512,1,0.05,100,0.5828431372549019,0.02763853991962832,0.028306200667099362,0.02509003129433892
prostate,ICL,0.6,100,512,1,0.04,300,0.5828431372549019,0.026026595985212318,0.028096586465456763,0.02455880186853846
prostate,ICL,0.25,100,512,1,0.09,150,0.5828431372549019,0.018203377085908953,0.02696989729063467,0.016783945710566475
prostate,ICL,1.0,100,512,1,0.07,250,0.5828431372549019,0.005779326530662526,0.02262131511866285,0.00398366775498335
prostate,ICL,0.35,100,512,1,0.08,250,0.5828431372549019,0.009025466980157817,0.02211416469866602,0.004573485341142244
prostate,ICL,0.6,100,512,1,0.08,300,0.5828431372549019,0.004877389397581453,0.021813870685156923,0.0025263615203539587
prostate,ICL,0.15,100,512,1,0.07,300,0.5828431372549019,0.00847628258126991,0.021319417490151975,0.004071438105316843
prostate,ICL,0.8,100,512,1,0.01,100,0.5828431372549019,0.007888959284034816,0.020031534696893987,0.003997692836042943
prostate,ICL,0.75,100,512,1,0.02,150,0.5828431372549019,0.0072542395034062195,0.019901626271180674,0.0036759051418444673
prostate,ICL,0.1,100,512,1,0.08,150,0.5823529411764705,0.0793088173182615,0.04581958898039874,0.07820638300574753
prostate,ICL,0.1,100,512,1,0.08,150,0.5823529411764705,0.0793088173182615,0.04581958898039874,0.07820638300574753
prostate,ICL,0.5,100,512,1,0.04,200,0.5823529411764705,0.01592948706791364,0.020961517097209715,0.007978570527498237
prostate,ICL,0.5,100,512,1,0.04,200,0.5823529411764705,0.01592948706791364,0.020961517097209715,0.007978570527498237
prostate,ICL,0.15,100,512,1,0.02,200,0.5823529411764705,0.004802921064280724,0.020722165194545162,0.002166538420185791
prostate,ICL,0.75,100,512,1,0.02,100,0.5823529411764705,0.004802921064280724,0.01965910255324151,0.002266534038182989
prostate,ICL,0.8,100,512,1,0.02,150,0.5823529411764705,0.004802921064280724,0.019574980623183007,0.002306219156804776
prostate,ICL,1.0,100,512,1,0.07,300,0.5818627450980391,0.004676172555965403,0.021976596587479073,0.003335933399076798
prostate,ICL,0.1,100,512,1,0.06,300,0.5818627450980391,0.00993781124152614,0.01953214736102715,0.004607621939536754
prostate,ICL,0.1,100,512,1,0.06,300,0.5818627450980391,0.00993781124152614,0.01953214736102715,0.004607621939536754
prostate,ICL,1.0,100,512,1,0.01,100,0.5818627450980391,0.004676172555965403,0.019336161610069978,0.002240668328861644
prostate,ICL,0.7,100,512,1,0.04,300,0.5813725490196078,0.03282484126035919,0.028925915068582088,0.0291454233380938
prostate,ICL,0.6,100,512,1,0.05,100,0.5813725490196078,0.03785634230648592,0.023733757931706463,0.022155052779105476
prostate,ICL,0.2,100,512,1,0.08,250,0.5813725490196078,0.02722243799395063,0.023596757911463713,0.013862349603379044
prostate,ICL,0.65,100,512,1,0.08,200,0.5813725490196078,0.016434367268862944,0.021996533558961872,0.010215510354174534
prostate,ICL,0.8,100,512,1,0.08,200,0.5813725490196078,0.020115965224199204,0.02151072084983699,0.012327657633253983
prostate,ICL,0.25,100,512,1,0.03,250,0.5813725490196078,0.004492721269564533,0.02084549125394925,0.002011446058253381
prostate,ICL,0.2,100,512,1,0.02,300,0.5813725490196078,0.004492721269564533,0.01983740823612846,0.0020458974265563533
prostate,ICL,1.0,100,512,1,0.01,50,0.5813725490196078,0.004492721269564533,0.019211148785404992,0.0021062727324385553
prostate,ICL,0.75,100,512,1,0.02,200,0.5813725490196078,0.004492721269564533,0.019104225609082724,0.0021572704858945405
prostate,ICL,0.8,100,512,1,0.07,50,0.5808823529411764,0.03249744910581809,0.030498089022715648,0.02457323895140455
prostate,ICL,0.4,100,512,1,0.09,250,0.5808823529411764,0.02338086277982707,0.022004039962268275,0.011167979364983089
prostate,ICL,0.4,100,512,1,0.03,250,0.5808823529411764,0.023788403055982205,0.021647617565867798,0.016423312683239294
prostate,ICL,1.0,100,512,1,0.08,200,0.5808823529411764,0.005256767301354691,0.0191046987537345,0.002604449949578263
prostate,ICL,0.15,100,512,1,0.01,150,0.5808823529411764,0.004245222567570763,0.019086644455064715,0.0020666494398429835
prostate,ICL,0.35,100,512,1,0.04,50,0.580392156862745,0.03446744280636656,0.029340187800864215,0.025063057976460773
prostate,ICL,0.85,100,512,1,0.08,50,0.580392156862745,0.015376850138586372,0.023457977022859157,0.008442896967489314
prostate,ICL,0.3,100,512,1,0.06,50,0.580392156862745,0.015989712186568708,0.0199278286662026,0.008696789729453565
prostate,ICL,0.15,100,512,1,0.02,150,0.580392156862745,0.004999038738816451,0.019845888287749136,0.0023450936872545375
prostate,ICL,1.0,100,512,1,0.09,250,0.580392156862745,0.011004874666982169,0.019507674887368064,0.0060479789626506535
prostate,ICL,0.55,100,512,1,0.03,200,0.580392156862745,0.009091782838721295,0.01898874175138192,0.003980422699226718
prostate,ICL,0.35,100,512,1,0.01,100,0.580392156862745,0.007964743533956835,0.01887952092472788,0.0037716015978453946
prostate,ICL,0.95,100,512,1,0.01,200,0.580392156862745,0.00588235294117645,0.018694316022280798,0.0030070663664967345
prostate,ICL,0.4,100,512,1,0.02,150,0.580392156862745,0.0039215686274509665,0.01861087683197129,0.0019471994638924795
prostate,ICL,0.95,100,512,1,0.05,250,0.5799019607843137,0.06934325576678911,0.03825699163012407,0.07475492323312237
prostate,ICL,0.25,100,512,1,0.09,100,0.5799019607843137,0.017883761124465384,0.025842683513979024,0.01532771605033651
prostate,ICL,0.2,100,512,1,0.06,100,0.5799019607843137,0.035521462773514326,0.024243294219515474,0.02005067725588555
prostate,ICL,0.15,100,512,1,0.08,300,0.5794117647058823,0.030675466366984337,0.028434862859721282,0.02771412146678831
prostate,ICL,0.85,100,512,1,0.04,50,0.5794117647058823,0.03380576401875815,0.026629683050137538,0.020319548225180405
prostate,ICL,0.45,100,512,1,0.08,50,0.5794117647058823,0.002941176470588225,0.022279460244526983,0.0020789532868145115
prostate,ICL,0.75,100,512,1,0.08,250,0.5794117647058823,0.01883271834539072,0.02159303794775654,0.010907524564169848
prostate,ICL,0.65,100,512,1,0.08,250,0.5794117647058823,0.017782703085506908,0.021315404355985487,0.010152252287849469
prostate,ICL,0.4,100,512,1,0.02,100,0.5794117647058823,0.004273430336804566,0.018238754481646614,0.00217619095819501
prostate,ICL,0.3,100,512,1,0.08,50,0.5789215686274509,0.05210625216614604,0.034865062025195244,0.04089734489890342
prostate,ICL,0.25,100,512,1,0.07,100,0.5789215686274509,0.06491906356019976,0.031924850436775114,0.08408633494487294
prostate,ICL,0.45,100,512,1,0.04,150,0.5789215686274509,0.030608810324998337,0.02661532129007837,0.028023686139465084
prostate,ICL,0.55,100,512,1,0.07,50,0.5789215686274509,0.011795303348545064,0.02540256853394306,0.01144234598515954
prostate,ICL,0.65,100,512,1,0.08,300,0.5789215686274509,0.015021130829455465,0.019842845060691353,0.006803160989811283
prostate,ICL,0.2,100,512,1,0.03,250,0.5789215686274509,0.0037652675234650054,0.01933920506172179,0.001974274793262038
prostate,ICL,0.6,100,512,1,0.02,250,0.5789215686274509,0.002136715168402283,0.01803093957244879,0.0010282515451599734
prostate,ICL,0.25,100,512,1,0.09,50,0.5784313725490196,0.061694638127655986,0.030929478410870532,0.037072836420291355
prostate,ICL,0.7,100,512,1,0.09,100,0.5784313725490196,0.026669550017128316,0.02283695137420267,0.014738971155576477
prostate,ICL,0.65,100,512,1,0.09,250,0.5784313725490196,1.1102230246251565e-16,0.01992225468143952,0.0003559920079908372
prostate,ICL,0.65,100,512,1,0.09,300,0.5784313725490196,1.1102230246251565e-16,0.019814919052451266,0.00035055669632254945
prostate,ICL,0.45,100,512,1,0.08,250,0.5784313725490196,1.1102230246251565e-16,0.019528690708482583,3.469446951953614e-18
prostate,ICL,0.45,100,512,1,0.08,300,0.5784313725490196,1.1102230246251565e-16,0.019528690708482583,3.469446951953614e-18
prostate,ICL,0.45,100,512,1,0.08,200,0.5784313725490196,1.1102230246251565e-16,0.01901337234221196,0.0005153183662706222
prostate,ICL,0.1,100,512,1,0.02,100,0.5784313725490196,1.1102230246251565e-16,0.018953193982014907,3.469446951953614e-18
prostate,ICL,0.1,100,512,1,0.02,100,0.5784313725490196,1.1102230246251565e-16,0.018953193982014907,3.469446951953614e-18
prostate,ICL,0.2,100,512,1,0.02,200,0.5784313725490196,1.1102230246251565e-16,0.018725623978978125,0.00022757000303678422
prostate,ICL,0.2,100,512,1,0.02,100,0.5784313725490196,1.1102230246251565e-16,0.018498053975941342,0.0
prostate,ICL,0.2,100,512,1,0.02,150,0.5784313725490196,1.1102230246251565e-16,0.018498053975941342,0.0
prostate,ICL,0.35,100,512,1,0.09,150,0.5784313725490196,1.1102230246251565e-16,0.018498053975941342,0.0
prostate,ICL,0.75,100,512,1,0.01,50,0.5784313725490196,1.1102230246251565e-16,0.01822598841686059,0.00030077979261637476
prostate,ICL,0.6,100,512,1,0.06,300,0.5784313725490196,0.009803921568627472,0.017954028043149384,0.004505186516171516
prostate,ICL,0.2,100,512,1,0.01,150,0.5784313725490196,1.1102230246251565e-16,0.017893463844650785,3.469446951953614e-18
prostate,ICL,0.25,100,512,1,0.01,150,0.5784313725490196,1.1102230246251565e-16,0.017893463844650785,3.469446951953614e-18
prostate,ICL,0.25,100,512,1,0.01,200,0.5784313725490196,1.1102230246251565e-16,0.017893463844650785,3.469446951953614e-18
prostate,ICL,0.1,100,512,1,0.01,250,0.5784313725490196,1.1102230246251565e-16,0.017893463844650785,3.469446951953614e-18
prostate,ICL,0.1,100,512,1,0.01,250,0.5784313725490196,1.1102230246251565e-16,0.017893463844650785,3.469446951953614e-18
prostate,ICL,0.25,100,512,1,0.01,250,0.5784313725490196,1.1102230246251565e-16,0.017893463844650785,3.469446951953614e-18
prostate,ICL,0.1,100,512,1,0.01,300,0.5784313725490196,1.1102230246251565e-16,0.017893463844650785,3.469446951953614e-18
prostate,ICL,0.1,100,512,1,0.01,300,0.5784313725490196,1.1102230246251565e-16,0.017893463844650785,3.469446951953614e-18
prostate,ICL,0.25,100,512,1,0.01,300,0.5784313725490196,1.1102230246251565e-16,0.017893463844650785,3.469446951953614e-18
prostate,ICL,0.3,100,512,1,0.01,300,0.5784313725490196,1.1102230246251565e-16,0.017893463844650785,3.469446951953614e-18
prostate,ICL,0.95,100,512,1,0.01,50,0.5784313725490196,1.1102230246251565e-16,0.017832408061093583,3.469446951953614e-18
prostate,ICL,0.95,100,512,1,0.01,100,0.5784313725490196,1.1102230246251565e-16,0.017832408061093583,3.469446951953614e-18
prostate,ICL,0.25,100,512,1,0.02,100,0.5784313725490196,1.1102230246251565e-16,0.017800776136378985,8.383918664058502e-05
prostate,ICL,0.6,100,512,1,0.02,300,0.5784313725490196,1.1102230246251565e-16,0.017776229063368905,6.880493934322042e-05
prostate,ICL,0.15,100,512,1,0.01,200,0.5784313725490196,1.1102230246251565e-16,0.01772494073870206,3.469446951953614e-18
prostate,ICL,0.15,100,512,1,0.01,250,0.5784313725490196,1.1102230246251565e-16,0.01772494073870206,3.469446951953614e-18
prostate,ICL,0.4,100,512,1,0.01,250,0.5784313725490196,1.1102230246251565e-16,0.01772494073870206,3.469446951953614e-18
prostate,ICL,0.35,100,512,1,0.01,300,0.5784313725490196,1.1102230246251565e-16,0.01772494073870206,3.469446951953614e-18
prostate,ICL,0.4,100,512,1,0.01,300,0.5784313725490196,1.1102230246251565e-16,0.01772494073870206,3.469446951953614e-18
prostate,ICL,0.55,100,512,1,0.01,300,0.5784313725490196,1.1102230246251565e-16,0.01772494073870206,3.469446951953614e-18
prostate,ICL,0.7,100,512,1,0.01,300,0.5784313725490196,1.1102230246251565e-16,0.01772494073870206,3.469446951953614e-18
prostate,ICL,0.75,100,512,1,0.02,50,0.5784313725490196,1.1102230246251565e-16,0.017691960566781885,3.469446951953614e-18
prostate,ICL,0.8,100,512,1,0.02,100,0.5784313725490196,1.1102230246251565e-16,0.017691960566781885,3.469446951953614e-18
prostate,ICL,0.8,100,512,1,0.02,50,0.5784313725490196,1.1102230246251565e-16,0.017688706512082285,1.4184095592300124e-05
prostate,ICL,0.7,100,512,1,0.01,50,0.5784313725490196,1.1102230246251565e-16,0.01765616596508631,3.237743545757501e-05
prostate,ICL,0.45,100,512,1,0.01,150,0.5784313725490196,1.1102230246251565e-16,0.01763727710002505,0.0
prostate,ICL,0.8,100,512,1,0.01,200,0.5784313725490196,1.1102230246251565e-16,0.01763727710002505,0.0
prostate,ICL,1.0,100,512,1,0.01,200,0.5784313725490196,1.1102230246251565e-16,0.01763727710002505,0.0
prostate,ICL,0.6,100,512,1,0.09,50,0.5779411764705882,0.07584428036123775,0.040164423760234824,0.051853414151799115
prostate,ICL,0.2,100,512,1,0.06,300,0.5779411764705882,0.02565463550613631,0.02452285784311401,0.02115564471368984
prostate,ICL,0.5,100,512,1,0.08,300,0.5779411764705882,0.0021367151684023077,0.019623069568796316,0.0011215176084542278
prostate,ICL,0.5,100,512,1,0.08,300,0.5779411764705882,0.0021367151684023077,0.019623069568796316,0.0011215176084542278
prostate,ICL,0.8,100,512,1,0.08,150,0.5779411764705882,0.016831651679793513,0.019213526616788996,0.010215864886231394
prostate,ICL,0.85,100,512,1,0.03,200,0.5779411764705882,0.0021367151684023073,0.017577117133748273,0.0009216613198461457
prostate,ICL,0.45,100,512,1,0.01,100,0.5779411764705882,0.0021367151684023073,0.017427864219879664,0.0009128095820295377
prostate,ICL,0.65,100,512,1,0.04,100,0.5774509803921568,0.028227804017427374,0.02934007285033769,0.02062068379556731
prostate,ICL,0.5,100,512,1,0.04,150,0.5774509803921568,0.022334874019400996,0.020170249857506223,0.012224572616105187
prostate,ICL,0.5,100,512,1,0.04,150,0.5774509803921568,0.022334874019400996,0.020170249857506223,0.012224572616105187
prostate,ICL,0.5,100,512,1,0.08,100,0.5774509803921568,0.00975477879516296,0.020010435054683546,0.004933797354933965
prostate,ICL,0.5,100,512,1,0.08,100,0.5774509803921568,0.00975477879516296,0.020010435054683546,0.004933797354933965
prostate,ICL,0.5,100,512,1,0.08,250,0.5774509803921568,0.0029411764705882587,0.01939544154214528,0.0015117023997329433
prostate,ICL,0.5,100,512,1,0.08,250,0.5774509803921568,0.0029411764705882587,0.01939544154214528,0.0015117023997329433
prostate,ICL,0.6,100,512,1,0.05,150,0.5774509803921568,0.01450847900681249,0.01808754629384165,0.009830142299492542
prostate,ICL,0.85,100,512,1,0.09,250,0.5774509803921568,0.01113511440352996,0.017599202417863124,0.0052120635364587406
prostate,ICL,0.75,100,512,1,0.08,100,0.5769607843137254,0.052087802576414405,0.03255999404892797,0.034957722534576116
prostate,ICL,0.2,100,512,1,0.06,250,0.5769607843137254,0.03211064948071041,0.026884561885053844,0.025385421564595303
prostate,ICL,0.1,100,512,1,0.09,50,0.5769607843137254,0.03579102811033689,0.026754893958357208,0.024879220010948208
prostate,ICL,0.1,100,512,1,0.09,50,0.5769607843137254,0.03579102811033689,0.026754893958357208,0.024879220010948208
prostate,ICL,0.75,100,512,1,0.04,250,0.5769607843137254,0.02131648520113618,0.022969758593403028,0.019258782503373414
prostate,ICL,0.45,100,512,1,0.04,200,0.5769607843137254,0.01942933449275137,0.019135019028060384,0.010129773981732622
prostate,ICL,0.9,100,512,1,0.06,250,0.5769607843137254,0.0035007002100700515,0.017061333810796223,0.001520179241819305
prostate,ICL,0.65,100,512,1,0.07,150,0.5764705882352941,0.03062843010159472,0.028387348705176813,0.017949780918692468
prostate,ICL,0.65,100,512,1,0.07,100,0.5764705882352941,0.019754354587852824,0.02497296614438873,0.011165879839975171
prostate,ICL,0.45,100,512,1,0.03,250,0.5764705882352941,0.02901695801362498,0.020352474191790357,0.019315388926437107
prostate,ICL,0.1,100,512,1,0.02,200,0.5764705882352941,0.003921568627451011,0.017993062404286664,0.0019202631554564888
prostate,ICL,0.1,100,512,1,0.02,200,0.5764705882352941,0.003921568627451011,0.017993062404286664,0.0019202631554564888
prostate,ICL,0.95,100,512,1,0.03,200,0.5764705882352941,0.003921568627451011,0.016969648565034183,0.001515824044027513
prostate,ICL,0.65,100,512,1,0.07,200,0.5759803921568627,0.03666653559796223,0.0327106170452233,0.02554822685141437
prostate,ICL,0.45,100,512,1,0.07,100,0.5759803921568627,0.04978568061820039,0.0311315572439329,0.04936642385271518
prostate,ICL,0.6,100,512,1,0.04,100,0.5759803921568627,0.039322770462120384,0.031029805572878027,0.0314745756504663
prostate,ICL,0.95,100,512,1,0.07,50,0.5759803921568627,0.045445697471654244,0.03101980295536479,0.023026462041986363
prostate,ICL,0.5,100,512,1,0.06,200,0.5759803921568627,0.038207003108137017,0.02891361905549298,0.025076749706312015
prostate,ICL,0.5,100,512,1,0.06,200,0.5759803921568627,0.038207003108137017,0.02891361905549298,0.025076749706312015
prostate,ICL,0.8,100,512,1,0.06,300,0.5759803921568627,0.029716557972995435,0.02623308535499193,0.028388270326173477
prostate,ICL,0.1,100,512,1,0.08,300,0.5759803921568627,0.020062139146746177,0.024235528636952285,0.0195917599694788
prostate,ICL,0.1,100,512,1,0.08,300,0.5759803921568627,0.020062139146746177,0.024235528636952285,0.0195917599694788
prostate,ICL,0.55,100,512,1,0.09,200,0.5759803921568627,0.024386946987907346,0.019525854174826256,0.010863397045533523
prostate,ICL,0.7,100,512,1,0.03,250,0.5759803921568627,0.011548253911166418,0.017006384928221468,0.005116844271450246
prostate,ICL,0.7,100,512,1,0.03,150,0.5759803921568627,0.006102891959798423,0.016895867885673578,0.0025735158482583175
prostate,ICL,0.4,100,512,1,0.01,200,0.5759803921568627,0.0042452225675708105,0.016655960428305867,0.001851528209896945
prostate,ICL,0.1,100,512,1,0.08,250,0.5754901960784313,0.03922793926224029,0.02952704014591511,0.027648605011390114
prostate,ICL,0.1,100,512,1,0.08,250,0.5754901960784313,0.03922793926224029,0.02952704014591511,0.027648605011390114
prostate,ICL,0.15,100,512,1,0.09,200,0.5754901960784313,0.024627169974667594,0.021814045362317784,0.016803032434455332
prostate,ICL,1.0,100,512,1,0.08,150,0.5754901960784313,0.021501678626922843,0.019279980656143773,0.012947403178930986
prostate,ICL,0.45,100,512,1,0.04,300,0.5754901960784313,0.018627450980392143,0.01840591882810434,0.009697855930456453
prostate,ICL,0.35,100,512,1,0.09,200,0.5754901960784313,0.01389945772427238,0.01810975915169519,0.006938228001784989
prostate,ICL,0.1,100,512,1,0.02,150,0.5754901960784313,0.004492721269564584,0.017512996615422542,0.002199937816028528
prostate,ICL,0.1,100,512,1,0.02,150,0.5754901960784313,0.004492721269564584,0.017512996615422542,0.002199937816028528
prostate,ICL,0.55,100,512,1,0.04,200,0.5754901960784313,0.014241018672876414,0.017448754493509886,0.006184741904577261
prostate,ICL,0.25,100,512,1,0.02,200,0.5754901960784313,0.0062775727817969374,0.01703515558089288,0.003096455320735731
prostate,ICL,0.2,100,512,1,0.01,250,0.5754901960784313,0.004492721269564584,0.016583162137438885,0.0020015189188427995
prostate,ICL,0.2,100,512,1,0.01,300,0.5754901960784313,0.004492721269564584,0.016583162137438885,0.0020015189188427995
prostate,ICL,0.55,100,512,1,0.01,250,0.5754901960784313,0.004492721269564584,0.016526425919200997,0.0020156420776830243
prostate,ICL,0.85,100,512,1,0.03,300,0.5754901960784313,0.004492721269564584,0.01645009071905485,0.00197005408362145
prostate,ICL,0.55,100,512,1,0.01,200,0.5754901960784313,0.004492721269564584,0.016442164366226635,0.001959473275523167
prostate,ICL,0.9,100,512,1,0.01,250,0.5754901960784313,0.004492721269564584,0.01644216436622663,0.001959473275523167
prostate,ICL,0.4,100,512,1,0.01,50,0.5754901960784313,0.004492721269564584,0.01640271572882198,0.001933967417929803
prostate,ICL,0.45,100,512,1,0.03,200,0.575,0.014632168192744413,0.01764724439499994,0.006932609753948956
prostate,ICL,0.2,100,512,1,0.03,300,0.575,0.0064101455052069005,0.01748649157497941,0.003386506640457298
prostate,ICL,0.85,100,512,1,0.05,100,0.575,0.004676172555965456,0.01680464723125647,0.002102110820363374
prostate,ICL,0.85,100,512,1,0.05,200,0.575,0.01250720668840498,0.016685488007217166,0.0054298859662239825
prostate,ICL,0.95,100,512,1,0.03,250,0.575,0.004676172555965456,0.016249020436428382,0.001966395936631262
prostate,ICL,0.35,100,512,1,0.01,200,0.575,0.004676172555965456,0.016228368304147395,0.002039484447259555
prostate,ICL,0.7,100,512,1,0.01,250,0.575,0.004676172555965456,0.016228368304147395,0.002039484447259555
prostate,ICL,0.8,100,512,1,0.01,250,0.575,0.004676172555965456,0.01617138693900734,0.0019976715565231317
prostate,ICL,0.7,100,512,1,0.07,100,0.5745098039215686,0.034439545235784894,0.028420136995055346,0.02079637863077216
prostate,ICL,0.75,100,512,1,0.03,100,0.5745098039215686,0.06006852424329566,0.02824786895535881,0.07387841362390303
prostate,ICL,0.7,100,512,1,0.06,100,0.5745098039215686,0.036604224907047976,0.026469384172428993,0.023664048502973288
prostate,ICL,0.3,100,512,1,0.08,150,0.5745098039215686,0.03344847472398425,0.024114072471815056,0.022379534478792287
prostate,ICL,0.5,100,512,1,0.08,200,0.5745098039215686,0.0048029210642807785,0.0181370090112273,0.0025808467621293314
prostate,ICL,0.5,100,512,1,0.08,200,0.5745098039215686,0.0048029210642807785,0.0181370090112273,0.0025808467621293314
prostate,ICL,0.45,100,512,1,0.04,250,0.5745098039215686,0.01921168425712295,0.018006561526805225,0.009955163004033716
prostate,ICL,0.25,100,512,1,0.02,150,0.5745098039215686,0.0048029210642807785,0.016202123205013,0.002071460774172549
prostate,ICL,0.2,100,512,1,0.01,200,0.5745098039215686,0.0048029210642807785,0.016146394901701583,0.0021397137278445586
prostate,ICL,0.85,100,512,1,0.03,250,0.5745098039215686,0.0048029210642807785,0.016140139472738815,0.0019729858783208553
prostate,ICL,1.0,100,512,1,0.03,300,0.5745098039215686,0.0048029210642807785,0.01610502759916089,0.0019435880133360473
prostate,ICL,0.95,100,512,1,0.02,250,0.5745098039215686,0.007843137254901975,0.01606225811111723,0.0030290245251057947
prostate,ICL,0.7,100,512,1,0.01,100,0.5745098039215686,0.0048029210642807785,0.01596197405886195,0.002051818807691236
prostate,ICL,0.1,100,512,1,0.08,100,0.5740196078431372,0.05302054689387688,0.0329573281516116,0.04106976556273556
prostate,ICL,0.1,100,512,1,0.08,100,0.5740196078431372,0.05302054689387688,0.0329573281516116,0.04106976556273556
prostate,ICL,0.1,100,512,1,0.06,250,0.5740196078431372,0.026026595985212328,0.01860626669620302,0.009383807821999653
prostate,ICL,0.1,100,512,1,0.06,250,0.5740196078431372,0.026026595985212328,0.01860626669620302,0.009383807821999653
prostate,ICL,0.85,100,512,1,0.09,200,0.5740196078431372,0.012195936573161514,0.016169838899098777,0.004969238946871806
prostate,ICL,0.35,100,512,1,0.01,250,0.5740196078431372,0.004877389397581509,0.01580077617998892,0.002127243958717083
prostate,ICL,0.2,100,512,1,0.06,150,0.5735294117647058,0.05729215817132149,0.028352020473739088,0.061598804521352815
prostate,ICL,0.65,100,512,1,0.06,50,0.5735294117647058,0.03214430649167647,0.026962907149952132,0.022781012707381715
prostate,ICL,0.35,100,512,1,0.03,250,0.5735294117647058,0.027642886627199357,0.019119256622331746,0.017741092106776227
prostate,ICL,0.85,100,512,1,0.08,250,0.5735294117647058,0.02547133540542467,0.018142284950148583,0.014313806400947232
prostate,ICL,0.35,100,512,1,0.09,50,0.5735294117647058,0.018209976099026175,0.017793734791854247,0.0083890467463966
prostate,ICL,0.45,100,512,1,0.08,100,0.5735294117647058,0.005800078218725145,0.016649466778565835,0.0022342028541930165
prostate,ICL,0.85,100,512,1,0.02,200,0.5735294117647058,0.009038769075777357,0.015822093425078093,0.003851377641320317
prostate,ICL,0.8,100,512,1,0.06,250,0.5730392156862745,0.027288560117091718,0.0231363012008359,0.026145542854004503
prostate,ICL,0.4,100,512,1,0.03,300,0.5730392156862745,0.021585332212062727,0.017824618408929713,0.011577957674364349
prostate,ICL,0.2,100,512,1,0.02,250,0.5730392156862745,0.004877389397581508,0.01595071258081973,0.0019879589052325744
prostate,ICL,0.6,100,512,1,0.03,250,0.5730392156862745,0.004877389397581509,0.01557312910874328,0.002043594704098141
prostate,ICL,0.75,100,512,1,0.01,300,0.5730392156862745,0.004877389397581508,0.0154920350674719,0.002019739173743756
prostate,ICL,0.85,100,512,1,0.02,300,0.5730392156862745,0.008476282581269912,0.015465847812201677,0.0033834708754268603
prostate,ICL,0.4,100,512,1,0.02,300,0.5730392156862745,0.004877389397581508,0.015373184055830444,0.002127243958717083
prostate,ICL,0.4,100,512,1,0.08,50,0.5725490196078431,0.024293160183066414,0.023648133113654046,0.015796035805996558
prostate,ICL,0.7,100,512,1,0.04,250,0.5725490196078431,0.01994802936213312,0.017452828992977818,0.009254055619887083
prostate,ICL,0.7,100,512,1,0.03,200,0.5725490196078431,0.008433652222590831,0.015515998528316196,0.0033054231012662216
prostate,ICL,0.85,100,512,1,0.02,250,0.5725490196078431,0.011764705882352941,0.015492234826823525,0.004375105063794693
prostate,ICL,0.85,100,512,1,0.02,100,0.5725490196078431,0.008433652222590831,0.015303679623536326,0.003397345856350642
prostate,ICL,0.75,100,512,1,0.01,150,0.5725490196078431,0.0048029210642807785,0.015289043642814614,0.001988901650283876
prostate,ICL,0.5,100,512,1,0.01,100,0.5725490196078431,0.0048029210642807785,0.015113887879422194,0.0020603386709721117
prostate,ICL,0.5,100,512,1,0.01,100,0.5725490196078431,0.0048029210642807785,0.015113887879422194,0.0020603386709721117
prostate,ICL,0.9,100,512,1,0.05,300,0.5720588235294117,0.04527618268124326,0.02283676286643519,0.05038176277331632
prostate,ICL,0.7,100,512,1,0.09,50,0.5720588235294117,0.018413372520581308,0.017268844553328916,0.01034881379216236
prostate,ICL,0.4,100,512,1,0.09,150,0.5720588235294117,0.017337979591987632,0.016574322277447137,0.0076801149981338525
prostate,ICL,0.35,100,512,1,0.05,300,0.5720588235294117,0.014632168192744413,0.01656371656124356,0.0072753046077787846
prostate,ICL,0.95,100,512,1,0.09,150,0.5720588235294117,0.014632168192744415,0.015472498053776058,0.0062657186976519735
prostate,ICL,0.25,100,512,1,0.02,300,0.5720588235294117,0.004676172555965456,0.015145035305239382,0.00201679517387512
prostate,ICL,0.15,100,512,1,0.01,300,0.5720588235294117,0.004676172555965456,0.014995493725276277,0.0020028665417671197
prostate,ICL,0.3,100,512,1,0.02,250,0.5720588235294117,0.004676172555965456,0.014914909658135017,0.0019976715565231317
prostate,ICL,0.8,100,512,1,0.01,150,0.5720588235294117,0.004676172555965456,0.014903605444371956,0.0020059665816383482
prostate,ICL,0.75,100,512,1,0.05,300,0.5715686274509804,0.03947220027293606,0.025316362193229757,0.029216030307969407
prostate,ICL,0.65,100,512,1,0.07,50,0.5715686274509804,0.04902941078450974,0.02493934391037778,0.031209279788399116
prostate,ICL,0.65,100,512,1,0.04,150,0.5715686274509804,0.024034609161041668,0.0238815163765091,0.020738281926331
prostate,ICL,0.8,100,512,1,0.06,150,0.5715686274509804,0.03223388671132077,0.023307133926724777,0.019616059704272753
prostate,ICL,0.4,100,512,1,0.09,300,0.5715686274509804,0.024034609161041668,0.017432188547926768,0.011258491969422595
prostate,ICL,0.6,100,512,1,0.06,250,0.5715686274509804,0.009352345111930858,0.015032372582314945,0.0035705878584400517
prostate,ICL,0.65,100,512,1,0.03,300,0.5715686274509804,0.010784313725490208,0.01498211564695231,0.0045121090480797375
prostate,ICL,0.1,100,512,1,0.06,200,0.571078431372549,0.026283836506773562,0.01789603531338036,0.011238721206121006
prostate,ICL,0.1,100,512,1,0.06,200,0.571078431372549,0.026283836506773562,0.01789603531338036,0.011238721206121006
prostate,ICL,0.95,100,512,1,0.09,200,0.571078431372549,0.01416488556549009,0.015030755511544699,0.006066125497419187
prostate,ICL,0.65,100,512,1,0.03,250,0.571078431372549,0.012352552125837411,0.014965461997831424,0.005016723329291363
prostate,ICL,1.0,100,512,1,0.03,250,0.571078431372549,0.009236001804616084,0.014859793666700835,0.003547610806494158
prostate,ICL,0.3,100,512,1,0.01,200,0.571078431372549,0.0042452225675708105,0.014722200145329933,0.0018309299504741812
prostate,ICL,0.5,100,512,1,0.02,300,0.571078431372549,0.008128982329302472,0.014713051064182345,0.003134129903246758
prostate,ICL,0.5,100,512,1,0.02,300,0.571078431372549,0.008128982329302472,0.014713051064182345,0.003134129903246758
prostate,ICL,0.65,100,512,1,0.03,150,0.571078431372549,0.0042452225675708105,0.014709595961312263,0.0019047656464256334
prostate,ICL,0.5,100,512,1,0.09,50,0.571078431372549,0.006845215707729896,0.014665888340898086,0.0028579062665625805
prostate,ICL,0.5,100,512,1,0.09,50,0.571078431372549,0.006845215707729896,0.014665888340898086,0.0028579062665625805
prostate,ICL,0.65,100,512,1,0.02,250,0.5705882352941176,0.058709038908156326,0.02577312197651877,0.06930315805152838
prostate,ICL,0.8,100,512,1,0.08,250,0.5705882352941176,0.02800560168056018,0.017104794418177253,0.017377123942299375
prostate,ICL,0.45,100,512,1,0.09,150,0.5705882352941176,0.023529411764705885,0.016665826536039936,0.01372176858017824
prostate,ICL,0.25,100,512,1,0.07,50,0.5705882352941176,0.027134024515878527,0.016619059444384316,0.011608834493001825
prostate,ICL,0.6,100,512,1,0.04,250,0.5705882352941176,0.013725490196078436,0.015766057775432933,0.006804413720447025
prostate,ICL,0.7,100,512,1,0.03,50,0.5705882352941176,0.012631469339926602,0.015074448986030048,0.003625938186931697
prostate,ICL,0.25,100,512,1,0.07,300,0.5705882352941176,0.009091782838721299,0.014510865534734987,0.0036622041284427326
prostate,ICL,0.3,100,512,1,0.01,250,0.5705882352941176,0.003921568627451011,0.01451078256537521,0.0016913406396377865
prostate,ICL,1.0,100,512,1,0.08,300,0.5705882352941176,0.009605842128561503,0.014498104582054281,0.003831951001167258
prostate,ICL,0.65,100,512,1,0.04,250,0.5700980392156862,0.030102190427145157,0.022567565771489512,0.02665168499276542
prostate,ICL,0.35,100,512,1,0.05,50,0.5700980392156862,0.0318099109468777,0.019785671567388467,0.013104623959499148
prostate,ICL,0.7,100,512,1,0.09,150,0.5700980392156862,0.013959834182253082,0.015892520321566978,0.006039475768753708
prostate,ICL,0.7,100,512,1,0.02,300,0.5700980392156862,0.006410145505206893,0.014151537277430251,0.002597085680952127
prostate,ICL,0.75,100,512,1,0.07,100,0.5696078431372549,0.024588110203891095,0.023251028097193017,0.015917924530133368
prostate,ICL,0.8,100,512,1,0.05,300,0.5696078431372549,0.033520237249566175,0.022842835566764075,0.025193716585624117
prostate,ICL,0.65,100,512,1,0.04,200,0.5696078431372549,0.0249759592212882,0.021122191085304394,0.021277912272593888
prostate,ICL,0.35,100,512,1,0.09,250,0.5696078431372549,0.019086198366599777,0.01601567326703136,0.00865513538201128
prostate,ICL,0.25,100,512,1,0.09,300,0.5696078431372549,0.015470327292215194,0.015830002947762573,0.006857958685264176
prostate,ICL,0.5,100,512,1,0.04,300,0.5696078431372549,0.018832718345390714,0.015665116841778216,0.00955773234562017
prostate,ICL,0.5,100,512,1,0.04,300,0.5696078431372549,0.018832718345390714,0.015665116841778216,0.00955773234562017
prostate,ICL,0.7,100,512,1,0.05,300,0.5691176470588235,0.01332576197947861,0.014368037278658392,0.005273957474159826
prostate,ICL,0.65,100,512,1,0.02,300,0.5691176470588235,0.011795303348545071,0.014283430811869832,0.004887131927718697
prostate,ICL,0.8,100,512,1,0.03,200,0.5691176470588235,0.008476282581269912,0.013911141937291208,0.0034518139196015006
prostate,ICL,0.35,100,512,1,0.02,300,0.5691176470588235,0.003765267523465018,0.013737371416995367,0.0015514620676817796
prostate,ICL,0.7,100,512,1,0.05,100,0.5686274509803921,0.04406314716518476,0.023807336605038112,0.027195674543896563
prostate,ICL,0.9,100,512,1,0.04,300,0.5686274509803921,0.0554593553871802,0.023414735681144903,0.06059235697025425
prostate,ICL,0.7,100,512,1,0.09,300,0.5686274509803921,0.009803921568627472,0.014703447839958046,0.004825242868524537
prostate,ICL,1.0,100,512,1,0.03,200,0.5686274509803921,0.011600156437450238,0.014179610548772653,0.004308612776534441
prostate,ICL,0.55,100,512,1,0.02,200,0.5686274509803921,0.009803921568627472,0.013999612486611412,0.0038327955744821645
prostate,ICL,0.8,100,512,1,0.03,150,0.5686274509803921,0.009300816647554076,0.013972114052723212,0.0036370448442368413
prostate,ICL,0.55,100,512,1,0.03,100,0.5686274509803921,0.0,0.013939953063731678,1.734723475976807e-18
prostate,ICL,0.6,100,512,1,0.03,100,0.5686274509803921,0.0,0.013939953063731678,1.734723475976807e-18
prostate,ICL,0.55,100,512,1,0.03,150,0.5686274509803921,0.0,0.013939953063731678,1.734723475976807e-18
prostate,ICL,0.6,100,512,1,0.03,150,0.5686274509803921,0.0,0.013939953063731678,1.734723475976807e-18
prostate,ICL,0.75,100,512,1,0.01,100,0.5686274509803921,0.0,0.013820111549707567,8.948888997593014e-05
prostate,ICL,0.7,100,512,1,0.03,300,0.5686274509803921,0.009803921568627472,0.013728500309884447,0.003908776790140605
prostate,ICL,0.3,100,512,1,0.01,150,0.5686274509803921,0.0,0.013665112245556315,0.0
prostate,ICL,0.25,100,512,1,0.02,250,0.5686274509803921,0.0,0.013665112245556315,0.0
prostate,ICL,0.85,100,512,1,0.01,50,0.5686274509803921,0.0,0.013544922571750082,4.2178742449862334e-05
prostate,ICL,0.5,100,512,1,0.01,50,0.5686274509803921,0.0,0.013449019497117307,0.0
prostate,ICL,0.5,100,512,1,0.01,50,0.5686274509803921,0.0,0.013449019497117307,0.0
prostate,ICL,0.4,100,512,1,0.01,100,0.5686274509803921,0.0,0.013449019497117307,0.0
prostate,ICL,0.65,100,512,1,0.01,100,0.5686274509803921,0.0,0.013449019497117307,0.0
prostate,ICL,0.5,100,512,1,0.09,100,0.5686274509803921,0.0,0.013449019497117307,0.0
prostate,ICL,0.5,100,512,1,0.09,100,0.5686274509803921,0.0,0.013449019497117307,0.0
prostate,ICL,0.5,100,512,1,0.01,150,0.5686274509803921,0.0,0.013449019497117307,0.0
prostate,ICL,0.35,100,512,1,0.01,150,0.5686274509803921,0.0,0.013449019497117307,0.0
prostate,ICL,0.4,100,512,1,0.01,150,0.5686274509803921,0.0,0.013449019497117307,0.0
prostate,ICL,0.5,100,512,1,0.01,150,0.5686274509803921,0.0,0.013449019497117307,0.0
prostate,ICL,0.55,100,512,1,0.01,150,0.5686274509803921,0.0,0.013449019497117307,0.0
prostate,ICL,0.7,100,512,1,0.01,150,0.5686274509803921,0.0,0.013449019497117307,0.0
prostate,ICL,0.5,100,512,1,0.01,200,0.5686274509803921,0.0,0.013449019497117307,0.0
prostate,ICL,0.45,100,512,1,0.01,200,0.5686274509803921,0.0,0.013449019497117307,0.0
prostate,ICL,0.5,100,512,1,0.01,200,0.5686274509803921,0.0,0.013449019497117307,0.0
prostate,ICL,0.65,100,512,1,0.01,200,0.5686274509803921,0.0,0.013449019497117307,0.0
prostate,ICL,0.7,100,512,1,0.01,200,0.5686274509803921,0.0,0.013449019497117307,0.0
prostate,ICL,0.85,100,512,1,0.01,200,0.5686274509803921,0.0,0.013449019497117307,0.0
prostate,ICL,0.9,100,512,1,0.01,200,0.5686274509803921,0.0,0.013449019497117307,0.0
prostate,ICL,0.35,100,512,1,0.02,200,0.5686274509803921,0.0,0.013449019497117307,0.0
prostate,ICL,0.4,100,512,1,0.02,200,0.5686274509803921,0.0,0.013449019497117307,0.0
prostate,ICL,0.5,100,512,1,0.09,200,0.5686274509803921,0.0,0.013449019497117307,0.0
prostate,ICL,0.5,100,512,1,0.09,200,0.5686274509803921,0.0,0.013449019497117307,0.0
prostate,ICL,0.5,100,512,1,0.01,250,0.5686274509803921,0.0,0.013449019497117307,0.0
prostate,ICL,0.45,100,512,1,0.01,250,0.5686274509803921,0.0,0.013449019497117307,0.0
prostate,ICL,0.5,100,512,1,0.01,250,0.5686274509803921,0.0,0.013449019497117307,0.0
prostate,ICL,0.65,100,512,1,0.01,250,0.5686274509803921,0.0,0.013449019497117307,0.0
prostate,ICL,0.85,100,512,1,0.01,250,0.5686274509803921,0.0,0.013449019497117307,0.0
prostate,ICL,1.0,100,512,1,0.01,250,0.5686274509803921,0.0,0.013449019497117307,0.0
prostate,ICL,0.35,100,512,1,0.02,250,0.5686274509803921,0.0,0.013449019497117307,0.0
prostate,ICL,0.4,100,512,1,0.02,250,0.5686274509803921,0.0,0.013449019497117307,0.0
prostate,ICL,0.45,100,512,1,0.09,250,0.5686274509803921,0.0,0.013449019497117307,0.0
prostate,ICL,0.5,100,512,1,0.01,300,0.5686274509803921,0.0,0.013449019497117307,0.0
prostate,ICL,0.45,100,512,1,0.01,300,0.5686274509803921,0.0,0.013449019497117307,0.0
prostate,ICL,0.5,100,512,1,0.01,300,0.5686274509803921,0.0,0.013449019497117307,0.0
prostate,ICL,0.6,100,512,1,0.01,300,0.5686274509803921,0.0,0.013449019497117307,0.0
prostate,ICL,0.65,100,512,1,0.01,300,0.5686274509803921,0.0,0.013449019497117307,0.0
prostate,ICL,0.8,100,512,1,0.01,300,0.5686274509803921,0.0,0.013449019497117307,0.0
prostate,ICL,0.85,100,512,1,0.01,300,0.5686274509803921,0.0,0.013449019497117307,0.0
prostate,ICL,0.9,100,512,1,0.01,300,0.5686274509803921,0.0,0.013449019497117307,0.0
prostate,ICL,1.0,100,512,1,0.01,300,0.5686274509803921,0.0,0.013449019497117307,0.0
prostate,ICL,0.3,100,512,1,0.02,300,0.5686274509803921,0.0,0.013449019497117307,0.0
prostate,ICL,0.45,100,512,1,0.09,300,0.5686274509803921,0.0,0.013449019497117307,0.0
prostate,ICL,0.3,100,512,1,0.02,200,0.5686274509803921,0.0,0.013436845728449396,7.96960234479824e-06
prostate,ICL,0.95,100,512,1,0.07,100,0.5681372549019608,0.02948927694646086,0.021118695844819034,0.019432175844083237
prostate,ICL,0.15,100,512,1,0.09,100,0.5681372549019608,0.03168881638998819,0.021020444898207293,0.01850944695724101
prostate,ICL,0.45,100,512,1,0.03,300,0.5681372549019608,0.023091305320223268,0.015474796304792182,0.0120731579346298
prostate,ICL,0.45,100,512,1,0.09,100,0.5681372549019608,0.013325761979478615,0.015137221184640223,0.007381066176845958
prostate,ICL,0.35,100,512,1,0.06,250,0.5681372549019608,0.010034063475715074,0.013707101447659567,0.003784449813697041
prostate,ICL,0.6,100,512,1,0.05,200,0.5681372549019608,0.010950150933180731,0.013623056037893702,0.004357140597271483
prostate,ICL,0.5,100,512,1,0.04,100,0.5676470588235294,0.04088364600390791,0.02407717573084523,0.02802787191815909
prostate,ICL,0.5,100,512,1,0.04,100,0.5676470588235294,0.04088364600390791,0.02407717573084523,0.02802787191815909
prostate,ICL,0.6,100,512,1,0.04,150,0.5676470588235294,0.03294176003217931,0.022977151810834803,0.026625609984262576
prostate,ICL,0.15,100,512,1,0.09,250,0.5676470588235294,0.0154703272922152,0.014528577617979302,0.006967353792683221
prostate,ICL,0.85,100,512,1,0.08,300,0.5676470588235294,0.013116753098293778,0.014401437860151314,0.007138366441458094
prostate,ICL,0.85,100,512,1,0.03,150,0.5676470588235294,0.01023559461657898,0.013724180337885842,0.0038029646417848855
prostate,ICL,0.8,100,512,1,0.03,250,0.5676470588235294,0.013830133313397929,0.013616720883805403,0.0051197333937213355
prostate,ICL,0.75,100,512,1,0.01,250,0.5676470588235294,0.00975477879516296,0.013466849098167987,0.003851588807618288
prostate,ICL,0.55,100,512,1,0.04,250,0.567156862745098,0.022628801740360346,0.015251322605513448,0.010692247871517149
prostate,ICL,0.55,100,512,1,0.04,300,0.567156862745098,0.022628801740360346,0.015251322605513448,0.010692247871517149
prostate,ICL,0.8,100,512,1,0.06,200,0.567156862745098,0.01892817115324296,0.014645719006721545,0.009508957847140434
prostate,ICL,0.6,100,512,1,0.04,200,0.567156862745098,0.010410176755683988,0.013819292749345735,0.004811926667637463
prostate,ICL,0.8,100,512,1,0.09,200,0.567156862745098,0.009441843276597188,0.013120963953857145,0.0037596290830351695
prostate,ICL,0.95,100,512,1,0.07,150,0.5666666666666667,0.041082993803445024,0.02458599691033326,0.02678099250058294
prostate,ICL,0.9,100,512,1,0.06,100,0.5666666666666667,0.0326044885261096,0.020845259312702195,0.023431219820475215
prostate,ICL,0.35,100,512,1,0.09,100,0.5666666666666667,0.019509557590325865,0.014494668867293161,0.008523747111956439
prostate,ICL,0.45,100,512,1,0.02,300,0.5666666666666667,0.014071274602360122,0.013433755326227129,0.005156376622470268
prostate,ICL,0.85,100,512,1,0.05,250,0.5666666666666667,0.013725490196078436,0.013225843204791343,0.005096224141222535
prostate,ICL,0.6,100,512,1,0.03,200,0.5666666666666667,0.003921568627450966,0.013109962112810394,0.0014746708079780388
prostate,ICL,0.75,100,512,1,0.01,200,0.5666666666666667,0.009605842128561503,0.013079749858119435,0.003792782471752364
prostate,ICL,0.35,100,512,1,0.02,150,0.5666666666666667,0.003921568627450966,0.012706291168406398,0.0014506744612277883
prostate,ICL,0.65,100,512,1,0.04,300,0.5661764705882353,0.018308675879395185,0.014376438901629669,0.008265051636710014
prostate,ICL,0.1,100,512,1,0.09,300,0.5661764705882353,0.016072153245838265,0.01422648884917623,0.005675223553024915
prostate,ICL,0.1,100,512,1,0.09,300,0.5661764705882353,0.016072153245838265,0.01422648884917623,0.005675223553024915
prostate,ICL,0.85,100,512,1,0.09,150,0.5661764705882353,0.012735667702712335,0.013355931030807108,0.006098104793849166
prostate,ICL,0.7,100,512,1,0.05,250,0.5661764705882353,0.012352552125837385,0.013258987876602924,0.0050913070062100114
prostate,ICL,0.95,100,512,1,0.03,150,0.5661764705882353,0.007514563586645054,0.013110429462548447,0.0028439683758561735
prostate,ICL,0.95,100,512,1,0.02,300,0.5661764705882353,0.004245222567570763,0.012528782670416377,0.001565790122234719
prostate,ICL,0.9,100,512,1,0.01,50,0.5661764705882353,0.004245222567570763,0.012524956860752922,0.0015704011700557107
prostate,ICL,0.9,100,512,1,0.06,150,0.5656862745098039,0.026141748286222337,0.015232449685873315,0.009787731522017515
prostate,ICL,0.15,100,512,1,0.07,250,0.5656862745098039,0.018627450980392157,0.01437087979484738,0.009406367148205964
prostate,ICL,0.35,100,512,1,0.06,300,0.5656862745098039,0.013899457724272379,0.012853459651290616,0.005134732156507316
prostate,ICL,0.8,100,512,1,0.08,300,0.5656862745098039,0.004492721269564533,0.012398020916355623,0.0016977730570184911
prostate,ICL,0.6,100,512,1,0.01,200,0.5656862745098039,0.004492721269564533,0.012360230703905266,0.0016631523535712638
prostate,ICL,0.85,100,512,1,0.03,50,0.5651960784313725,0.05496101515834363,0.0254503956472521,0.0746253506296747
prostate,ICL,0.7,100,512,1,0.04,150,0.5651960784313725,0.028291576530407987,0.019617512346338954,0.021313466609930495
prostate,ICL,0.15,100,512,1,0.07,200,0.5651960784313725,0.03371679664513264,0.017917537511184984,0.017848567958295848
prostate,ICL,0.65,100,512,1,0.03,100,0.5651960784313725,0.004676172555965403,0.012689275040999537,0.0017043868489068858
prostate,ICL,0.75,100,512,1,0.04,300,0.5651960784313725,0.004676172555965403,0.012573377231993652,0.002028837314824343
prostate,ICL,0.9,100,512,1,0.01,100,0.5651960784313725,0.004676172555965403,0.012178765905036592,0.001731063853180688
prostate,ICL,0.65,100,512,1,0.01,150,0.5651960784313725,0.004676172555965403,0.012178765905036592,0.0017310638531806881
prostate,ICL,0.9,100,512,1,0.01,150,0.5651960784313725,0.004676172555965403,0.012178765905036592,0.001731063853180688
prostate,ICL,0.6,100,512,1,0.01,250,0.5651960784313725,0.004676172555965403,0.012178765905036592,0.001731063853180688
prostate,ICL,0.95,100,512,1,0.08,300,0.5651960784313725,0.004676172555965403,0.012178765905036592,0.001731063853180688
prostate,ICL,0.6,100,512,1,0.04,50,0.5647058823529412,0.02487956380480298,0.017139397872066954,0.012947099423227786
prostate,ICL,0.35,100,512,1,0.09,300,0.5647058823529412,0.015929487067913646,0.013664487881631947,0.007028172390222405
prostate,ICL,0.5,100,512,1,0.03,300,0.5647058823529412,0.010467723776501299,0.012585796576827174,0.00443075446612994
prostate,ICL,0.5,100,512,1,0.03,300,0.5647058823529412,0.010467723776501299,0.012585796576827174,0.00443075446612994
prostate,ICL,0.7,100,512,1,0.03,100,0.5647058823529412,0.004802921064280724,0.012510606752037804,0.0017505845646895528
prostate,ICL,0.75,100,512,1,0.03,200,0.5647058823529412,0.011764705882352951,0.01240928116983178,0.004568340766226138
prostate,ICL,0.95,100,512,1,0.02,200,0.5647058823529412,0.007843137254901931,0.012093731256713045,0.002675794284614491
prostate,ICL,0.15,100,512,1,0.09,300,0.5647058823529412,0.004802921064280724,0.012066756880940074,0.0017869451512949532
prostate,ICL,1.0,100,512,1,0.09,300,0.5647058823529412,0.004802921064280724,0.012066756880940072,0.0017869451512949525
prostate,ICL,0.9,100,512,1,0.06,300,0.5647058823529412,0.004802921064280724,0.012043364300264205,0.001815595094506336
prostate,ICL,0.85,100,512,1,0.01,150,0.5647058823529412,0.004802921064280724,0.01199730110616792,0.00177798465402011
prostate,ICL,0.7,100,512,1,0.09,250,0.5642156862745098,0.014367010676228283,0.013316585430444564,0.006249045076313663
prostate,ICL,0.5,100,512,1,0.03,250,0.5642156862745098,0.010950150933180735,0.012431118803735134,0.004574251050756389
prostate,ICL,0.5,100,512,1,0.03,250,0.5642156862745098,0.010950150933180735,0.012431118803735134,0.004574251050756389
prostate,ICL,0.85,100,512,1,0.09,300,0.5642156862745098,0.004877389397581453,0.011815836307299247,0.0018055519515140944
prostate,ICL,0.45,100,512,1,0.05,100,0.5637254901960784,0.0540995280836133,0.02124717682130542,0.05825111188965625
prostate,ICL,0.55,100,512,1,0.02,150,0.5637254901960784,0.004901960784313708,0.011945722529929325,0.0017789056178000723
prostate,ICL,0.5,100,512,1,0.09,300,0.5637254901960784,0.004901960784313708,0.01167275750351081,0.0018530339837669685
prostate,ICL,0.5,100,512,1,0.09,300,0.5637254901960784,0.004901960784313708,0.01167275750351081,0.0018530339837669685
prostate,ICL,0.8,100,512,1,0.09,150,0.5637254901960784,0.004901960784313708,0.011660744532306335,0.0018561942232664564
prostate,ICL,0.8,100,512,1,0.09,300,0.5637254901960784,0.004901960784313708,0.011634371508430573,0.0018146479886867323
prostate,ICL,0.45,100,512,1,0.09,200,0.5637254901960784,0.004901960784313708,0.011626980871534062,0.001822038625583244
prostate,ICL,0.2,100,512,1,0.08,150,0.5632352941176471,0.037005745784524056,0.021314605910896543,0.021502274311067177
prostate,ICL,0.95,100,512,1,0.09,100,0.5632352941176471,0.026574776800842737,0.015469281979722697,0.012218189895628383
prostate,ICL,0.55,100,512,1,0.02,100,0.5632352941176471,0.004877389397581452,0.011767831968149317,0.0017699887415094622
prostate,ICL,0.9,100,512,1,0.05,250,0.5632352941176471,0.006558376549146891,0.011735959182332669,0.002608743756814118
prostate,ICL,0.95,100,512,1,0.08,250,0.5627450980392157,0.004802921064280724,0.011262573146417414,0.0017852259697283658
prostate,ICL,0.55,100,512,1,0.01,50,0.5622549019607843,0.056513038918983266,0.0215499213718822,0.06226520861219252
prostate,ICL,0.85,100,512,1,0.04,150,0.5622549019607843,0.03538591004563518,0.02034246016193793,0.02114024908682407
prostate,ICL,0.7,100,512,1,0.06,50,0.5622549019607843,0.029942113831520498,0.017943612113900397,0.01625376137856798
prostate,ICL,0.7,100,512,1,0.09,200,0.5622549019607843,0.01918038975148418,0.01304834070205845,0.00711881817082328
prostate,ICL,0.85,100,512,1,0.02,150,0.5622549019607843,0.00993781124152613,0.011494927905149254,0.003948777888292312
prostate,ICL,0.75,100,512,1,0.06,100,0.5617647058823529,0.020353470090222255,0.014786792209117203,0.009547863003343142
prostate,ICL,0.7,100,512,1,0.04,200,0.5617647058823529,0.01583872002098382,0.011949093330072118,0.007472159304939613
prostate,ICL,0.4,100,512,1,0.06,250,0.5617647058823529,0.012820291010413725,0.011460574451821682,0.0049521545363455455
prostate,ICL,0.8,100,512,1,0.03,300,0.5617647058823529,0.014241018672876422,0.01143892469176297,0.005260318526851023
prostate,ICL,0.75,100,512,1,0.03,150,0.5617647058823529,0.008823529411764675,0.011336928302345922,0.0031958392684899944
prostate,ICL,0.4,100,512,1,0.05,300,0.5612745098039216,0.01882633761732501,0.012226320881152004,0.008634361794894765
prostate,ICL,1.0,100,512,1,0.03,150,0.5612745098039216,0.004245222567570763,0.011206097500305096,0.0014540743472527414
prostate,ICL,0.95,100,512,1,0.08,50,0.5607843137254902,0.01950955759032592,0.014669553753302223,0.008394994073914834
prostate,ICL,0.45,100,512,1,0.02,250,0.5607843137254902,0.012245094114506654,0.011199184141561732,0.0043175482788124775
prostate,ICL,0.8,100,512,1,0.09,250,0.5607843137254902,0.003921568627450966,0.010540409269390975,0.0014543199024460267
prostate,ICL,0.4,100,512,1,0.05,150,0.5602941176470588,0.028291576530408,0.015382529361352482,0.019426855773572844
prostate,ICL,0.6,100,512,1,0.01,150,0.5602941176470588,0.003500700210070012,0.010354510088384398,0.0012999668209782342
prostate,ICL,0.5,100,512,1,0.02,200,0.5598039215686275,0.07217044842266565,0.02722925516846585,0.08528788645933424
prostate,ICL,0.5,100,512,1,0.02,200,0.5598039215686275,0.07217044842266565,0.02722925516846585,0.08528788645933424
prostate,ICL,0.1,100,512,1,0.06,100,0.5598039215686275,0.057743350284812645,0.02707969173001378,0.049054717729988165
prostate,ICL,0.1,100,512,1,0.06,100,0.5598039215686275,0.057743350284812645,0.02707969173001378,0.049054717729988165
prostate,ICL,0.75,100,512,1,0.08,50,0.5598039215686275,0.03993218010669863,0.020636851463733483,0.023947190125120605
prostate,ICL,0.35,100,512,1,0.02,100,0.5598039215686275,0.03560592117124486,0.016258717779223747,0.030641044624986007
prostate,ICL,0.55,100,512,1,0.09,300,0.5598039215686275,0.009754778795162905,0.0104922775973195,0.003353675789774358
prostate,ICL,0.55,100,512,1,0.05,300,0.5598039215686275,0.009754778795162906,0.010421359828828988,0.003327977121841392
prostate,ICL,0.6,100,512,1,0.05,250,0.5598039215686275,0.0029411764705882253,0.010173784353205376,0.0010917650603400957
prostate,ICL,0.8,100,512,1,0.05,150,0.5593137254901961,0.04187950254675923,0.019988366275295953,0.02867314723439015
prostate,ICL,0.7,100,512,1,0.07,50,0.5593137254901961,0.02309130532022328,0.015949292237779807,0.01251435442530414
prostate,ICL,0.4,100,512,1,0.06,200,0.5593137254901961,0.010502100630210046,0.010517394830099698,0.0034874245436761894
prostate,ICL,0.85,100,512,1,0.07,50,0.5588235294117647,0.03809678279946164,0.021814297377329126,0.02092342311637617
prostate,ICL,0.45,100,512,1,0.05,150,0.5588235294117647,0.05783482825001031,0.021057784408621813,0.06376146830019906
prostate,ICL,0.4,100,512,1,0.04,50,0.5588235294117647,0.022782254977690684,0.014978691541680033,0.01408852917599631
prostate,ICL,0.45,100,512,1,0.09,50,0.5588235294117647,0.02299223411678154,0.013620297091647221,0.010329637142961616
prostate,ICL,0.4,100,512,1,0.05,250,0.5588235294117647,0.019607843137254905,0.011397115268362668,0.008251599074896494
prostate,ICL,0.85,100,512,1,0.03,100,0.5588235294117647,0.0,0.010366587284496995,1.734723475976807e-18
prostate,ICL,0.65,100,512,1,0.02,200,0.5588235294117647,0.0,0.010166816912129253,1.734723475976807e-18
prostate,ICL,0.85,100,512,1,0.01,100,0.5588235294117647,0.0,0.00981972351974384,1.734723475976807e-18
prostate,ICL,0.5,100,512,1,0.09,250,0.5588235294117647,0.0,0.00981972351974384,1.734723475976807e-18
prostate,ICL,0.5,100,512,1,0.09,250,0.5588235294117647,0.0,0.00981972351974384,1.734723475976807e-18
prostate,ICL,0.6,100,512,1,0.05,300,0.5588235294117647,0.0,0.00981972351974384,1.734723475976807e-18
prostate,ICL,0.95,100,512,1,0.09,250,0.5588235294117647,0.0,0.009814550073916285,7.0502182590208625e-06
prostate,ICL,0.65,100,512,1,0.01,50,0.5588235294117647,0.0,0.009804942245950821,1.734723475976807e-18
prostate,ICL,0.5,100,512,1,0.09,150,0.5588235294117647,0.0,0.009804942245950821,1.734723475976807e-18
prostate,ICL,0.5,100,512,1,0.09,150,0.5588235294117647,0.0,0.009804942245950821,1.734723475976807e-18
prostate,ICL,0.95,100,512,1,0.08,200,0.5588235294117647,0.0,0.009804942245950821,1.734723475976807e-18
prostate,ICL,0.5,100,512,1,0.04,250,0.5583333333333333,0.00954309918329986,0.00993829377707082,0.003243340007269524
prostate,ICL,0.5,100,512,1,0.04,250,0.5583333333333333,0.00954309918329986,0.00993829377707082,0.003243340007269524
prostate,ICL,0.8,100,512,1,0.05,250,0.557843137254902,0.030201807452449738,0.015814704695592926,0.021719741846768288
prostate,ICL,0.6,100,512,1,0.02,200,0.557843137254902,0.01908619836659983,0.01082796707163033,0.006374394069660661
prostate,ICL,0.8,100,512,1,0.03,100,0.557843137254902,0.00871391609540741,0.01013885810463974,0.003014206462060899
prostate,ICL,0.55,100,512,1,0.05,100,0.557843137254902,0.010694815798662459,0.009809501666050257,0.0038965420980324006
prostate,ICL,0.4,100,512,1,0.05,100,0.5573529411764706,0.025989639493748145,0.011529003013965828,0.011708501225324172
prostate,ICL,0.6,100,512,1,0.02,100,0.5573529411764706,0.009441843276597136,0.009929497542940842,0.0031653987631454312
prostate,ICL,0.7,100,512,1,0.02,250,0.5573529411764706,0.009937811241526113,0.009803103773125977,0.0034946376795304025
prostate,ICL,1.0,100,512,1,0.02,300,0.5573529411764706,0.003500700210070012,0.009359009412754197,0.0010967189403621924
prostate,ICL,0.8,100,512,1,0.05,200,0.5568627450980392,0.0389204573358416,0.018512334611013696,0.02513368631531793
prostate,ICL,0.55,100,512,1,0.09,100,0.5568627450980392,0.013370766369593983,0.010514856379576939,0.00416039974732191
prostate,ICL,0.55,100,512,1,0.01,100,0.5568627450980392,0.003921568627450966,0.009193121397947122,0.001225493533773072
prostate,ICL,0.95,100,512,1,0.05,300,0.5563725490196079,0.03640345391761436,0.016056797662970596,0.026762325759689315
prostate,ICL,0.95,100,512,1,0.02,150,0.5563725490196079,0.004245222567570763,0.009039242356334132,0.0013262311121659861
prostate,ICL,0.4,100,512,1,0.06,300,0.5558823529411765,0.010784313725490179,0.009283112047094467,0.004953287061344397
prostate,ICL,0.2,100,512,1,0.08,200,0.5553921568627451,0.030890132851349308,0.015511373475581219,0.016549248867670573
prostate,ICL,0.1,100,512,1,0.08,50,0.5553921568627451,0.01841337252058132,0.014163049819405884,0.008013830662583097
prostate,ICL,0.1,100,512,1,0.08,50,0.5553921568627451,0.01841337252058132,0.014163049819405884,0.008013830662583097
prostate,ICL,0.85,100,512,1,0.09,100,0.5553921568627451,0.00641014550520685,0.008959794722201474,0.0020227338317643406
prostate,ICL,0.65,100,512,1,0.09,50,0.5549019607843138,0.03647269654458486,0.01713665309936465,0.01632158241433381
prostate,ICL,0.6,100,512,1,0.03,50,0.5549019607843138,0.013298686241422093,0.009903105187027476,0.004116766024789427
prostate,ICL,0.6,100,512,1,0.09,200,0.5549019607843138,0.014341900821889996,0.009115259522049888,0.004474739456772895
prostate,ICL,1.0,100,512,1,0.02,100,0.5549019607843138,0.005716619504750289,0.008628111374080209,0.001719560767955023
prostate,ICL,0.2,100,512,1,0.09,250,0.5549019607843138,0.004802921064280724,0.008591152567771456,0.0015046859725688603
prostate,ICL,0.6,100,512,1,0.02,50,0.5544117647058824,0.01711479436283933,0.009561733516495691,0.0056828816177906805
prostate,ICL,0.95,100,512,1,0.03,100,0.5544117647058824,0.004877389397581453,0.008996444854169625,0.001514749450247187
prostate,ICL,0.85,100,512,1,0.05,300,0.5544117647058824,0.004877389397581452,0.00843758119877491,0.001528015828508304
prostate,ICL,0.2,100,512,1,0.09,300,0.5544117647058824,0.004877389397581452,0.00843758119877491,0.001528015828508304
prostate,ICL,0.4,100,512,1,0.05,50,0.553921568627451,0.02267653628670663,0.010635171775064331,0.009746914104623382
prostate,ICL,0.6,100,512,1,0.01,100,0.553921568627451,0.018209976099026172,0.009212383870320057,0.00509980926088058
prostate,ICL,0.55,100,512,1,0.09,250,0.553921568627451,0.004901960784313708,0.00832246525687203,0.0015395614677468983
prostate,ICL,0.55,100,512,1,0.09,150,0.553921568627451,0.005800078218725093,0.008301736796447579,0.0018861133644790104
prostate,ICL,0.1,100,512,1,0.07,100,0.553921568627451,0.004901960784313708,0.008285005942540348,0.001519936303410472
prostate,ICL,0.1,100,512,1,0.07,100,0.553921568627451,0.004901960784313708,0.008285005942540348,0.001519936303410472
prostate,ICL,0.85,100,512,1,0.04,300,0.553921568627451,0.004901960784313708,0.008280933103613953,0.0015387904161298896
prostate,ICL,0.5,100,512,1,0.03,100,0.5534313725490196,0.053830136385088385,0.017242078404708282,0.04969736775458067
prostate,ICL,0.5,100,512,1,0.03,100,0.5534313725490196,0.053830136385088385,0.017242078404708282,0.04969736775458067
prostate,ICL,0.85,100,512,1,0.04,200,0.5534313725490196,0.024307992682779285,0.011206647794413872,0.013658457463186289
prostate,ICL,0.35,100,512,1,0.06,150,0.5534313725490196,0.026393314952885896,0.010275664660851525,0.007419186985440335
prostate,ICL,0.4,100,512,1,0.05,200,0.5534313725490196,0.012583821228424942,0.008519891514666148,0.00431419427351874
prostate,ICL,0.95,100,512,1,0.09,300,0.5534313725490196,0.004877389397581453,0.00815043281416072,0.0015099302553945918
prostate,ICL,0.75,100,512,1,0.03,250,0.5534313725490196,0.004877389397581453,0.008130438460781812,0.0015280158285083038
prostate,ICL,0.5,100,512,1,0.02,50,0.5534313725490195,0.06196473988366643,0.020583090244185434,0.07122627240543893
prostate,ICL,0.5,100,512,1,0.02,50,0.5534313725490195,0.06196473988366643,0.020583090244185434,0.07122627240543893
prostate,ICL,0.75,100,512,1,0.05,250,0.5529411764705883,0.04311496750450202,0.018428549678872717,0.03272990641539978
prostate,ICL,0.55,100,512,1,0.05,250,0.5529411764705883,0.012932260743404827,0.008534077788794104,0.003587098290392631
prostate,ICL,0.5,100,512,1,0.05,300,0.5529411764705883,0.014341900821889995,0.008502671258646895,0.004490143412926143
prostate,ICL,0.5,100,512,1,0.05,300,0.5529411764705883,0.014341900821889995,0.008502671258646895,0.004490143412926143
prostate,ICL,0.6,100,512,1,0.09,250,0.5529411764705883,0.005716619504750287,0.008017420963635231,0.0017066957518744898
prostate,ICL,0.55,100,512,1,0.04,100,0.5524509803921569,0.010410176755683991,0.00859260819061947,0.0030670933178993005
prostate,ICL,0.25,100,512,1,0.04,50,0.5524509803921568,0.030102190427145188,0.012461000083527159,0.013402483231622936
prostate,ICL,0.3,100,512,1,0.06,250,0.5519607843137255,0.027919668364506153,0.01210089853701089,0.014308813760494312
prostate,ICL,0.6,100,512,1,0.02,150,0.5519607843137255,0.013899457724272379,0.008534788538154644,0.004297899029212651
prostate,ICL,0.85,100,512,1,0.04,250,0.5519607843137255,0.012820291010413723,0.008152144505998073,0.0061460554371111364
prostate,ICL,0.15,100,512,1,0.08,50,0.5514705882352942,0.02477794501196102,0.010868742630215582,0.008073384124222725
prostate,ICL,0.55,100,512,1,0.02,50,0.5514705882352942,0.018569310710662545,0.008967770637458041,0.005274062555982238
prostate,ICL,0.3,100,512,1,0.02,150,0.5514705882352942,0.021226112837853868,0.008907624414638843,0.005560880995192194
prostate,ICL,0.9,100,512,1,0.02,300,0.5514705882352942,0.004245222567570763,0.00751153789554901,0.0013326315914685119
prostate,ICL,0.45,100,512,1,0.04,100,0.5509803921568628,0.03304372460069161,0.011134177142031963,0.01014195192159451
prostate,ICL,0.25,100,512,1,0.07,150,0.5509803921568628,0.02623350619658756,0.009462890212683945,0.007679089217590551
prostate,ICL,0.8,100,512,1,0.06,100,0.5504901960784314,0.03875650284635678,0.01787244811655652,0.022499824533636907
prostate,ICL,0.8,100,512,1,0.05,50,0.5504901960784314,0.03684957524441719,0.012410704567168631,0.01290047788738014
prostate,ICL,0.9,100,512,1,0.05,50,0.5504901960784314,0.021762718510218743,0.010653624794605594,0.014335818516708879
prostate,ICL,0.5,100,512,1,0.05,250,0.5504901960784314,0.010410176755683988,0.007524584010743514,0.003063321179368208
prostate,ICL,0.5,100,512,1,0.05,250,0.5504901960784314,0.010410176755683988,0.007524584010743514,0.003063321179368208
prostate,ICL,0.15,100,512,1,0.06,300,0.5504901960784314,0.010410176755683977,0.007499140102190644,0.0021890584603979487
prostate,ICL,0.5,100,512,1,0.04,50,0.55,0.03380576401875815,0.016574262979364613,0.0237686793007067
prostate,ICL,0.5,100,512,1,0.04,50,0.55,0.03380576401875815,0.016574262979364613,0.0237686793007067
prostate,ICL,0.8,100,512,1,0.08,100,0.55,0.014173364994902913,0.00901642003311604,0.00607875118028367
prostate,ICL,0.6,100,512,1,0.09,300,0.55,0.0029411764705882253,0.007081281376353851,0.0009324594488734231
prostate,ICL,0.8,100,512,1,0.06,50,0.5495098039215687,0.04106836883633626,0.014965704230915264,0.030197434189422695
prostate,ICL,0.3,100,512,1,0.06,300,0.5495098039215687,0.016831651679793534,0.008190706829762178,0.006589330107602097
prostate,ICL,0.15,100,512,1,0.06,150,0.5490196078431373,0.04216826111295407,0.01735103440169996,0.02493407694245917
prostate,ICL,0.15,100,512,1,0.07,150,0.5490196078431373,0.032810197118983385,0.011223596317420051,0.009421925579846719
prostate,ICL,1.0,100,512,1,0.06,50,0.5490196078431373,0.0,0.008076693494076283,0.00016957399884062903
prostate,ICL,0.45,100,512,1,0.01,50,0.5490196078431373,0.0,0.006896977723960781,8.673617379884035e-19
prostate,ICL,0.5,100,512,1,0.03,200,0.5490196078431373,0.0,0.00674829613981288,8.673617379884035e-19
prostate,ICL,0.5,100,512,1,0.03,200,0.5490196078431373,0.0,0.00674829613981288,8.673617379884035e-19
prostate,ICL,0.75,100,512,1,0.03,300,0.5490196078431373,0.0,0.00674829613981288,8.673617379884035e-19
prostate,ICL,0.45,100,512,1,0.05,300,0.5490196078431373,0.0,0.00674829613981288,8.673617379884035e-19
prostate,ICL,1.0,100,512,1,0.02,250,0.5490196078431373,0.0,0.006743373377949828,2.461380931527077e-06
prostate,ICL,1.0,100,512,1,0.02,150,0.5490196078431373,0.0,0.006742142687484064,8.673617379884035e-19
prostate,ICL,0.9,100,512,1,0.02,200,0.5490196078431373,0.0,0.006742142687484064,8.673617379884035e-19
prostate,ICL,1.0,100,512,1,0.02,200,0.5490196078431373,0.0,0.006742142687484064,8.673617379884035e-19
prostate,ICL,0.9,100,512,1,0.02,250,0.5490196078431373,0.0,0.006742142687484064,8.673617379884035e-19
prostate,ICL,0.3,100,512,1,0.02,50,0.5490196078431372,0.09038769075777342,0.03395058745599691,0.09870048642090258
prostate,ICL,0.2,100,512,1,0.09,100,0.5490196078431372,0.06848725175126659,0.02223918640326092,0.06287975751646827
prostate,ICL,0.2,100,512,1,0.09,200,0.5485294117647059,0.0021367151684023073,0.006619322395896303,0.0005452508062810007
prostate,ICL,0.9,100,512,1,0.05,100,0.5475490196078432,0.02561714241265476,0.008485084138528155,0.006968470037141039
prostate,ICL,0.6,100,512,1,0.06,50,0.5475490196078432,0.017337979591987657,0.007711834234535008,0.00669948617686833
prostate,ICL,0.8,100,512,1,0.01,50,0.5475490196078432,0.01841337252058134,0.0076064511082665955,0.005343041596711108
prostate,ICL,0.6,100,512,1,0.06,200,0.5465686274509804,0.024583223368862393,0.008015111369279532,0.00622367667541328
prostate,ICL,0.1,100,512,1,0.06,150,0.5460784313725491,0.03947220027293606,0.015887077090072376,0.021807405553269134
prostate,ICL,0.1,100,512,1,0.06,150,0.5460784313725491,0.03947220027293606,0.015887077090072376,0.021807405553269134
prostate,ICL,0.7,100,512,1,0.02,200,0.5460784313725491,0.008823529411764721,0.006366095910676918,0.002504816872288959
prostate,ICL,0.9,100,512,1,0.03,250,0.5460784313725491,0.004492721269564584,0.0060258155973559185,0.0011677294144124672
prostate,ICL,0.45,100,512,1,0.05,250,0.5460784313725491,0.004492721269564584,0.0059966061046971535,0.0011482254950206127
prostate,ICL,0.15,100,512,1,0.06,100,0.5455882352941177,0.02689832336925283,0.010267977818543422,0.01443009643494668
prostate,ICL,0.75,100,512,1,0.06,50,0.5455882352941177,0.02879667282887158,0.009732913614055394,0.00913732925625565
prostate,ICL,0.65,100,512,1,0.05,300,0.5455882352941177,0.00891833597973543,0.00619403690210323,0.0023324833087934194
prostate,ICL,0.2,100,512,1,0.08,100,0.5455882352941176,0.03684957524441718,0.014656812234511532,0.018835404597293624
prostate,ICL,0.1,100,512,1,0.06,50,0.5455882352941175,0.053273737608698545,0.017407197152769158,0.049256742515388904
prostate,ICL,0.1,100,512,1,0.06,50,0.5455882352941175,0.053273737608698545,0.017407197152769158,0.049256742515388904
prostate,ICL,0.9,100,512,1,0.04,250,0.5450980392156863,0.01921168425712296,0.006944401956764018,0.005049009895749468
prostate,ICL,0.15,100,512,1,0.06,250,0.5450980392156863,0.013298686241422098,0.006320649277994074,0.003146206818860831
prostate,ICL,0.2,100,512,1,0.08,50,0.544607843137255,0.061419436452671734,0.02091599102682177,0.05435769991072681
prostate,ICL,0.65,100,512,1,0.04,50,0.5446078431372549,0.037264575627445166,0.012751952160800236,0.018418196707949842
prostate,ICL,0.75,100,512,1,0.07,50,0.5441176470588236,0.01712181293781666,0.007329291527117336,0.0040704189124499265
prostate,ICL,0.9,100,512,1,0.03,200,0.5441176470588236,0.01259336527320112,0.006096902700482085,0.003764461299404821
prostate,ICL,0.1,100,512,1,0.07,300,0.5441176470588236,0.004901960784313764,0.005493046671018402,0.0012552494687944789
prostate,ICL,0.1,100,512,1,0.07,300,0.5441176470588236,0.004901960784313764,0.005493046671018402,0.0012552494687944789
prostate,ICL,0.6,100,512,1,0.05,50,0.5441176470588235,0.016550924525621718,0.006525621532499401,0.0036321716053028643
prostate,ICL,0.5,100,512,1,0.05,50,0.5436274509803922,0.004877389397581508,0.005370197742100713,0.0012465369025639727
prostate,ICL,0.5,100,512,1,0.05,50,0.5436274509803922,0.004877389397581508,0.005370197742100713,0.0012465369025639727
prostate,ICL,0.7,100,512,1,0.05,150,0.5431372549019609,0.022009749333964358,0.006706297146895778,0.005310452208395071
prostate,ICL,0.1,100,512,1,0.07,250,0.5431372549019609,0.0048029210642807785,0.0052449160695814245,0.0012275046871788689
prostate,ICL,0.1,100,512,1,0.07,250,0.5431372549019609,0.0048029210642807785,0.0052449160695814245,0.0012275046871788689
prostate,ICL,0.45,100,512,1,0.05,200,0.5431372549019609,0.0048029210642807785,0.005243611535450875,0.001223555588360752
prostate,ICL,0.55,100,512,1,0.04,50,0.5426470588235295,0.022840191680826943,0.010319505257416386,0.01499685306844533
prostate,ICL,0.9,100,512,1,0.05,150,0.5426470588235295,0.035385910045635204,0.0089208556548209,0.00968486488274666
prostate,ICL,0.2,100,512,1,0.09,50,0.5421568627450981,0.032530705927523634,0.009155467573202675,0.011406984771703429
prostate,ICL,0.6,100,512,1,0.09,150,0.5421568627450981,0.025395752641154134,0.007161425238580316,0.007698882514373764
prostate,ICL,0.9,100,512,1,0.03,50,0.542156862745098,0.08541798533316942,0.030429191683256106,0.12510950827741124
prostate,ICL,0.55,100,512,1,0.09,50,0.5416666666666667,0.029391332772394647,0.009623929388815568,0.01069899103586868
prostate,ICL,0.5,100,512,1,0.02,250,0.5416666666666667,0.03546730385080342,0.008650359866721257,0.008079694273585222
prostate,ICL,0.5,100,512,1,0.02,250,0.5416666666666667,0.03546730385080342,0.008650359866721257,0.008079694273585222
prostate,ICL,0.1,100,512,1,0.07,150,0.5416666666666667,0.013107590154040137,0.005355074688008282,0.003287810535565656
prostate,ICL,0.1,100,512,1,0.07,150,0.5416666666666667,0.013107590154040137,0.005355074688008282,0.003287810535565656
prostate,ICL,0.3,100,512,1,0.02,100,0.540686274509804,0.027777297189229794,0.006998880999362278,0.006012775291436872
prostate,ICL,0.35,100,512,1,0.06,200,0.540686274509804,0.01918038975148417,0.005906764357415771,0.0046300444081688414
prostate,ICL,0.15,100,512,1,0.07,100,0.5401960784313726,0.021004201260420147,0.005983547393123161,0.009195317374592749
prostate,ICL,0.5,100,512,1,0.05,200,0.5401960784313725,0.009249001109859416,0.004893702811920865,0.0025187123242920136
prostate,ICL,0.5,100,512,1,0.05,200,0.5401960784313725,0.009249001109859416,0.004893702811920865,0.0025187123242920136
prostate,ICL,0.9,100,512,1,0.05,200,0.5397058823529413,0.027288560117091732,0.006869990609029218,0.005056465095273079
prostate,ICL,0.9,100,512,1,0.03,150,0.5397058823529413,0.012960102025884601,0.00488873844911916,0.002459452063885001
prostate,ICL,0.15,100,512,1,0.09,50,0.5387254901960785,0.03029316579505956,0.008781966502653728,0.014759299959472512
prostate,ICL,0.9,100,512,1,0.02,100,0.5387254901960785,0.010034063475715067,0.0044494299697332654,0.0015183427805074937
prostate,ICL,0.65,100,512,1,0.05,250,0.5377450980392158,0.01429995308413218,0.004691472976404388,0.0027957463030199446
prostate,ICL,1.0,100,512,1,0.08,100,0.5377450980392157,0.0328504527995422,0.007475478441078936,0.007988596108650822
prostate,ICL,1.0,100,512,1,0.04,50,0.5372549019607843,0.0039215686274509665,0.0038597397088769234,0.0007842768227549168
prostate,ICL,0.8,100,512,1,0.09,50,0.536764705882353,0.023989577065180706,0.006151668814507078,0.007842674804063747
prostate,ICL,0.9,100,512,1,0.03,300,0.536764705882353,0.016072153245838272,0.004523822795874932,0.002607151157515013
prostate,ICL,0.5,100,512,1,0.02,100,0.536764705882353,0.008700117328087686,0.003944848296547296,0.0019486970007571497
prostate,ICL,0.5,100,512,1,0.02,100,0.536764705882353,0.008700117328087686,0.003944848296547296,0.0019486970007571497
prostate,ICL,0.85,100,512,1,0.02,50,0.5362745098039217,0.015219779113980416,0.004393274445571464,0.002998515559603903
prostate,ICL,0.1,100,512,1,0.07,200,0.5362745098039217,0.012439781902401489,0.004097805512909751,0.0029250399261692792
prostate,ICL,0.1,100,512,1,0.07,200,0.5362745098039217,0.012439781902401489,0.004097805512909751,0.0029250399261692792
prostate,ICL,0.9,100,512,1,0.04,200,0.5362745098039216,0.023221018200641222,0.005381195047623634,0.004517056939819316
prostate,ICL,0.65,100,512,1,0.03,50,0.5357843137254903,0.02304964303040933,0.005334746523507511,0.0038712354707990584
prostate,ICL,1.0,100,512,1,0.03,100,0.5357843137254903,0.01967512964744067,0.004923433610281154,0.004070462271760991
prostate,ICL,0.55,100,512,1,0.05,50,0.5348039215686274,0.004877389397581453,0.003371067209648016,0.0009596744050747561
prostate,ICL,0.5,100,512,1,0.02,150,0.5348039215686273,0.015337733183492188,0.004198861343598624,0.0025020138577389853
prostate,ICL,0.5,100,512,1,0.02,150,0.5348039215686273,0.015337733183492188,0.004198861343598624,0.0025020138577389853
prostate,ICL,0.15,100,512,1,0.06,200,0.5343137254901962,0.030925118226642175,0.007503915049269745,0.014496481478579324
prostate,ICL,0.45,100,512,1,0.02,200,0.5343137254901961,0.02547133540542468,0.00533305952147105,0.005441469640300378
prostate,ICL,0.9,100,512,1,0.02,50,0.5338235294117647,0.017937425944639238,0.004159513252663635,0.002931405446359764
prostate,ICL,0.2,100,512,1,0.09,150,0.5333333333333334,0.014341900821889986,0.0037607087489008964,0.0029991589996797956
prostate,ICL,0.1,100,512,1,0.07,50,0.5333333333333334,0.0132986862414221,0.0036642131590864753,0.0026212081735595715
prostate,ICL,0.1,100,512,1,0.07,50,0.5333333333333334,0.0132986862414221,0.0036642131590864753,0.0026212081735595715
prostate,ICL,0.55,100,512,1,0.05,150,0.5333333333333333,0.02449018822901332,0.004881450647765742,0.005784364573967519
prostate,ICL,0.7,100,512,1,0.05,200,0.5333333333333333,0.02265533334959089,0.004856180675225695,0.004754512080636181
prostate,ICL,0.45,100,512,1,0.02,50,0.5333333333333333,0.004802921064280724,0.003083130309563353,0.0009467542236337548
prostate,ICL,0.65,100,512,1,0.05,100,0.5328431372549021,0.01361121899697532,0.0035209056976294893,0.0026842058923322127
prostate,ICL,0.95,100,512,1,0.04,50,0.5328431372549021,0.00836211868099605,0.0032236078375742555,0.0018270755245281653
prostate,ICL,0.65,100,512,1,0.05,200,0.532843137254902,0.0191803897514842,0.00434677967262018,0.003227877881693808
prostate,ICL,0.35,100,512,1,0.06,100,0.532843137254902,0.019429334492751412,0.0042073806398111365,0.0032505491517145907
prostate,ICL,0.65,100,512,1,0.02,150,0.532843137254902,0.01733797959198767,0.004152942428889057,0.0030337528139170672
prostate,ICL,0.8,100,512,1,0.09,100,0.5323529411764706,0.03340534321058986,0.006961991909276646,0.010710926935098154
prostate,ICL,0.95,100,512,1,0.04,300,0.5323529411764706,0.018367641171760023,0.003866913748120885,0.0030198333428371944
prostate,ICL,1.0,100,512,1,0.08,50,0.5323529411764706,0.007657107525398654,0.0036441192267567283,0.0014237594325788503
prostate,ICL,0.5,100,512,1,0.05,150,0.5323529411764706,0.012047260517102431,0.003300133962668493,0.002752744321899532
prostate,ICL,0.5,100,512,1,0.05,150,0.5323529411764706,0.012047260517102431,0.003300133962668493,0.002752744321899532
prostate,ICL,0.75,100,512,1,0.03,50,0.5318627450980391,0.012735667702712335,0.0036466658211687765,0.0020002728269702306
prostate,ICL,0.85,100,512,1,0.09,50,0.531372549019608,0.011846123503524106,0.0035283537199714944,0.002039476312961422
prostate,ICL,0.95,100,512,1,0.04,250,0.5313725490196078,0.015376850138586404,0.0034123487064890447,0.002474406953999878
prostate,ICL,0.2,100,512,1,0.06,200,0.5313725490196077,0.012631469339926581,0.0031323084593984406,0.0022744121008999546
prostate,ICL,1.0,100,512,1,0.04,250,0.5308823529411765,0.016485462471372805,0.003419530209255972,0.0027030440076321813
prostate,ICL,0.95,100,512,1,0.09,50,0.530392156862745,0.023994584804941987,0.0056045703823093184,0.010897893365939042
prostate,ICL,1.0,100,512,1,0.03,50,0.5299019607843137,0.014367010676228278,0.003311308998676595,0.0024778021375180975
prostate,ICL,0.45,100,512,1,0.05,50,0.5299019607843136,0.006558376549146882,0.002570884516512749,0.001006483294320825
prostate,ICL,0.9,100,512,1,0.04,50,0.5294117647058825,0.020564879375885307,0.003735906424969191,0.006055662511407634
prostate,ICL,0.6,100,512,1,0.06,150,0.5294117647058824,0.02941176470588236,0.00495424228352497,0.004947179345166015
prostate,ICL,0.9,100,512,1,0.04,150,0.5294117647058824,0.02192223507352738,0.004022708134399834,0.003457021828726645
prostate,ICL,0.9,100,512,1,0.03,100,0.5294117647058822,0.014541565660971905,0.0030144443144814064,0.0026396353942859723
prostate,ICL,0.45,100,512,1,0.04,50,0.528921568627451,0.00954309918329986,0.002661937158275733,0.0017357845782602212
prostate,ICL,1.0,100,512,1,0.04,300,0.5289215686274509,0.015952098132620586,0.003022089424298235,0.002427759707225362
prostate,ICL,0.45,100,512,1,0.02,150,0.5284313725490196,0.027187107105611855,0.004504635538377806,0.005041777997700683
prostate,ICL,0.9,100,512,1,0.02,150,0.5284313725490195,0.016666666666666653,0.003004901803809753,0.0018109381868754632
prostate,ICL,0.8,100,512,1,0.08,50,0.5284313725490195,0.009754778795162927,0.002872381671369947,0.0015251671624958796
prostate,ICL,1.0,100,512,1,0.04,200,0.5284313725490195,0.014508479006812486,0.0028485837837911327,0.0021648375756488265
prostate,ICL,0.65,100,512,1,0.02,50,0.5279411764705882,0.008918335979735386,0.00233616442811646,0.0014703710389551584
prostate,ICL,0.95,100,512,1,0.02,100,0.5279411764705881,0.016774449639479112,0.002966996578876532,0.002609238362002962
prostate,ICL,0.9,100,512,1,0.04,100,0.5264705882352941,0.01888368655319434,0.003104722260330675,0.002643811226574254
prostate,ICL,0.55,100,512,1,0.05,200,0.5264705882352941,0.01783667195947084,0.0028348691282811984,0.003288901669722362
prostate,ICL,0.7,100,512,1,0.02,100,0.5259803921568628,0.018413372520581357,0.002963634077277232,0.003075020043243714
prostate,ICL,0.7,100,512,1,0.02,150,0.5254901960784314,0.02369224700704821,0.0035418543753610635,0.0034665872734293336
prostate,ICL,0.4,100,512,1,0.06,150,0.5254901960784314,0.004802921064280724,0.0021905920877776986,0.0007527174899506303
prostate,ICL,0.4,100,512,1,0.06,100,0.5254901960784313,0.04209982461487038,0.007353686999779429,0.02736208135729565
prostate,ICL,0.65,100,512,1,0.05,50,0.5245098039215687,0.004901960784313708,0.0016124042946836577,0.0006787817686834327
prostate,ICL,0.6,100,512,1,0.01,50,0.5245098039215685,0.010046030162705468,0.0019616143395134677,0.0016393676129080655
prostate,ICL,0.95,100,512,1,0.04,100,0.5240196078431373,0.007254239503406221,0.0016670037602470333,0.0011792315436299173
prostate,ICL,1.0,100,512,1,0.02,50,0.5230392156862745,0.023666877852104553,0.003063020771913972,0.0033289119577876703
prostate,ICL,0.15,100,512,1,0.07,50,0.5220588235294118,0.004245222567570763,0.0014275487971892344,0.0006009133062194875
prostate,ICL,0.95,100,512,1,0.04,200,0.5220588235294117,0.0169454764876898,0.002145089769164611,0.0024632253759334453
prostate,ICL,0.5,100,512,1,0.05,100,0.5220588235294117,0.013107590154040135,0.0017670423235399586,0.001844941773343091
prostate,ICL,0.5,100,512,1,0.05,100,0.5220588235294117,0.013107590154040135,0.0017670423235399586,0.001844941773343091
prostate,ICL,0.8,100,512,1,0.03,50,0.5215686274509804,0.006649343120711053,0.0015229324650720961,0.00080866694564074
prostate,ICL,0.55,100,512,1,0.03,50,0.5215686274509803,0.018236348272292414,0.0023109610256336925,0.0021469913985845625
prostate,ICL,0.65,100,512,1,0.02,100,0.5215686274509803,0.014408763192842228,0.001914935395260014,0.0020651760413876335
prostate,ICL,0.7,100,512,1,0.05,50,0.5205882352941176,0.00753053504693002,0.001235026628437412,0.0008447759862881277
prostate,ICL,0.95,100,512,1,0.04,150,0.5200980392156862,0.011380575261023436,0.0014538712430692676,0.0010122588352150226
prostate,ICL,0.45,100,512,1,0.02,100,0.5186274509803922,0.00427343033680459,0.001097188086990017,0.0002661000716118841
prostate,ICL,0.15,100,512,1,0.06,50,0.5186274509803921,0.013478163808693669,0.0019498036950950624,0.0031777232176286203
prostate,ICL,0.6,100,512,1,0.06,100,0.5186274509803921,0.008143748885213813,0.0011692624144023645,0.0007710332059290427
prostate,ICL,0.65,100,512,1,0.05,150,0.5176470588235293,0.007964743533956839,0.0011137207451316267,0.0007477624279576314
prostate,ICL,1.0,100,512,1,0.04,100,0.5176470588235293,0.010559146680655903,0.0011111711951775527,0.0013263401697249998
prostate,ICL,0.85,100,512,1,0.05,50,0.5166666666666666,0.021944146358430783,0.0023213756026860405,0.004389155492630747
prostate,ICL,0.7,100,512,1,0.02,50,0.5161764705882352,0.011295802570395025,0.0010741198861412516,0.0010348400213554992
prostate,ICL,0.35,100,512,1,0.06,50,0.5156862745098039,0.010917185025156918,0.0012153302528828073,0.0011921397677589704
prostate,ICL,0.95,100,512,1,0.03,50,0.5156862745098039,0.0048029210642807785,0.0009501840287209825,0.0004958935247408871
prostate,ICL,0.4,100,512,1,0.06,50,0.5122549019607843,0.015462559113321082,0.0012876332988994766,0.0032319274627716577
prostate,ICL,0.95,100,512,1,0.02,50,0.5102941176470588,0.01739332843059822,0.001139079972123466,0.002173296425788763
prostate,ICL,0.4,100,512,1,0.02,50,0.5088235294117647,0.009754778795162955,0.00043279454721089895,0.0005927238012399985
prostate,ICL,0.6,100,512,1,0.09,100,0.503921568627451,0.004802921064280724,0.00013393349645419,0.0001694077268825341
prostate,ICL,1.0,100,512,1,0.04,150,0.5024509803921569,0.004245222567570763,5.592175675774002e-05,9.007995111605922e-05
